[     563ms] [WARNING] Destination image width or height more than source
src: https://cdn1.tenchat.ru/static/vbc-gostinder/user-picture/90585c6b-680e-4f25-b254-55b1f3ea948a.jpeg @ https://cdn2.tenchat.ru/tenchat-main-ssr-nuxt/0TlNRTks.js:13
[     563ms] [WARNING] Destination image width or height more than source
src: https://cdn1.tenchat.ru/static/vbc-gostinder/user-picture/90585c6b-680e-4f25-b254-55b1f3ea948a.jpeg @ https://cdn2.tenchat.ru/tenchat-main-ssr-nuxt/0TlNRTks.js:13
[     564ms] [WARNING] Destination image width or height more than source
src: https://cdn1.tenchat.ru/static/vbc-gostinder/user-picture/90585c6b-680e-4f25-b254-55b1f3ea948a.jpeg @ https://cdn2.tenchat.ru/tenchat-main-ssr-nuxt/0TlNRTks.js:13
[     564ms] [WARNING] Destination image width or height more than source
src: https://cdn1.tenchat.ru/static/vbc-gostinder/user-picture/90585c6b-680e-4f25-b254-55b1f3ea948a.jpeg @ https://cdn2.tenchat.ru/tenchat-main-ssr-nuxt/0TlNRTks.js:13
[     564ms] [WARNING] Destination image width or height more than source
src: https://cdn1.tenchat.ru/static/vbc-gostinder/user-picture/90585c6b-680e-4f25-b254-55b1f3ea948a.jpeg @ https://cdn2.tenchat.ru/tenchat-main-ssr-nuxt/0TlNRTks.js:13
[     564ms] [WARNING] Destination image width or height more than source
src: https://cdn1.tenchat.ru/static/vbc-gostinder/user-picture/90585c6b-680e-4f25-b254-55b1f3ea948a.jpeg @ https://cdn2.tenchat.ru/tenchat-main-ssr-nuxt/0TlNRTks.js:13
[     565ms] [WARNING] Destination image width or height more than source
src: https://cdn1.tenchat.ru/static/vbc-gostinder/user-picture/90585c6b-680e-4f25-b254-55b1f3ea948a.jpeg @ https://cdn2.tenchat.ru/tenchat-main-ssr-nuxt/0TlNRTks.js:13
[     565ms] [WARNING] Destination image width or height more than source
src: https://cdn1.tenchat.ru/static/vbc-gostinder/user-picture/90585c6b-680e-4f25-b254-55b1f3ea948a.jpeg @ https://cdn2.tenchat.ru/tenchat-main-ssr-nuxt/0TlNRTks.js:13
[     565ms] [WARNING] Destination image width or height more than source
src: https://cdn1.tenchat.ru/static/vbc-gostinder/user-picture/90585c6b-680e-4f25-b254-55b1f3ea948a.jpeg @ https://cdn2.tenchat.ru/tenchat-main-ssr-nuxt/0TlNRTks.js:13
[     566ms] [WARNING] Destination image width or height more than source
src: https://cdn1.tenchat.ru/static/vbc-gostinder/user-picture/90585c6b-680e-4f25-b254-55b1f3ea948a.jpeg @ https://cdn2.tenchat.ru/tenchat-main-ssr-nuxt/0TlNRTks.js:13
[     566ms] [WARNING] Destination image width or height more than source
src: https://cdn1.tenchat.ru/static/vbc-gostinder/user-picture/90585c6b-680e-4f25-b254-55b1f3ea948a.jpeg @ https://cdn2.tenchat.ru/tenchat-main-ssr-nuxt/0TlNRTks.js:13
[     566ms] [WARNING] Destination image width or height more than source
src: https://cdn1.tenchat.ru/static/vbc-gostinder/user-picture/90585c6b-680e-4f25-b254-55b1f3ea948a.jpeg @ https://cdn2.tenchat.ru/tenchat-main-ssr-nuxt/0TlNRTks.js:13
[     567ms] [WARNING] Destination image width or height more than source
src: https://cdn1.tenchat.ru/static/vbc-gostinder/user-picture/90585c6b-680e-4f25-b254-55b1f3ea948a.jpeg @ https://cdn2.tenchat.ru/tenchat-main-ssr-nuxt/0TlNRTks.js:13
[     567ms] [WARNING] Destination image width or height more than source
src: https://cdn1.tenchat.ru/static/vbc-gostinder/user-picture/90585c6b-680e-4f25-b254-55b1f3ea948a.jpeg @ https://cdn2.tenchat.ru/tenchat-main-ssr-nuxt/0TlNRTks.js:13
[     567ms] [WARNING] Destination image width or height more than source
src: https://cdn1.tenchat.ru/static/vbc-gostinder/user-picture/90585c6b-680e-4f25-b254-55b1f3ea948a.jpeg @ https://cdn2.tenchat.ru/tenchat-main-ssr-nuxt/0TlNRTks.js:13
[     568ms] [WARNING] Destination image width or height more than source
src: https://cdn1.tenchat.ru/static/vbc-gostinder/user-picture/90585c6b-680e-4f25-b254-55b1f3ea948a.jpeg @ https://cdn2.tenchat.ru/tenchat-main-ssr-nuxt/0TlNRTks.js:13
[     568ms] [WARNING] Destination image width or height more than source
src: https://cdn1.tenchat.ru/static/vbc-gostinder/user-picture/90585c6b-680e-4f25-b254-55b1f3ea948a.jpeg @ https://cdn2.tenchat.ru/tenchat-main-ssr-nuxt/0TlNRTks.js:13
[     568ms] [WARNING] Destination image width or height more than source
src: https://cdn1.tenchat.ru/static/vbc-gostinder/user-picture/90585c6b-680e-4f25-b254-55b1f3ea948a.jpeg @ https://cdn2.tenchat.ru/tenchat-main-ssr-nuxt/0TlNRTks.js:13
[     568ms] [WARNING] Destination image width or height more than source
src: https://cdn1.tenchat.ru/static/vbc-gostinder/user-picture/90585c6b-680e-4f25-b254-55b1f3ea948a.jpeg @ https://cdn2.tenchat.ru/tenchat-main-ssr-nuxt/0TlNRTks.js:13
[     607ms] [ERROR] Hydration completed but contains mismatches. @ https://cdn2.tenchat.ru/tenchat-main-ssr-nuxt/0TlNRTks.js:1
[     908ms] [WARNING] Swiper Loop Warning: The number of slides is not enough for loop mode, it will be disabled or not function properly. You need to add more slides (or make duplicates) or lower the values of slidesPerView and slidesPerGroup parameters @ https://cdn2.tenchat.ru/tenchat-main-ssr-nuxt/COq-9MKS.js:0
[  125826ms] [WARNING] It is recommended that a robustness level be specified. Not specifying the robustness level could result in unexpected behavior. @ https://smartcaptcha.yandexcloud.net/captchapgrd:0
[  125852ms] [WARNING] It is recommended that a robustness level be specified. Not specifying the robustness level could result in unexpected behavior. @ https://smartcaptcha.yandexcloud.net/captchapgrd:0
[  125879ms] [WARNING] It is recommended that a robustness level be specified. Not specifying the robustness level could result in unexpected behavior. @ https://smartcaptcha.yandexcloud.net/captchapgrd:0
[  132570ms] [WARNING] Returning existing promise for: GET:/gostinder/api/web/auth/account:{} Promise @ https://cdn2.tenchat.ru/_nuxt/fVY6jQV9.js:93
[  132570ms] [WARNING] Returning existing promise for: GET:/gostinder/api/web/auth/user/current:{} Promise @ https://cdn2.tenchat.ru/_nuxt/fVY6jQV9.js:93
[  132570ms] [WARNING] Returning existing promise for: GET:/tenchat-cloudpayments/api/web/auth/premium_order/gifts:{} Promise @ https://cdn2.tenchat.ru/_nuxt/fVY6jQV9.js:93
[  132760ms] [ERROR] Failed to load resource: the server responded with a status of 404 () @ https://tenchat.ru/tenchat-cloudpayments/api/web/auth/premium_order/gifts:0
[  132760ms] [ERROR] Failed to load resource: the server responded with a status of 404 () @ https://tenchat.ru/tenchat-billing/api/web/auth/account/balance:0
[  134842ms] [WARNING] It is recommended that a robustness level be specified. Not specifying the robustness level could result in unexpected behavior. @ https://smartcaptcha.yandexcloud.net/captchapgrd:0
[  142199ms] [WARNING] Destination image width or height more than source
src: https://cdn1.tenchat.ru/static/vbc-gostinder/user-picture/8a297dae-a2fa-4062-b9de-ee24b4ccb436.jpg @ https://cdn2.tenchat.ru/_nuxt/fVY6jQV9.js:57
[  142200ms] [WARNING] Destination image width or height more than source
src: https://cdn1.tenchat.ru/static/vbc-gostinder/user-picture/8a297dae-a2fa-4062-b9de-ee24b4ccb436.jpg @ https://cdn2.tenchat.ru/_nuxt/fVY6jQV9.js:57
[  142200ms] [WARNING] Destination image width or height more than source
src: https://cdn1.tenchat.ru/static/vbc-gostinder/user-picture/8a297dae-a2fa-4062-b9de-ee24b4ccb436.jpg @ https://cdn2.tenchat.ru/_nuxt/fVY6jQV9.js:57
[  142200ms] [WARNING] Destination image width or height more than source
src: https://cdn1.tenchat.ru/static/vbc-gostinder/user-picture/8a297dae-a2fa-4062-b9de-ee24b4ccb436.jpg @ https://cdn2.tenchat.ru/_nuxt/fVY6jQV9.js:57
[  142201ms] [WARNING] Destination image width or height more than source
src: https://cdn1.tenchat.ru/static/vbc-gostinder/user-picture/8a297dae-a2fa-4062-b9de-ee24b4ccb436.jpg @ https://cdn2.tenchat.ru/_nuxt/fVY6jQV9.js:57
[  142201ms] [WARNING] Destination image width or height more than source
src: https://cdn1.tenchat.ru/static/vbc-gostinder/user-picture/8a297dae-a2fa-4062-b9de-ee24b4ccb436.jpg @ https://cdn2.tenchat.ru/_nuxt/fVY6jQV9.js:57
[  142201ms] [WARNING] Destination image width or height more than source
src: https://cdn1.tenchat.ru/static/vbc-gostinder/user-picture/8a297dae-a2fa-4062-b9de-ee24b4ccb436.jpg @ https://cdn2.tenchat.ru/_nuxt/fVY6jQV9.js:57
[  142201ms] [WARNING] Destination image width or height more than source
src: https://cdn1.tenchat.ru/static/vbc-gostinder/user-picture/8a297dae-a2fa-4062-b9de-ee24b4ccb436.jpg @ https://cdn2.tenchat.ru/_nuxt/fVY6jQV9.js:57
[  142201ms] [WARNING] Destination image width or height more than source
src: https://cdn1.tenchat.ru/static/vbc-gostinder/user-picture/8a297dae-a2fa-4062-b9de-ee24b4ccb436.jpg @ https://cdn2.tenchat.ru/_nuxt/fVY6jQV9.js:57
[  142202ms] [WARNING] Destination image width or height more than source
src: https://cdn1.tenchat.ru/static/vbc-gostinder/user-picture/8a297dae-a2fa-4062-b9de-ee24b4ccb436.jpg @ https://cdn2.tenchat.ru/_nuxt/fVY6jQV9.js:57
[  142202ms] [WARNING] Destination image width or height more than source
src: https://cdn1.tenchat.ru/static/vbc-gostinder/user-picture/8a297dae-a2fa-4062-b9de-ee24b4ccb436.jpg @ https://cdn2.tenchat.ru/_nuxt/fVY6jQV9.js:57
[  142202ms] [WARNING] Destination image width or height more than source
src: https://cdn1.tenchat.ru/static/vbc-gostinder/user-picture/8a297dae-a2fa-4062-b9de-ee24b4ccb436.jpg @ https://cdn2.tenchat.ru/_nuxt/fVY6jQV9.js:57
[  142202ms] [WARNING] Destination image width or height more than source
src: https://cdn1.tenchat.ru/static/vbc-gostinder/user-picture/8a297dae-a2fa-4062-b9de-ee24b4ccb436.jpg @ https://cdn2.tenchat.ru/_nuxt/fVY6jQV9.js:57
[  142203ms] [WARNING] Destination image width or height more than source
src: https://cdn1.tenchat.ru/static/vbc-gostinder/user-picture/8a297dae-a2fa-4062-b9de-ee24b4ccb436.jpg @ https://cdn2.tenchat.ru/_nuxt/fVY6jQV9.js:57
[  142203ms] [WARNING] Destination image width or height more than source
src: https://cdn1.tenchat.ru/static/vbc-gostinder/user-picture/8a297dae-a2fa-4062-b9de-ee24b4ccb436.jpg @ https://cdn2.tenchat.ru/_nuxt/fVY6jQV9.js:57
[  142203ms] [WARNING] Destination image width or height more than source
src: https://cdn1.tenchat.ru/static/vbc-gostinder/user-picture/8a297dae-a2fa-4062-b9de-ee24b4ccb436.jpg @ https://cdn2.tenchat.ru/_nuxt/fVY6jQV9.js:57
[  142203ms] [WARNING] Destination image width or height more than source
src: https://cdn1.tenchat.ru/static/vbc-gostinder/user-picture/8a297dae-a2fa-4062-b9de-ee24b4ccb436.jpg @ https://cdn2.tenchat.ru/_nuxt/fVY6jQV9.js:57
[  142203ms] [WARNING] Destination image width or height more than source
src: https://cdn1.tenchat.ru/static/vbc-gostinder/user-picture/8a297dae-a2fa-4062-b9de-ee24b4ccb436.jpg @ https://cdn2.tenchat.ru/_nuxt/fVY6jQV9.js:57
[  142204ms] [WARNING] Destination image width or height more than source
src: https://cdn1.tenchat.ru/static/vbc-gostinder/user-picture/8a297dae-a2fa-4062-b9de-ee24b4ccb436.jpg @ https://cdn2.tenchat.ru/_nuxt/fVY6jQV9.js:57
[  142204ms] [WARNING] Destination image width or height more than source
src: https://cdn1.tenchat.ru/static/vbc-gostinder/user-picture/8a297dae-a2fa-4062-b9de-ee24b4ccb436.jpg @ https://cdn2.tenchat.ru/_nuxt/fVY6jQV9.js:57
[  142204ms] [WARNING] Destination image width or height more than source
src: https://cdn1.tenchat.ru/static/vbc-gostinder/user-picture/8a297dae-a2fa-4062-b9de-ee24b4ccb436.jpg @ https://cdn2.tenchat.ru/_nuxt/fVY6jQV9.js:57
[  142204ms] [WARNING] Destination image width or height more than source
src: https://cdn1.tenchat.ru/static/vbc-gostinder/user-picture/8a297dae-a2fa-4062-b9de-ee24b4ccb436.jpg @ https://cdn2.tenchat.ru/_nuxt/fVY6jQV9.js:57
[  142205ms] [WARNING] Destination image width or height more than source
src: https://cdn1.tenchat.ru/static/vbc-gostinder/user-picture/8a297dae-a2fa-4062-b9de-ee24b4ccb436.jpg @ https://cdn2.tenchat.ru/_nuxt/fVY6jQV9.js:57
[  142205ms] [WARNING] Destination image width or height more than source
src: https://cdn1.tenchat.ru/static/vbc-gostinder/user-picture/8a297dae-a2fa-4062-b9de-ee24b4ccb436.jpg @ https://cdn2.tenchat.ru/_nuxt/fVY6jQV9.js:57
[  142205ms] [WARNING] Destination image width or height more than source
src: https://cdn1.tenchat.ru/static/vbc-gostinder/user-picture/8a297dae-a2fa-4062-b9de-ee24b4ccb436.jpg @ https://cdn2.tenchat.ru/_nuxt/fVY6jQV9.js:57
[  142205ms] [WARNING] Destination image width or height more than source
src: https://cdn1.tenchat.ru/static/vbc-gostinder/user-picture/8a297dae-a2fa-4062-b9de-ee24b4ccb436.jpg @ https://cdn2.tenchat.ru/_nuxt/fVY6jQV9.js:57
[  143340ms] [WARNING] Destination image width or height more than source
src: https://cdn1.tenchat.ru/static/vbc-gostinder/user-picture/1b0b9682-607d-4f87-9273-ef07b8579c0e.jpeg @ https://cdn2.tenchat.ru/_nuxt/fVY6jQV9.js:57
[  143340ms] [WARNING] Destination image width or height more than source
src: https://cdn1.tenchat.ru/static/vbc-gostinder/user-picture/1b0b9682-607d-4f87-9273-ef07b8579c0e.jpeg @ https://cdn2.tenchat.ru/_nuxt/fVY6jQV9.js:57
[  143340ms] [WARNING] Destination image width or height more than source
src: https://cdn1.tenchat.ru/static/vbc-gostinder/user-picture/1b0b9682-607d-4f87-9273-ef07b8579c0e.jpeg @ https://cdn2.tenchat.ru/_nuxt/fVY6jQV9.js:57
[  143340ms] [WARNING] Destination image width or height more than source
src: https://cdn1.tenchat.ru/static/vbc-gostinder/user-picture/1b0b9682-607d-4f87-9273-ef07b8579c0e.jpeg @ https://cdn2.tenchat.ru/_nuxt/fVY6jQV9.js:57
[  143341ms] [WARNING] Destination image width or height more than source
src: https://cdn1.tenchat.ru/static/vbc-gostinder/user-picture/1b0b9682-607d-4f87-9273-ef07b8579c0e.jpeg @ https://cdn2.tenchat.ru/_nuxt/fVY6jQV9.js:57
[  143341ms] [WARNING] Destination image width or height more than source
src: https://cdn1.tenchat.ru/static/vbc-gostinder/user-picture/1b0b9682-607d-4f87-9273-ef07b8579c0e.jpeg @ https://cdn2.tenchat.ru/_nuxt/fVY6jQV9.js:57
[  143341ms] [WARNING] Destination image width or height more than source
src: https://cdn1.tenchat.ru/static/vbc-gostinder/user-picture/1b0b9682-607d-4f87-9273-ef07b8579c0e.jpeg @ https://cdn2.tenchat.ru/_nuxt/fVY6jQV9.js:57
[  143341ms] [WARNING] Destination image width or height more than source
src: https://cdn1.tenchat.ru/static/vbc-gostinder/user-picture/1b0b9682-607d-4f87-9273-ef07b8579c0e.jpeg @ https://cdn2.tenchat.ru/_nuxt/fVY6jQV9.js:57
[  143341ms] [WARNING] Destination image width or height more than source
src: https://cdn1.tenchat.ru/static/vbc-gostinder/user-picture/1b0b9682-607d-4f87-9273-ef07b8579c0e.jpeg @ https://cdn2.tenchat.ru/_nuxt/fVY6jQV9.js:57
[  143342ms] [WARNING] Destination image width or height more than source
src: https://cdn1.tenchat.ru/static/vbc-gostinder/user-picture/1b0b9682-607d-4f87-9273-ef07b8579c0e.jpeg @ https://cdn2.tenchat.ru/_nuxt/fVY6jQV9.js:57
[  143342ms] [WARNING] Destination image width or height more than source
src: https://cdn1.tenchat.ru/static/vbc-gostinder/user-picture/1b0b9682-607d-4f87-9273-ef07b8579c0e.jpeg @ https://cdn2.tenchat.ru/_nuxt/fVY6jQV9.js:57
[  143342ms] [WARNING] Destination image width or height more than source
src: https://cdn1.tenchat.ru/static/vbc-gostinder/user-picture/1b0b9682-607d-4f87-9273-ef07b8579c0e.jpeg @ https://cdn2.tenchat.ru/_nuxt/fVY6jQV9.js:57
[  143342ms] [WARNING] Destination image width or height more than source
src: https://cdn1.tenchat.ru/static/vbc-gostinder/user-picture/1b0b9682-607d-4f87-9273-ef07b8579c0e.jpeg @ https://cdn2.tenchat.ru/_nuxt/fVY6jQV9.js:57
[  143343ms] [WARNING] Destination image width or height more than source
src: https://cdn1.tenchat.ru/static/vbc-gostinder/user-picture/1b0b9682-607d-4f87-9273-ef07b8579c0e.jpeg @ https://cdn2.tenchat.ru/_nuxt/fVY6jQV9.js:57
[  143343ms] [WARNING] Destination image width or height more than source
src: https://cdn1.tenchat.ru/static/vbc-gostinder/user-picture/1b0b9682-607d-4f87-9273-ef07b8579c0e.jpeg @ https://cdn2.tenchat.ru/_nuxt/fVY6jQV9.js:57
[  143343ms] [WARNING] Destination image width or height more than source
src: https://cdn1.tenchat.ru/static/vbc-gostinder/user-picture/1b0b9682-607d-4f87-9273-ef07b8579c0e.jpeg @ https://cdn2.tenchat.ru/_nuxt/fVY6jQV9.js:57
[  143343ms] [WARNING] Destination image width or height more than source
src: https://cdn1.tenchat.ru/static/vbc-gostinder/user-picture/1b0b9682-607d-4f87-9273-ef07b8579c0e.jpeg @ https://cdn2.tenchat.ru/_nuxt/fVY6jQV9.js:57
[  143343ms] [WARNING] Destination image width or height more than source
src: https://cdn1.tenchat.ru/static/vbc-gostinder/user-picture/1b0b9682-607d-4f87-9273-ef07b8579c0e.jpeg @ https://cdn2.tenchat.ru/_nuxt/fVY6jQV9.js:57
[  143344ms] [WARNING] Destination image width or height more than source
src: https://cdn1.tenchat.ru/static/vbc-gostinder/user-picture/1b0b9682-607d-4f87-9273-ef07b8579c0e.jpeg @ https://cdn2.tenchat.ru/_nuxt/fVY6jQV9.js:57
[  143344ms] [WARNING] Destination image width or height more than source
src: https://cdn1.tenchat.ru/static/vbc-gostinder/user-picture/1b0b9682-607d-4f87-9273-ef07b8579c0e.jpeg @ https://cdn2.tenchat.ru/_nuxt/fVY6jQV9.js:57
[  143344ms] [WARNING] Destination image width or height more than source
src: https://cdn1.tenchat.ru/static/vbc-gostinder/user-picture/1b0b9682-607d-4f87-9273-ef07b8579c0e.jpeg @ https://cdn2.tenchat.ru/_nuxt/fVY6jQV9.js:57
[  143345ms] [WARNING] Destination image width or height more than source
src: https://cdn1.tenchat.ru/static/vbc-gostinder/user-picture/1b0b9682-607d-4f87-9273-ef07b8579c0e.jpeg @ https://cdn2.tenchat.ru/_nuxt/fVY6jQV9.js:57
[  143345ms] [WARNING] Destination image width or height more than source
src: https://cdn1.tenchat.ru/static/vbc-gostinder/user-picture/1b0b9682-607d-4f87-9273-ef07b8579c0e.jpeg @ https://cdn2.tenchat.ru/_nuxt/fVY6jQV9.js:57
[  143345ms] [WARNING] Destination image width or height more than source
src: https://cdn1.tenchat.ru/static/vbc-gostinder/user-picture/1b0b9682-607d-4f87-9273-ef07b8579c0e.jpeg @ https://cdn2.tenchat.ru/_nuxt/fVY6jQV9.js:57
[  143345ms] [WARNING] Destination image width or height more than source
src: https://cdn1.tenchat.ru/static/vbc-gostinder/user-picture/1b0b9682-607d-4f87-9273-ef07b8579c0e.jpeg @ https://cdn2.tenchat.ru/_nuxt/fVY6jQV9.js:57
[  143345ms] [WARNING] Destination image width or height more than source
src: https://cdn1.tenchat.ru/static/vbc-gostinder/user-picture/1b0b9682-607d-4f87-9273-ef07b8579c0e.jpeg @ https://cdn2.tenchat.ru/_nuxt/fVY6jQV9.js:57
[  143420ms] [WARNING] Destination image width or height more than source
src: https://cdn1.tenchat.ru/static/vbc-gostinder/user-picture/bb054bd3-9e83-4e73-9230-348de41760d1.jpeg @ https://cdn2.tenchat.ru/_nuxt/fVY6jQV9.js:57
[  143421ms] [WARNING] Destination image width or height more than source
src: https://cdn1.tenchat.ru/static/vbc-gostinder/user-picture/bb054bd3-9e83-4e73-9230-348de41760d1.jpeg @ https://cdn2.tenchat.ru/_nuxt/fVY6jQV9.js:57
[  143421ms] [WARNING] Destination image width or height more than source
src: https://cdn1.tenchat.ru/static/vbc-gostinder/user-picture/bb054bd3-9e83-4e73-9230-348de41760d1.jpeg @ https://cdn2.tenchat.ru/_nuxt/fVY6jQV9.js:57
[  143421ms] [WARNING] Destination image width or height more than source
src: https://cdn1.tenchat.ru/static/vbc-gostinder/user-picture/bb054bd3-9e83-4e73-9230-348de41760d1.jpeg @ https://cdn2.tenchat.ru/_nuxt/fVY6jQV9.js:57
[  143421ms] [WARNING] Destination image width or height more than source
src: https://cdn1.tenchat.ru/static/vbc-gostinder/user-picture/bb054bd3-9e83-4e73-9230-348de41760d1.jpeg @ https://cdn2.tenchat.ru/_nuxt/fVY6jQV9.js:57
[  143422ms] [WARNING] Destination image width or height more than source
src: https://cdn1.tenchat.ru/static/vbc-gostinder/user-picture/bb054bd3-9e83-4e73-9230-348de41760d1.jpeg @ https://cdn2.tenchat.ru/_nuxt/fVY6jQV9.js:57
[  143422ms] [WARNING] Destination image width or height more than source
src: https://cdn1.tenchat.ru/static/vbc-gostinder/user-picture/bb054bd3-9e83-4e73-9230-348de41760d1.jpeg @ https://cdn2.tenchat.ru/_nuxt/fVY6jQV9.js:57
[  143422ms] [WARNING] Destination image width or height more than source
src: https://cdn1.tenchat.ru/static/vbc-gostinder/user-picture/bb054bd3-9e83-4e73-9230-348de41760d1.jpeg @ https://cdn2.tenchat.ru/_nuxt/fVY6jQV9.js:57
[  143422ms] [WARNING] Destination image width or height more than source
src: https://cdn1.tenchat.ru/static/vbc-gostinder/user-picture/bb054bd3-9e83-4e73-9230-348de41760d1.jpeg @ https://cdn2.tenchat.ru/_nuxt/fVY6jQV9.js:57
[  143422ms] [WARNING] Destination image width or height more than source
src: https://cdn1.tenchat.ru/static/vbc-gostinder/user-picture/bb054bd3-9e83-4e73-9230-348de41760d1.jpeg @ https://cdn2.tenchat.ru/_nuxt/fVY6jQV9.js:57
[  143423ms] [WARNING] Destination image width or height more than source
src: https://cdn1.tenchat.ru/static/vbc-gostinder/user-picture/bb054bd3-9e83-4e73-9230-348de41760d1.jpeg @ https://cdn2.tenchat.ru/_nuxt/fVY6jQV9.js:57
[  143423ms] [WARNING] Destination image width or height more than source
src: https://cdn1.tenchat.ru/static/vbc-gostinder/user-picture/bb054bd3-9e83-4e73-9230-348de41760d1.jpeg @ https://cdn2.tenchat.ru/_nuxt/fVY6jQV9.js:57
[  143423ms] [WARNING] Destination image width or height more than source
src: https://cdn1.tenchat.ru/static/vbc-gostinder/user-picture/bb054bd3-9e83-4e73-9230-348de41760d1.jpeg @ https://cdn2.tenchat.ru/_nuxt/fVY6jQV9.js:57
[  143423ms] [WARNING] Destination image width or height more than source
src: https://cdn1.tenchat.ru/static/vbc-gostinder/user-picture/bb054bd3-9e83-4e73-9230-348de41760d1.jpeg @ https://cdn2.tenchat.ru/_nuxt/fVY6jQV9.js:57
[  143424ms] [WARNING] Destination image width or height more than source
src: https://cdn1.tenchat.ru/static/vbc-gostinder/user-picture/bb054bd3-9e83-4e73-9230-348de41760d1.jpeg @ https://cdn2.tenchat.ru/_nuxt/fVY6jQV9.js:57
[  143424ms] [WARNING] Destination image width or height more than source
src: https://cdn1.tenchat.ru/static/vbc-gostinder/user-picture/bb054bd3-9e83-4e73-9230-348de41760d1.jpeg @ https://cdn2.tenchat.ru/_nuxt/fVY6jQV9.js:57
[  143424ms] [WARNING] Destination image width or height more than source
src: https://cdn1.tenchat.ru/static/vbc-gostinder/user-picture/bb054bd3-9e83-4e73-9230-348de41760d1.jpeg @ https://cdn2.tenchat.ru/_nuxt/fVY6jQV9.js:57
[  143424ms] [WARNING] Destination image width or height more than source
src: https://cdn1.tenchat.ru/static/vbc-gostinder/user-picture/bb054bd3-9e83-4e73-9230-348de41760d1.jpeg @ https://cdn2.tenchat.ru/_nuxt/fVY6jQV9.js:57
[  143425ms] [WARNING] Destination image width or height more than source
src: https://cdn1.tenchat.ru/static/vbc-gostinder/user-picture/bb054bd3-9e83-4e73-9230-348de41760d1.jpeg @ https://cdn2.tenchat.ru/_nuxt/fVY6jQV9.js:57
[  143425ms] [WARNING] Destination image width or height more than source
src: https://cdn1.tenchat.ru/static/vbc-gostinder/user-picture/bb054bd3-9e83-4e73-9230-348de41760d1.jpeg @ https://cdn2.tenchat.ru/_nuxt/fVY6jQV9.js:57
[  143425ms] [WARNING] Destination image width or height more than source
src: https://cdn1.tenchat.ru/static/vbc-gostinder/user-picture/bb054bd3-9e83-4e73-9230-348de41760d1.jpeg @ https://cdn2.tenchat.ru/_nuxt/fVY6jQV9.js:57
[  143425ms] [WARNING] Destination image width or height more than source
src: https://cdn1.tenchat.ru/static/vbc-gostinder/user-picture/bb054bd3-9e83-4e73-9230-348de41760d1.jpeg @ https://cdn2.tenchat.ru/_nuxt/fVY6jQV9.js:57
[  143426ms] [WARNING] Destination image width or height more than source
src: https://cdn1.tenchat.ru/static/vbc-gostinder/user-picture/bb054bd3-9e83-4e73-9230-348de41760d1.jpeg @ https://cdn2.tenchat.ru/_nuxt/fVY6jQV9.js:57
[  143426ms] [WARNING] Destination image width or height more than source
src: https://cdn1.tenchat.ru/static/vbc-gostinder/user-picture/bb054bd3-9e83-4e73-9230-348de41760d1.jpeg @ https://cdn2.tenchat.ru/_nuxt/fVY6jQV9.js:57
[  143426ms] [WARNING] Destination image width or height more than source
src: https://cdn1.tenchat.ru/static/vbc-gostinder/user-picture/bb054bd3-9e83-4e73-9230-348de41760d1.jpeg @ https://cdn2.tenchat.ru/_nuxt/fVY6jQV9.js:57
[  143426ms] [WARNING] Destination image width or height more than source
src: https://cdn1.tenchat.ru/static/vbc-gostinder/user-picture/bb054bd3-9e83-4e73-9230-348de41760d1.jpeg @ https://cdn2.tenchat.ru/_nuxt/fVY6jQV9.js:57
[  143431ms] [WARNING] Destination image width or height more than source
src: https://cdn1.tenchat.ru/static/vbc-gostinder/user-picture/c6f538f6-0f5b-4fe1-a3c1-06623f454157.jpg @ https://cdn2.tenchat.ru/_nuxt/fVY6jQV9.js:57
[  143431ms] [WARNING] Destination image width or height more than source
src: https://cdn1.tenchat.ru/static/vbc-gostinder/user-picture/c6f538f6-0f5b-4fe1-a3c1-06623f454157.jpg @ https://cdn2.tenchat.ru/_nuxt/fVY6jQV9.js:57
[  143432ms] [WARNING] Destination image width or height more than source
src: https://cdn1.tenchat.ru/static/vbc-gostinder/user-picture/c6f538f6-0f5b-4fe1-a3c1-06623f454157.jpg @ https://cdn2.tenchat.ru/_nuxt/fVY6jQV9.js:57
[  143432ms] [WARNING] Destination image width or height more than source
src: https://cdn1.tenchat.ru/static/vbc-gostinder/user-picture/c6f538f6-0f5b-4fe1-a3c1-06623f454157.jpg @ https://cdn2.tenchat.ru/_nuxt/fVY6jQV9.js:57
[  143432ms] [WARNING] Destination image width or height more than source
src: https://cdn1.tenchat.ru/static/vbc-gostinder/user-picture/c6f538f6-0f5b-4fe1-a3c1-06623f454157.jpg @ https://cdn2.tenchat.ru/_nuxt/fVY6jQV9.js:57
[  143432ms] [WARNING] Destination image width or height more than source
src: https://cdn1.tenchat.ru/static/vbc-gostinder/user-picture/c6f538f6-0f5b-4fe1-a3c1-06623f454157.jpg @ https://cdn2.tenchat.ru/_nuxt/fVY6jQV9.js:57
[  143432ms] [WARNING] Destination image width or height more than source
src: https://cdn1.tenchat.ru/static/vbc-gostinder/user-picture/c6f538f6-0f5b-4fe1-a3c1-06623f454157.jpg @ https://cdn2.tenchat.ru/_nuxt/fVY6jQV9.js:57
[  143433ms] [WARNING] Destination image width or height more than source
src: https://cdn1.tenchat.ru/static/vbc-gostinder/user-picture/c6f538f6-0f5b-4fe1-a3c1-06623f454157.jpg @ https://cdn2.tenchat.ru/_nuxt/fVY6jQV9.js:57
[  143433ms] [WARNING] Destination image width or height more than source
src: https://cdn1.tenchat.ru/static/vbc-gostinder/user-picture/c6f538f6-0f5b-4fe1-a3c1-06623f454157.jpg @ https://cdn2.tenchat.ru/_nuxt/fVY6jQV9.js:57
[  143433ms] [WARNING] Destination image width or height more than source
src: https://cdn1.tenchat.ru/static/vbc-gostinder/user-picture/c6f538f6-0f5b-4fe1-a3c1-06623f454157.jpg @ https://cdn2.tenchat.ru/_nuxt/fVY6jQV9.js:57
[  143433ms] [WARNING] Destination image width or height more than source
src: https://cdn1.tenchat.ru/static/vbc-gostinder/user-picture/c6f538f6-0f5b-4fe1-a3c1-06623f454157.jpg @ https://cdn2.tenchat.ru/_nuxt/fVY6jQV9.js:57
[  143434ms] [WARNING] Destination image width or height more than source
src: https://cdn1.tenchat.ru/static/vbc-gostinder/user-picture/c6f538f6-0f5b-4fe1-a3c1-06623f454157.jpg @ https://cdn2.tenchat.ru/_nuxt/fVY6jQV9.js:57
[  143434ms] [WARNING] Destination image width or height more than source
src: https://cdn1.tenchat.ru/static/vbc-gostinder/user-picture/c6f538f6-0f5b-4fe1-a3c1-06623f454157.jpg @ https://cdn2.tenchat.ru/_nuxt/fVY6jQV9.js:57
[  143434ms] [WARNING] Destination image width or height more than source
src: https://cdn1.tenchat.ru/static/vbc-gostinder/user-picture/c6f538f6-0f5b-4fe1-a3c1-06623f454157.jpg @ https://cdn2.tenchat.ru/_nuxt/fVY6jQV9.js:57
[  143434ms] [WARNING] Destination image width or height more than source
src: https://cdn1.tenchat.ru/static/vbc-gostinder/user-picture/c6f538f6-0f5b-4fe1-a3c1-06623f454157.jpg @ https://cdn2.tenchat.ru/_nuxt/fVY6jQV9.js:57
[  143434ms] [WARNING] Destination image width or height more than source
src: https://cdn1.tenchat.ru/static/vbc-gostinder/user-picture/c6f538f6-0f5b-4fe1-a3c1-06623f454157.jpg @ https://cdn2.tenchat.ru/_nuxt/fVY6jQV9.js:57
[  143435ms] [WARNING] Destination image width or height more than source
src: https://cdn1.tenchat.ru/static/vbc-gostinder/user-picture/c6f538f6-0f5b-4fe1-a3c1-06623f454157.jpg @ https://cdn2.tenchat.ru/_nuxt/fVY6jQV9.js:57
[  143435ms] [WARNING] Destination image width or height more than source
src: https://cdn1.tenchat.ru/static/vbc-gostinder/user-picture/c6f538f6-0f5b-4fe1-a3c1-06623f454157.jpg @ https://cdn2.tenchat.ru/_nuxt/fVY6jQV9.js:57
[  143435ms] [WARNING] Destination image width or height more than source
src: https://cdn1.tenchat.ru/static/vbc-gostinder/user-picture/c6f538f6-0f5b-4fe1-a3c1-06623f454157.jpg @ https://cdn2.tenchat.ru/_nuxt/fVY6jQV9.js:57
[  143435ms] [WARNING] Destination image width or height more than source
src: https://cdn1.tenchat.ru/static/vbc-gostinder/user-picture/c6f538f6-0f5b-4fe1-a3c1-06623f454157.jpg @ https://cdn2.tenchat.ru/_nuxt/fVY6jQV9.js:57
[  143436ms] [WARNING] Destination image width or height more than source
src: https://cdn1.tenchat.ru/static/vbc-gostinder/user-picture/c6f538f6-0f5b-4fe1-a3c1-06623f454157.jpg @ https://cdn2.tenchat.ru/_nuxt/fVY6jQV9.js:57
[  143436ms] [WARNING] Destination image width or height more than source
src: https://cdn1.tenchat.ru/static/vbc-gostinder/user-picture/c6f538f6-0f5b-4fe1-a3c1-06623f454157.jpg @ https://cdn2.tenchat.ru/_nuxt/fVY6jQV9.js:57
[  143436ms] [WARNING] Destination image width or height more than source
src: https://cdn1.tenchat.ru/static/vbc-gostinder/user-picture/c6f538f6-0f5b-4fe1-a3c1-06623f454157.jpg @ https://cdn2.tenchat.ru/_nuxt/fVY6jQV9.js:57
[  143436ms] [WARNING] Destination image width or height more than source
src: https://cdn1.tenchat.ru/static/vbc-gostinder/user-picture/c6f538f6-0f5b-4fe1-a3c1-06623f454157.jpg @ https://cdn2.tenchat.ru/_nuxt/fVY6jQV9.js:57
[  143436ms] [WARNING] Destination image width or height more than source
src: https://cdn1.tenchat.ru/static/vbc-gostinder/user-picture/c6f538f6-0f5b-4fe1-a3c1-06623f454157.jpg @ https://cdn2.tenchat.ru/_nuxt/fVY6jQV9.js:57
[  143437ms] [WARNING] Destination image width or height more than source
src: https://cdn1.tenchat.ru/static/vbc-gostinder/user-picture/c6f538f6-0f5b-4fe1-a3c1-06623f454157.jpg @ https://cdn2.tenchat.ru/_nuxt/fVY6jQV9.js:57
[  143445ms] [WARNING] Destination image width or height more than source
src: https://cdn1.tenchat.ru/static/vbc-gostinder/user-picture/30ae3f93-1798-419a-b693-70f654c69ef0.jpeg @ https://cdn2.tenchat.ru/_nuxt/fVY6jQV9.js:57
[  143445ms] [WARNING] Destination image width or height more than source
src: https://cdn1.tenchat.ru/static/vbc-gostinder/user-picture/30ae3f93-1798-419a-b693-70f654c69ef0.jpeg @ https://cdn2.tenchat.ru/_nuxt/fVY6jQV9.js:57
[  143446ms] [WARNING] Destination image width or height more than source
src: https://cdn1.tenchat.ru/static/vbc-gostinder/user-picture/30ae3f93-1798-419a-b693-70f654c69ef0.jpeg @ https://cdn2.tenchat.ru/_nuxt/fVY6jQV9.js:57
[  143446ms] [WARNING] Destination image width or height more than source
src: https://cdn1.tenchat.ru/static/vbc-gostinder/user-picture/30ae3f93-1798-419a-b693-70f654c69ef0.jpeg @ https://cdn2.tenchat.ru/_nuxt/fVY6jQV9.js:57
[  143446ms] [WARNING] Destination image width or height more than source
src: https://cdn1.tenchat.ru/static/vbc-gostinder/user-picture/30ae3f93-1798-419a-b693-70f654c69ef0.jpeg @ https://cdn2.tenchat.ru/_nuxt/fVY6jQV9.js:57
[  143446ms] [WARNING] Destination image width or height more than source
src: https://cdn1.tenchat.ru/static/vbc-gostinder/user-picture/30ae3f93-1798-419a-b693-70f654c69ef0.jpeg @ https://cdn2.tenchat.ru/_nuxt/fVY6jQV9.js:57
[  143446ms] [WARNING] Destination image width or height more than source
src: https://cdn1.tenchat.ru/static/vbc-gostinder/user-picture/30ae3f93-1798-419a-b693-70f654c69ef0.jpeg @ https://cdn2.tenchat.ru/_nuxt/fVY6jQV9.js:57
[  143447ms] [WARNING] Destination image width or height more than source
src: https://cdn1.tenchat.ru/static/vbc-gostinder/user-picture/30ae3f93-1798-419a-b693-70f654c69ef0.jpeg @ https://cdn2.tenchat.ru/_nuxt/fVY6jQV9.js:57
[  143447ms] [WARNING] Destination image width or height more than source
src: https://cdn1.tenchat.ru/static/vbc-gostinder/user-picture/30ae3f93-1798-419a-b693-70f654c69ef0.jpeg @ https://cdn2.tenchat.ru/_nuxt/fVY6jQV9.js:57
[  143447ms] [WARNING] Destination image width or height more than source
src: https://cdn1.tenchat.ru/static/vbc-gostinder/user-picture/30ae3f93-1798-419a-b693-70f654c69ef0.jpeg @ https://cdn2.tenchat.ru/_nuxt/fVY6jQV9.js:57
[  143447ms] [WARNING] Destination image width or height more than source
src: https://cdn1.tenchat.ru/static/vbc-gostinder/user-picture/30ae3f93-1798-419a-b693-70f654c69ef0.jpeg @ https://cdn2.tenchat.ru/_nuxt/fVY6jQV9.js:57
[  143448ms] [WARNING] Destination image width or height more than source
src: https://cdn1.tenchat.ru/static/vbc-gostinder/user-picture/30ae3f93-1798-419a-b693-70f654c69ef0.jpeg @ https://cdn2.tenchat.ru/_nuxt/fVY6jQV9.js:57
[  143448ms] [WARNING] Destination image width or height more than source
src: https://cdn1.tenchat.ru/static/vbc-gostinder/user-picture/30ae3f93-1798-419a-b693-70f654c69ef0.jpeg @ https://cdn2.tenchat.ru/_nuxt/fVY6jQV9.js:57
[  143448ms] [WARNING] Destination image width or height more than source
src: https://cdn1.tenchat.ru/static/vbc-gostinder/user-picture/30ae3f93-1798-419a-b693-70f654c69ef0.jpeg @ https://cdn2.tenchat.ru/_nuxt/fVY6jQV9.js:57
[  143448ms] [WARNING] Destination image width or height more than source
src: https://cdn1.tenchat.ru/static/vbc-gostinder/user-picture/30ae3f93-1798-419a-b693-70f654c69ef0.jpeg @ https://cdn2.tenchat.ru/_nuxt/fVY6jQV9.js:57
[  143449ms] [WARNING] Destination image width or height more than source
src: https://cdn1.tenchat.ru/static/vbc-gostinder/user-picture/30ae3f93-1798-419a-b693-70f654c69ef0.jpeg @ https://cdn2.tenchat.ru/_nuxt/fVY6jQV9.js:57
[  143449ms] [WARNING] Destination image width or height more than source
src: https://cdn1.tenchat.ru/static/vbc-gostinder/user-picture/30ae3f93-1798-419a-b693-70f654c69ef0.jpeg @ https://cdn2.tenchat.ru/_nuxt/fVY6jQV9.js:57
[  143449ms] [WARNING] Destination image width or height more than source
src: https://cdn1.tenchat.ru/static/vbc-gostinder/user-picture/30ae3f93-1798-419a-b693-70f654c69ef0.jpeg @ https://cdn2.tenchat.ru/_nuxt/fVY6jQV9.js:57
[  143449ms] [WARNING] Destination image width or height more than source
src: https://cdn1.tenchat.ru/static/vbc-gostinder/user-picture/30ae3f93-1798-419a-b693-70f654c69ef0.jpeg @ https://cdn2.tenchat.ru/_nuxt/fVY6jQV9.js:57
[  143450ms] [WARNING] Destination image width or height more than source
src: https://cdn1.tenchat.ru/static/vbc-gostinder/user-picture/30ae3f93-1798-419a-b693-70f654c69ef0.jpeg @ https://cdn2.tenchat.ru/_nuxt/fVY6jQV9.js:57
[  143450ms] [WARNING] Destination image width or height more than source
src: https://cdn1.tenchat.ru/static/vbc-gostinder/user-picture/30ae3f93-1798-419a-b693-70f654c69ef0.jpeg @ https://cdn2.tenchat.ru/_nuxt/fVY6jQV9.js:57
[  143450ms] [WARNING] Destination image width or height more than source
src: https://cdn1.tenchat.ru/static/vbc-gostinder/user-picture/30ae3f93-1798-419a-b693-70f654c69ef0.jpeg @ https://cdn2.tenchat.ru/_nuxt/fVY6jQV9.js:57
[  143450ms] [WARNING] Destination image width or height more than source
src: https://cdn1.tenchat.ru/static/vbc-gostinder/user-picture/30ae3f93-1798-419a-b693-70f654c69ef0.jpeg @ https://cdn2.tenchat.ru/_nuxt/fVY6jQV9.js:57
[  143451ms] [WARNING] Destination image width or height more than source
src: https://cdn1.tenchat.ru/static/vbc-gostinder/user-picture/30ae3f93-1798-419a-b693-70f654c69ef0.jpeg @ https://cdn2.tenchat.ru/_nuxt/fVY6jQV9.js:57
[  143451ms] [WARNING] Destination image width or height more than source
src: https://cdn1.tenchat.ru/static/vbc-gostinder/user-picture/30ae3f93-1798-419a-b693-70f654c69ef0.jpeg @ https://cdn2.tenchat.ru/_nuxt/fVY6jQV9.js:57
[  143451ms] [WARNING] Destination image width or height more than source
src: https://cdn1.tenchat.ru/static/vbc-gostinder/user-picture/30ae3f93-1798-419a-b693-70f654c69ef0.jpeg @ https://cdn2.tenchat.ru/_nuxt/fVY6jQV9.js:57
[  143459ms] [WARNING] Destination image width or height more than source
src: https://cdn1.tenchat.ru/static/vbc-gostinder/user-picture/2ad269f7-363a-489f-b5cf-158dd0b8a0c6.jpg @ https://cdn2.tenchat.ru/_nuxt/fVY6jQV9.js:57
[  143459ms] [WARNING] Destination image width or height more than source
src: https://cdn1.tenchat.ru/static/vbc-gostinder/user-picture/2ad269f7-363a-489f-b5cf-158dd0b8a0c6.jpg @ https://cdn2.tenchat.ru/_nuxt/fVY6jQV9.js:57
[  143459ms] [WARNING] Destination image width or height more than source
src: https://cdn1.tenchat.ru/static/vbc-gostinder/user-picture/2ad269f7-363a-489f-b5cf-158dd0b8a0c6.jpg @ https://cdn2.tenchat.ru/_nuxt/fVY6jQV9.js:57
[  143459ms] [WARNING] Destination image width or height more than source
src: https://cdn1.tenchat.ru/static/vbc-gostinder/user-picture/2ad269f7-363a-489f-b5cf-158dd0b8a0c6.jpg @ https://cdn2.tenchat.ru/_nuxt/fVY6jQV9.js:57
[  143460ms] [WARNING] Destination image width or height more than source
src: https://cdn1.tenchat.ru/static/vbc-gostinder/user-picture/2ad269f7-363a-489f-b5cf-158dd0b8a0c6.jpg @ https://cdn2.tenchat.ru/_nuxt/fVY6jQV9.js:57
[  143460ms] [WARNING] Destination image width or height more than source
src: https://cdn1.tenchat.ru/static/vbc-gostinder/user-picture/2ad269f7-363a-489f-b5cf-158dd0b8a0c6.jpg @ https://cdn2.tenchat.ru/_nuxt/fVY6jQV9.js:57
[  143460ms] [WARNING] Destination image width or height more than source
src: https://cdn1.tenchat.ru/static/vbc-gostinder/user-picture/2ad269f7-363a-489f-b5cf-158dd0b8a0c6.jpg @ https://cdn2.tenchat.ru/_nuxt/fVY6jQV9.js:57
[  143460ms] [WARNING] Destination image width or height more than source
src: https://cdn1.tenchat.ru/static/vbc-gostinder/user-picture/2ad269f7-363a-489f-b5cf-158dd0b8a0c6.jpg @ https://cdn2.tenchat.ru/_nuxt/fVY6jQV9.js:57
[  143460ms] [WARNING] Destination image width or height more than source
src: https://cdn1.tenchat.ru/static/vbc-gostinder/user-picture/2ad269f7-363a-489f-b5cf-158dd0b8a0c6.jpg @ https://cdn2.tenchat.ru/_nuxt/fVY6jQV9.js:57
[  143461ms] [WARNING] Destination image width or height more than source
src: https://cdn1.tenchat.ru/static/vbc-gostinder/user-picture/2ad269f7-363a-489f-b5cf-158dd0b8a0c6.jpg @ https://cdn2.tenchat.ru/_nuxt/fVY6jQV9.js:57
[  143461ms] [WARNING] Destination image width or height more than source
src: https://cdn1.tenchat.ru/static/vbc-gostinder/user-picture/2ad269f7-363a-489f-b5cf-158dd0b8a0c6.jpg @ https://cdn2.tenchat.ru/_nuxt/fVY6jQV9.js:57
[  143461ms] [WARNING] Destination image width or height more than source
src: https://cdn1.tenchat.ru/static/vbc-gostinder/user-picture/2ad269f7-363a-489f-b5cf-158dd0b8a0c6.jpg @ https://cdn2.tenchat.ru/_nuxt/fVY6jQV9.js:57
[  143461ms] [WARNING] Destination image width or height more than source
src: https://cdn1.tenchat.ru/static/vbc-gostinder/user-picture/2ad269f7-363a-489f-b5cf-158dd0b8a0c6.jpg @ https://cdn2.tenchat.ru/_nuxt/fVY6jQV9.js:57
[  143462ms] [WARNING] Destination image width or height more than source
src: https://cdn1.tenchat.ru/static/vbc-gostinder/user-picture/2ad269f7-363a-489f-b5cf-158dd0b8a0c6.jpg @ https://cdn2.tenchat.ru/_nuxt/fVY6jQV9.js:57
[  143462ms] [WARNING] Destination image width or height more than source
src: https://cdn1.tenchat.ru/static/vbc-gostinder/user-picture/2ad269f7-363a-489f-b5cf-158dd0b8a0c6.jpg @ https://cdn2.tenchat.ru/_nuxt/fVY6jQV9.js:57
[  143462ms] [WARNING] Destination image width or height more than source
src: https://cdn1.tenchat.ru/static/vbc-gostinder/user-picture/2ad269f7-363a-489f-b5cf-158dd0b8a0c6.jpg @ https://cdn2.tenchat.ru/_nuxt/fVY6jQV9.js:57
[  143462ms] [WARNING] Destination image width or height more than source
src: https://cdn1.tenchat.ru/static/vbc-gostinder/user-picture/2ad269f7-363a-489f-b5cf-158dd0b8a0c6.jpg @ https://cdn2.tenchat.ru/_nuxt/fVY6jQV9.js:57
[  143463ms] [WARNING] Destination image width or height more than source
src: https://cdn1.tenchat.ru/static/vbc-gostinder/user-picture/2ad269f7-363a-489f-b5cf-158dd0b8a0c6.jpg @ https://cdn2.tenchat.ru/_nuxt/fVY6jQV9.js:57
[  143463ms] [WARNING] Destination image width or height more than source
src: https://cdn1.tenchat.ru/static/vbc-gostinder/user-picture/2ad269f7-363a-489f-b5cf-158dd0b8a0c6.jpg @ https://cdn2.tenchat.ru/_nuxt/fVY6jQV9.js:57
[  143463ms] [WARNING] Destination image width or height more than source
src: https://cdn1.tenchat.ru/static/vbc-gostinder/user-picture/2ad269f7-363a-489f-b5cf-158dd0b8a0c6.jpg @ https://cdn2.tenchat.ru/_nuxt/fVY6jQV9.js:57
[  143463ms] [WARNING] Destination image width or height more than source
src: https://cdn1.tenchat.ru/static/vbc-gostinder/user-picture/2ad269f7-363a-489f-b5cf-158dd0b8a0c6.jpg @ https://cdn2.tenchat.ru/_nuxt/fVY6jQV9.js:57
[  143463ms] [WARNING] Destination image width or height more than source
src: https://cdn1.tenchat.ru/static/vbc-gostinder/user-picture/2ad269f7-363a-489f-b5cf-158dd0b8a0c6.jpg @ https://cdn2.tenchat.ru/_nuxt/fVY6jQV9.js:57
[  143464ms] [WARNING] Destination image width or height more than source
src: https://cdn1.tenchat.ru/static/vbc-gostinder/user-picture/2ad269f7-363a-489f-b5cf-158dd0b8a0c6.jpg @ https://cdn2.tenchat.ru/_nuxt/fVY6jQV9.js:57
[  143464ms] [WARNING] Destination image width or height more than source
src: https://cdn1.tenchat.ru/static/vbc-gostinder/user-picture/2ad269f7-363a-489f-b5cf-158dd0b8a0c6.jpg @ https://cdn2.tenchat.ru/_nuxt/fVY6jQV9.js:57
[  143464ms] [WARNING] Destination image width or height more than source
src: https://cdn1.tenchat.ru/static/vbc-gostinder/user-picture/2ad269f7-363a-489f-b5cf-158dd0b8a0c6.jpg @ https://cdn2.tenchat.ru/_nuxt/fVY6jQV9.js:57
[  143464ms] [WARNING] Destination image width or height more than source
src: https://cdn1.tenchat.ru/static/vbc-gostinder/user-picture/2ad269f7-363a-489f-b5cf-158dd0b8a0c6.jpg @ https://cdn2.tenchat.ru/_nuxt/fVY6jQV9.js:57
[  143464ms] [WARNING] Destination image width or height more than source
src: https://cdn1.tenchat.ru/static/vbc-gostinder/user-picture/2ad269f7-363a-489f-b5cf-158dd0b8a0c6.jpg @ https://cdn2.tenchat.ru/_nuxt/fVY6jQV9.js:57
[  143465ms] [WARNING] Destination image width or height more than source
src: https://cdn1.tenchat.ru/static/vbc-gostinder/user-picture/2ad269f7-363a-489f-b5cf-158dd0b8a0c6.jpg @ https://cdn2.tenchat.ru/_nuxt/fVY6jQV9.js:57
[  143465ms] [WARNING] Destination image width or height more than source
src: https://cdn1.tenchat.ru/static/vbc-gostinder/user-picture/2ad269f7-363a-489f-b5cf-158dd0b8a0c6.jpg @ https://cdn2.tenchat.ru/_nuxt/fVY6jQV9.js:57
[  143465ms] [WARNING] Destination image width or height more than source
src: https://cdn1.tenchat.ru/static/vbc-gostinder/user-picture/2ad269f7-363a-489f-b5cf-158dd0b8a0c6.jpg @ https://cdn2.tenchat.ru/_nuxt/fVY6jQV9.js:57
[  143465ms] [WARNING] Destination image width or height more than source
src: https://cdn1.tenchat.ru/static/vbc-gostinder/user-picture/2ad269f7-363a-489f-b5cf-158dd0b8a0c6.jpg @ https://cdn2.tenchat.ru/_nuxt/fVY6jQV9.js:57
[  143465ms] [WARNING] Destination image width or height more than source
src: https://cdn1.tenchat.ru/static/vbc-gostinder/user-picture/2ad269f7-363a-489f-b5cf-158dd0b8a0c6.jpg @ https://cdn2.tenchat.ru/_nuxt/fVY6jQV9.js:57
[  143466ms] [WARNING] Destination image width or height more than source
src: https://cdn1.tenchat.ru/static/vbc-gostinder/user-picture/2ad269f7-363a-489f-b5cf-158dd0b8a0c6.jpg @ https://cdn2.tenchat.ru/_nuxt/fVY6jQV9.js:57
[  143466ms] [WARNING] Destination image width or height more than source
src: https://cdn1.tenchat.ru/static/vbc-gostinder/user-picture/2ad269f7-363a-489f-b5cf-158dd0b8a0c6.jpg @ https://cdn2.tenchat.ru/_nuxt/fVY6jQV9.js:57
[  143466ms] [WARNING] Destination image width or height more than source
src: https://cdn1.tenchat.ru/static/vbc-gostinder/user-picture/2ad269f7-363a-489f-b5cf-158dd0b8a0c6.jpg @ https://cdn2.tenchat.ru/_nuxt/fVY6jQV9.js:57
[  143466ms] [WARNING] Destination image width or height more than source
src: https://cdn1.tenchat.ru/static/vbc-gostinder/user-picture/2ad269f7-363a-489f-b5cf-158dd0b8a0c6.jpg @ https://cdn2.tenchat.ru/_nuxt/fVY6jQV9.js:57
[  143467ms] [WARNING] Destination image width or height more than source
src: https://cdn1.tenchat.ru/static/vbc-gostinder/user-picture/2ad269f7-363a-489f-b5cf-158dd0b8a0c6.jpg @ https://cdn2.tenchat.ru/_nuxt/fVY6jQV9.js:57
[  143467ms] [WARNING] Destination image width or height more than source
src: https://cdn1.tenchat.ru/static/vbc-gostinder/user-picture/2ad269f7-363a-489f-b5cf-158dd0b8a0c6.jpg @ https://cdn2.tenchat.ru/_nuxt/fVY6jQV9.js:57
[  143467ms] [WARNING] Destination image width or height more than source
src: https://cdn1.tenchat.ru/static/vbc-gostinder/user-picture/2ad269f7-363a-489f-b5cf-158dd0b8a0c6.jpg @ https://cdn2.tenchat.ru/_nuxt/fVY6jQV9.js:57
[  143467ms] [WARNING] Destination image width or height more than source
src: https://cdn1.tenchat.ru/static/vbc-gostinder/user-picture/2ad269f7-363a-489f-b5cf-158dd0b8a0c6.jpg @ https://cdn2.tenchat.ru/_nuxt/fVY6jQV9.js:57
[  143468ms] [WARNING] Destination image width or height more than source
src: https://cdn1.tenchat.ru/static/vbc-gostinder/user-picture/2ad269f7-363a-489f-b5cf-158dd0b8a0c6.jpg @ https://cdn2.tenchat.ru/_nuxt/fVY6jQV9.js:57
[  143468ms] [WARNING] Destination image width or height more than source
src: https://cdn1.tenchat.ru/static/vbc-gostinder/user-picture/2ad269f7-363a-489f-b5cf-158dd0b8a0c6.jpg @ https://cdn2.tenchat.ru/_nuxt/fVY6jQV9.js:57
[  143468ms] [WARNING] Destination image width or height more than source
src: https://cdn1.tenchat.ru/static/vbc-gostinder/user-picture/2ad269f7-363a-489f-b5cf-158dd0b8a0c6.jpg @ https://cdn2.tenchat.ru/_nuxt/fVY6jQV9.js:57
[  143468ms] [WARNING] Destination image width or height more than source
src: https://cdn1.tenchat.ru/static/vbc-gostinder/user-picture/2ad269f7-363a-489f-b5cf-158dd0b8a0c6.jpg @ https://cdn2.tenchat.ru/_nuxt/fVY6jQV9.js:57
[  143468ms] [WARNING] Destination image width or height more than source
src: https://cdn1.tenchat.ru/static/vbc-gostinder/user-picture/2ad269f7-363a-489f-b5cf-158dd0b8a0c6.jpg @ https://cdn2.tenchat.ru/_nuxt/fVY6jQV9.js:57
[  143469ms] [WARNING] Destination image width or height more than source
src: https://cdn1.tenchat.ru/static/vbc-gostinder/user-picture/2ad269f7-363a-489f-b5cf-158dd0b8a0c6.jpg @ https://cdn2.tenchat.ru/_nuxt/fVY6jQV9.js:57
[  143469ms] [WARNING] Destination image width or height more than source
src: https://cdn1.tenchat.ru/static/vbc-gostinder/user-picture/2ad269f7-363a-489f-b5cf-158dd0b8a0c6.jpg @ https://cdn2.tenchat.ru/_nuxt/fVY6jQV9.js:57
[  143469ms] [WARNING] Destination image width or height more than source
src: https://cdn1.tenchat.ru/static/vbc-gostinder/user-picture/2ad269f7-363a-489f-b5cf-158dd0b8a0c6.jpg @ https://cdn2.tenchat.ru/_nuxt/fVY6jQV9.js:57
[  143469ms] [WARNING] Destination image width or height more than source
src: https://cdn1.tenchat.ru/static/vbc-gostinder/user-picture/2ad269f7-363a-489f-b5cf-158dd0b8a0c6.jpg @ https://cdn2.tenchat.ru/_nuxt/fVY6jQV9.js:57
[  143469ms] [WARNING] Destination image width or height more than source
src: https://cdn1.tenchat.ru/static/vbc-gostinder/user-picture/2ad269f7-363a-489f-b5cf-158dd0b8a0c6.jpg @ https://cdn2.tenchat.ru/_nuxt/fVY6jQV9.js:57
[  143470ms] [WARNING] Destination image width or height more than source
src: https://cdn1.tenchat.ru/static/vbc-gostinder/user-picture/2ad269f7-363a-489f-b5cf-158dd0b8a0c6.jpg @ https://cdn2.tenchat.ru/_nuxt/fVY6jQV9.js:57
[  143470ms] [WARNING] Destination image width or height more than source
src: https://cdn1.tenchat.ru/static/vbc-gostinder/user-picture/2ad269f7-363a-489f-b5cf-158dd0b8a0c6.jpg @ https://cdn2.tenchat.ru/_nuxt/fVY6jQV9.js:57
[  143470ms] [WARNING] Destination image width or height more than source
src: https://cdn1.tenchat.ru/static/vbc-gostinder/user-picture/2ad269f7-363a-489f-b5cf-158dd0b8a0c6.jpg @ https://cdn2.tenchat.ru/_nuxt/fVY6jQV9.js:57
[  143477ms] [WARNING] Destination image width or height more than source
src: https://cdn1.tenchat.ru/static/vbc-gostinder/user-picture/458f263b-6ecb-4c4a-93e4-f4b0a28f2279.jpeg @ https://cdn2.tenchat.ru/_nuxt/fVY6jQV9.js:57
[  143478ms] [WARNING] Destination image width or height more than source
src: https://cdn1.tenchat.ru/static/vbc-gostinder/user-picture/458f263b-6ecb-4c4a-93e4-f4b0a28f2279.jpeg @ https://cdn2.tenchat.ru/_nuxt/fVY6jQV9.js:57
[  143478ms] [WARNING] Destination image width or height more than source
src: https://cdn1.tenchat.ru/static/vbc-gostinder/user-picture/458f263b-6ecb-4c4a-93e4-f4b0a28f2279.jpeg @ https://cdn2.tenchat.ru/_nuxt/fVY6jQV9.js:57
[  143478ms] [WARNING] Destination image width or height more than source
src: https://cdn1.tenchat.ru/static/vbc-gostinder/user-picture/458f263b-6ecb-4c4a-93e4-f4b0a28f2279.jpeg @ https://cdn2.tenchat.ru/_nuxt/fVY6jQV9.js:57
[  143478ms] [WARNING] Destination image width or height more than source
src: https://cdn1.tenchat.ru/static/vbc-gostinder/user-picture/458f263b-6ecb-4c4a-93e4-f4b0a28f2279.jpeg @ https://cdn2.tenchat.ru/_nuxt/fVY6jQV9.js:57
[  143479ms] [WARNING] Destination image width or height more than source
src: https://cdn1.tenchat.ru/static/vbc-gostinder/user-picture/458f263b-6ecb-4c4a-93e4-f4b0a28f2279.jpeg @ https://cdn2.tenchat.ru/_nuxt/fVY6jQV9.js:57
[  143479ms] [WARNING] Destination image width or height more than source
src: https://cdn1.tenchat.ru/static/vbc-gostinder/user-picture/458f263b-6ecb-4c4a-93e4-f4b0a28f2279.jpeg @ https://cdn2.tenchat.ru/_nuxt/fVY6jQV9.js:57
[  143479ms] [WARNING] Destination image width or height more than source
src: https://cdn1.tenchat.ru/static/vbc-gostinder/user-picture/458f263b-6ecb-4c4a-93e4-f4b0a28f2279.jpeg @ https://cdn2.tenchat.ru/_nuxt/fVY6jQV9.js:57
[  143479ms] [WARNING] Destination image width or height more than source
src: https://cdn1.tenchat.ru/static/vbc-gostinder/user-picture/458f263b-6ecb-4c4a-93e4-f4b0a28f2279.jpeg @ https://cdn2.tenchat.ru/_nuxt/fVY6jQV9.js:57
[  143479ms] [WARNING] Destination image width or height more than source
src: https://cdn1.tenchat.ru/static/vbc-gostinder/user-picture/458f263b-6ecb-4c4a-93e4-f4b0a28f2279.jpeg @ https://cdn2.tenchat.ru/_nuxt/fVY6jQV9.js:57
[  143480ms] [WARNING] Destination image width or height more than source
src: https://cdn1.tenchat.ru/static/vbc-gostinder/user-picture/458f263b-6ecb-4c4a-93e4-f4b0a28f2279.jpeg @ https://cdn2.tenchat.ru/_nuxt/fVY6jQV9.js:57
[  143480ms] [WARNING] Destination image width or height more than source
src: https://cdn1.tenchat.ru/static/vbc-gostinder/user-picture/458f263b-6ecb-4c4a-93e4-f4b0a28f2279.jpeg @ https://cdn2.tenchat.ru/_nuxt/fVY6jQV9.js:57
[  143480ms] [WARNING] Destination image width or height more than source
src: https://cdn1.tenchat.ru/static/vbc-gostinder/user-picture/458f263b-6ecb-4c4a-93e4-f4b0a28f2279.jpeg @ https://cdn2.tenchat.ru/_nuxt/fVY6jQV9.js:57
[  143480ms] [WARNING] Destination image width or height more than source
src: https://cdn1.tenchat.ru/static/vbc-gostinder/user-picture/458f263b-6ecb-4c4a-93e4-f4b0a28f2279.jpeg @ https://cdn2.tenchat.ru/_nuxt/fVY6jQV9.js:57
[  143480ms] [WARNING] Destination image width or height more than source
src: https://cdn1.tenchat.ru/static/vbc-gostinder/user-picture/458f263b-6ecb-4c4a-93e4-f4b0a28f2279.jpeg @ https://cdn2.tenchat.ru/_nuxt/fVY6jQV9.js:57
[  143481ms] [WARNING] Destination image width or height more than source
src: https://cdn1.tenchat.ru/static/vbc-gostinder/user-picture/458f263b-6ecb-4c4a-93e4-f4b0a28f2279.jpeg @ https://cdn2.tenchat.ru/_nuxt/fVY6jQV9.js:57
[  143481ms] [WARNING] Destination image width or height more than source
src: https://cdn1.tenchat.ru/static/vbc-gostinder/user-picture/458f263b-6ecb-4c4a-93e4-f4b0a28f2279.jpeg @ https://cdn2.tenchat.ru/_nuxt/fVY6jQV9.js:57
[  143481ms] [WARNING] Destination image width or height more than source
src: https://cdn1.tenchat.ru/static/vbc-gostinder/user-picture/458f263b-6ecb-4c4a-93e4-f4b0a28f2279.jpeg @ https://cdn2.tenchat.ru/_nuxt/fVY6jQV9.js:57
[  143481ms] [WARNING] Destination image width or height more than source
src: https://cdn1.tenchat.ru/static/vbc-gostinder/user-picture/458f263b-6ecb-4c4a-93e4-f4b0a28f2279.jpeg @ https://cdn2.tenchat.ru/_nuxt/fVY6jQV9.js:57
[  143481ms] [WARNING] Destination image width or height more than source
src: https://cdn1.tenchat.ru/static/vbc-gostinder/user-picture/458f263b-6ecb-4c4a-93e4-f4b0a28f2279.jpeg @ https://cdn2.tenchat.ru/_nuxt/fVY6jQV9.js:57
[  143482ms] [WARNING] Destination image width or height more than source
src: https://cdn1.tenchat.ru/static/vbc-gostinder/user-picture/458f263b-6ecb-4c4a-93e4-f4b0a28f2279.jpeg @ https://cdn2.tenchat.ru/_nuxt/fVY6jQV9.js:57
[  143482ms] [WARNING] Destination image width or height more than source
src: https://cdn1.tenchat.ru/static/vbc-gostinder/user-picture/458f263b-6ecb-4c4a-93e4-f4b0a28f2279.jpeg @ https://cdn2.tenchat.ru/_nuxt/fVY6jQV9.js:57
[  143482ms] [WARNING] Destination image width or height more than source
src: https://cdn1.tenchat.ru/static/vbc-gostinder/user-picture/458f263b-6ecb-4c4a-93e4-f4b0a28f2279.jpeg @ https://cdn2.tenchat.ru/_nuxt/fVY6jQV9.js:57
[  143482ms] [WARNING] Destination image width or height more than source
src: https://cdn1.tenchat.ru/static/vbc-gostinder/user-picture/458f263b-6ecb-4c4a-93e4-f4b0a28f2279.jpeg @ https://cdn2.tenchat.ru/_nuxt/fVY6jQV9.js:57
[  143483ms] [WARNING] Destination image width or height more than source
src: https://cdn1.tenchat.ru/static/vbc-gostinder/user-picture/458f263b-6ecb-4c4a-93e4-f4b0a28f2279.jpeg @ https://cdn2.tenchat.ru/_nuxt/fVY6jQV9.js:57
[  143483ms] [WARNING] Destination image width or height more than source
src: https://cdn1.tenchat.ru/static/vbc-gostinder/user-picture/458f263b-6ecb-4c4a-93e4-f4b0a28f2279.jpeg @ https://cdn2.tenchat.ru/_nuxt/fVY6jQV9.js:57
[  143483ms] [WARNING] Destination image width or height more than source
src: https://cdn1.tenchat.ru/static/vbc-gostinder/user-picture/458f263b-6ecb-4c4a-93e4-f4b0a28f2279.jpeg @ https://cdn2.tenchat.ru/_nuxt/fVY6jQV9.js:57
[  143483ms] [WARNING] Destination image width or height more than source
src: https://cdn1.tenchat.ru/static/vbc-gostinder/user-picture/458f263b-6ecb-4c4a-93e4-f4b0a28f2279.jpeg @ https://cdn2.tenchat.ru/_nuxt/fVY6jQV9.js:57
[  143484ms] [WARNING] Destination image width or height more than source
src: https://cdn1.tenchat.ru/static/vbc-gostinder/user-picture/458f263b-6ecb-4c4a-93e4-f4b0a28f2279.jpeg @ https://cdn2.tenchat.ru/_nuxt/fVY6jQV9.js:57
[  143484ms] [WARNING] Destination image width or height more than source
src: https://cdn1.tenchat.ru/static/vbc-gostinder/user-picture/458f263b-6ecb-4c4a-93e4-f4b0a28f2279.jpeg @ https://cdn2.tenchat.ru/_nuxt/fVY6jQV9.js:57
[  143484ms] [WARNING] Destination image width or height more than source
src: https://cdn1.tenchat.ru/static/vbc-gostinder/user-picture/458f263b-6ecb-4c4a-93e4-f4b0a28f2279.jpeg @ https://cdn2.tenchat.ru/_nuxt/fVY6jQV9.js:57
[  143484ms] [WARNING] Destination image width or height more than source
src: https://cdn1.tenchat.ru/static/vbc-gostinder/user-picture/458f263b-6ecb-4c4a-93e4-f4b0a28f2279.jpeg @ https://cdn2.tenchat.ru/_nuxt/fVY6jQV9.js:57
[  143484ms] [WARNING] Destination image width or height more than source
src: https://cdn1.tenchat.ru/static/vbc-gostinder/user-picture/458f263b-6ecb-4c4a-93e4-f4b0a28f2279.jpeg @ https://cdn2.tenchat.ru/_nuxt/fVY6jQV9.js:57
[  143485ms] [WARNING] Destination image width or height more than source
src: https://cdn1.tenchat.ru/static/vbc-gostinder/user-picture/458f263b-6ecb-4c4a-93e4-f4b0a28f2279.jpeg @ https://cdn2.tenchat.ru/_nuxt/fVY6jQV9.js:57
[  143485ms] [WARNING] Destination image width or height more than source
src: https://cdn1.tenchat.ru/static/vbc-gostinder/user-picture/458f263b-6ecb-4c4a-93e4-f4b0a28f2279.jpeg @ https://cdn2.tenchat.ru/_nuxt/fVY6jQV9.js:57
[  143485ms] [WARNING] Destination image width or height more than source
src: https://cdn1.tenchat.ru/static/vbc-gostinder/user-picture/458f263b-6ecb-4c4a-93e4-f4b0a28f2279.jpeg @ https://cdn2.tenchat.ru/_nuxt/fVY6jQV9.js:57
[  143485ms] [WARNING] Destination image width or height more than source
src: https://cdn1.tenchat.ru/static/vbc-gostinder/user-picture/458f263b-6ecb-4c4a-93e4-f4b0a28f2279.jpeg @ https://cdn2.tenchat.ru/_nuxt/fVY6jQV9.js:57
[  143485ms] [WARNING] Destination image width or height more than source
src: https://cdn1.tenchat.ru/static/vbc-gostinder/user-picture/458f263b-6ecb-4c4a-93e4-f4b0a28f2279.jpeg @ https://cdn2.tenchat.ru/_nuxt/fVY6jQV9.js:57
[  143486ms] [WARNING] Destination image width or height more than source
src: https://cdn1.tenchat.ru/static/vbc-gostinder/user-picture/458f263b-6ecb-4c4a-93e4-f4b0a28f2279.jpeg @ https://cdn2.tenchat.ru/_nuxt/fVY6jQV9.js:57
[  143486ms] [WARNING] Destination image width or height more than source
src: https://cdn1.tenchat.ru/static/vbc-gostinder/user-picture/458f263b-6ecb-4c4a-93e4-f4b0a28f2279.jpeg @ https://cdn2.tenchat.ru/_nuxt/fVY6jQV9.js:57
[  143486ms] [WARNING] Destination image width or height more than source
src: https://cdn1.tenchat.ru/static/vbc-gostinder/user-picture/458f263b-6ecb-4c4a-93e4-f4b0a28f2279.jpeg @ https://cdn2.tenchat.ru/_nuxt/fVY6jQV9.js:57
[  143486ms] [WARNING] Destination image width or height more than source
src: https://cdn1.tenchat.ru/static/vbc-gostinder/user-picture/458f263b-6ecb-4c4a-93e4-f4b0a28f2279.jpeg @ https://cdn2.tenchat.ru/_nuxt/fVY6jQV9.js:57
[  143487ms] [WARNING] Destination image width or height more than source
src: https://cdn1.tenchat.ru/static/vbc-gostinder/user-picture/458f263b-6ecb-4c4a-93e4-f4b0a28f2279.jpeg @ https://cdn2.tenchat.ru/_nuxt/fVY6jQV9.js:57
[  143487ms] [WARNING] Destination image width or height more than source
src: https://cdn1.tenchat.ru/static/vbc-gostinder/user-picture/458f263b-6ecb-4c4a-93e4-f4b0a28f2279.jpeg @ https://cdn2.tenchat.ru/_nuxt/fVY6jQV9.js:57
[  143487ms] [WARNING] Destination image width or height more than source
src: https://cdn1.tenchat.ru/static/vbc-gostinder/user-picture/458f263b-6ecb-4c4a-93e4-f4b0a28f2279.jpeg @ https://cdn2.tenchat.ru/_nuxt/fVY6jQV9.js:57
[  143487ms] [WARNING] Destination image width or height more than source
src: https://cdn1.tenchat.ru/static/vbc-gostinder/user-picture/458f263b-6ecb-4c4a-93e4-f4b0a28f2279.jpeg @ https://cdn2.tenchat.ru/_nuxt/fVY6jQV9.js:57
[  143487ms] [WARNING] Destination image width or height more than source
src: https://cdn1.tenchat.ru/static/vbc-gostinder/user-picture/458f263b-6ecb-4c4a-93e4-f4b0a28f2279.jpeg @ https://cdn2.tenchat.ru/_nuxt/fVY6jQV9.js:57
[  143488ms] [WARNING] Destination image width or height more than source
src: https://cdn1.tenchat.ru/static/vbc-gostinder/user-picture/458f263b-6ecb-4c4a-93e4-f4b0a28f2279.jpeg @ https://cdn2.tenchat.ru/_nuxt/fVY6jQV9.js:57
[  143488ms] [WARNING] Destination image width or height more than source
src: https://cdn1.tenchat.ru/static/vbc-gostinder/user-picture/458f263b-6ecb-4c4a-93e4-f4b0a28f2279.jpeg @ https://cdn2.tenchat.ru/_nuxt/fVY6jQV9.js:57
[  143488ms] [WARNING] Destination image width or height more than source
src: https://cdn1.tenchat.ru/static/vbc-gostinder/user-picture/458f263b-6ecb-4c4a-93e4-f4b0a28f2279.jpeg @ https://cdn2.tenchat.ru/_nuxt/fVY6jQV9.js:57
[  143488ms] [WARNING] Destination image width or height more than source
src: https://cdn1.tenchat.ru/static/vbc-gostinder/user-picture/458f263b-6ecb-4c4a-93e4-f4b0a28f2279.jpeg @ https://cdn2.tenchat.ru/_nuxt/fVY6jQV9.js:57
[  143488ms] [WARNING] Destination image width or height more than source
src: https://cdn1.tenchat.ru/static/vbc-gostinder/user-picture/458f263b-6ecb-4c4a-93e4-f4b0a28f2279.jpeg @ https://cdn2.tenchat.ru/_nuxt/fVY6jQV9.js:57
[  143489ms] [WARNING] Destination image width or height more than source
src: https://cdn1.tenchat.ru/static/vbc-gostinder/user-picture/458f263b-6ecb-4c4a-93e4-f4b0a28f2279.jpeg @ https://cdn2.tenchat.ru/_nuxt/fVY6jQV9.js:57
[  143528ms] [WARNING] Destination image width or height more than source
src: https://cdn1.tenchat.ru/static/vbc-gostinder/user-picture/c2ad99ad-207d-4db3-8250-68f028bbcc97.jpeg @ https://cdn2.tenchat.ru/_nuxt/fVY6jQV9.js:57
[  143529ms] [WARNING] Destination image width or height more than source
src: https://cdn1.tenchat.ru/static/vbc-gostinder/user-picture/c2ad99ad-207d-4db3-8250-68f028bbcc97.jpeg @ https://cdn2.tenchat.ru/_nuxt/fVY6jQV9.js:57
[  143529ms] [WARNING] Destination image width or height more than source
src: https://cdn1.tenchat.ru/static/vbc-gostinder/user-picture/c2ad99ad-207d-4db3-8250-68f028bbcc97.jpeg @ https://cdn2.tenchat.ru/_nuxt/fVY6jQV9.js:57
[  143529ms] [WARNING] Destination image width or height more than source
src: https://cdn1.tenchat.ru/static/vbc-gostinder/user-picture/c2ad99ad-207d-4db3-8250-68f028bbcc97.jpeg @ https://cdn2.tenchat.ru/_nuxt/fVY6jQV9.js:57
[  143529ms] [WARNING] Destination image width or height more than source
src: https://cdn1.tenchat.ru/static/vbc-gostinder/user-picture/c2ad99ad-207d-4db3-8250-68f028bbcc97.jpeg @ https://cdn2.tenchat.ru/_nuxt/fVY6jQV9.js:57
[  143530ms] [WARNING] Destination image width or height more than source
src: https://cdn1.tenchat.ru/static/vbc-gostinder/user-picture/c2ad99ad-207d-4db3-8250-68f028bbcc97.jpeg @ https://cdn2.tenchat.ru/_nuxt/fVY6jQV9.js:57
[  143530ms] [WARNING] Destination image width or height more than source
src: https://cdn1.tenchat.ru/static/vbc-gostinder/user-picture/c2ad99ad-207d-4db3-8250-68f028bbcc97.jpeg @ https://cdn2.tenchat.ru/_nuxt/fVY6jQV9.js:57
[  143530ms] [WARNING] Destination image width or height more than source
src: https://cdn1.tenchat.ru/static/vbc-gostinder/user-picture/c2ad99ad-207d-4db3-8250-68f028bbcc97.jpeg @ https://cdn2.tenchat.ru/_nuxt/fVY6jQV9.js:57
[  143530ms] [WARNING] Destination image width or height more than source
src: https://cdn1.tenchat.ru/static/vbc-gostinder/user-picture/c2ad99ad-207d-4db3-8250-68f028bbcc97.jpeg @ https://cdn2.tenchat.ru/_nuxt/fVY6jQV9.js:57
[  143531ms] [WARNING] Destination image width or height more than source
src: https://cdn1.tenchat.ru/static/vbc-gostinder/user-picture/c2ad99ad-207d-4db3-8250-68f028bbcc97.jpeg @ https://cdn2.tenchat.ru/_nuxt/fVY6jQV9.js:57
[  143531ms] [WARNING] Destination image width or height more than source
src: https://cdn1.tenchat.ru/static/vbc-gostinder/user-picture/c2ad99ad-207d-4db3-8250-68f028bbcc97.jpeg @ https://cdn2.tenchat.ru/_nuxt/fVY6jQV9.js:57
[  143531ms] [WARNING] Destination image width or height more than source
src: https://cdn1.tenchat.ru/static/vbc-gostinder/user-picture/c2ad99ad-207d-4db3-8250-68f028bbcc97.jpeg @ https://cdn2.tenchat.ru/_nuxt/fVY6jQV9.js:57
[  143531ms] [WARNING] Destination image width or height more than source
src: https://cdn1.tenchat.ru/static/vbc-gostinder/user-picture/c2ad99ad-207d-4db3-8250-68f028bbcc97.jpeg @ https://cdn2.tenchat.ru/_nuxt/fVY6jQV9.js:57
[  143531ms] [WARNING] Destination image width or height more than source
src: https://cdn1.tenchat.ru/static/vbc-gostinder/user-picture/c2ad99ad-207d-4db3-8250-68f028bbcc97.jpeg @ https://cdn2.tenchat.ru/_nuxt/fVY6jQV9.js:57
[  143532ms] [WARNING] Destination image width or height more than source
src: https://cdn1.tenchat.ru/static/vbc-gostinder/user-picture/c2ad99ad-207d-4db3-8250-68f028bbcc97.jpeg @ https://cdn2.tenchat.ru/_nuxt/fVY6jQV9.js:57
[  143532ms] [WARNING] Destination image width or height more than source
src: https://cdn1.tenchat.ru/static/vbc-gostinder/user-picture/c2ad99ad-207d-4db3-8250-68f028bbcc97.jpeg @ https://cdn2.tenchat.ru/_nuxt/fVY6jQV9.js:57
[  143532ms] [WARNING] Destination image width or height more than source
src: https://cdn1.tenchat.ru/static/vbc-gostinder/user-picture/c2ad99ad-207d-4db3-8250-68f028bbcc97.jpeg @ https://cdn2.tenchat.ru/_nuxt/fVY6jQV9.js:57
[  143533ms] [WARNING] Destination image width or height more than source
src: https://cdn1.tenchat.ru/static/vbc-gostinder/user-picture/c2ad99ad-207d-4db3-8250-68f028bbcc97.jpeg @ https://cdn2.tenchat.ru/_nuxt/fVY6jQV9.js:57
[  143533ms] [WARNING] Destination image width or height more than source
src: https://cdn1.tenchat.ru/static/vbc-gostinder/user-picture/c2ad99ad-207d-4db3-8250-68f028bbcc97.jpeg @ https://cdn2.tenchat.ru/_nuxt/fVY6jQV9.js:57
[  143534ms] [WARNING] Destination image width or height more than source
src: https://cdn1.tenchat.ru/static/vbc-gostinder/user-picture/c2ad99ad-207d-4db3-8250-68f028bbcc97.jpeg @ https://cdn2.tenchat.ru/_nuxt/fVY6jQV9.js:57
[  143535ms] [WARNING] Destination image width or height more than source
src: https://cdn1.tenchat.ru/static/vbc-gostinder/user-picture/c2ad99ad-207d-4db3-8250-68f028bbcc97.jpeg @ https://cdn2.tenchat.ru/_nuxt/fVY6jQV9.js:57
[  143535ms] [WARNING] Destination image width or height more than source
src: https://cdn1.tenchat.ru/static/vbc-gostinder/user-picture/c2ad99ad-207d-4db3-8250-68f028bbcc97.jpeg @ https://cdn2.tenchat.ru/_nuxt/fVY6jQV9.js:57
[  143535ms] [WARNING] Destination image width or height more than source
src: https://cdn1.tenchat.ru/static/vbc-gostinder/user-picture/c2ad99ad-207d-4db3-8250-68f028bbcc97.jpeg @ https://cdn2.tenchat.ru/_nuxt/fVY6jQV9.js:57
[  143536ms] [WARNING] Destination image width or height more than source
src: https://cdn1.tenchat.ru/static/vbc-gostinder/user-picture/c2ad99ad-207d-4db3-8250-68f028bbcc97.jpeg @ https://cdn2.tenchat.ru/_nuxt/fVY6jQV9.js:57
[  143536ms] [WARNING] Destination image width or height more than source
src: https://cdn1.tenchat.ru/static/vbc-gostinder/user-picture/c2ad99ad-207d-4db3-8250-68f028bbcc97.jpeg @ https://cdn2.tenchat.ru/_nuxt/fVY6jQV9.js:57
[  143536ms] [WARNING] Destination image width or height more than source
src: https://cdn1.tenchat.ru/static/vbc-gostinder/user-picture/c2ad99ad-207d-4db3-8250-68f028bbcc97.jpeg @ https://cdn2.tenchat.ru/_nuxt/fVY6jQV9.js:57
[  144476ms] [WARNING] Destination image width or height more than source
src: https://cdn1.tenchat.ru/static/vbc-gostinder/user-picture/458f263b-6ecb-4c4a-93e4-f4b0a28f2279.jpeg @ https://cdn2.tenchat.ru/_nuxt/fVY6jQV9.js:57
[  144477ms] [WARNING] Destination image width or height more than source
src: https://cdn1.tenchat.ru/static/vbc-gostinder/user-picture/458f263b-6ecb-4c4a-93e4-f4b0a28f2279.jpeg @ https://cdn2.tenchat.ru/_nuxt/fVY6jQV9.js:57
[  144477ms] [WARNING] Destination image width or height more than source
src: https://cdn1.tenchat.ru/static/vbc-gostinder/user-picture/458f263b-6ecb-4c4a-93e4-f4b0a28f2279.jpeg @ https://cdn2.tenchat.ru/_nuxt/fVY6jQV9.js:57
[  144477ms] [WARNING] Destination image width or height more than source
src: https://cdn1.tenchat.ru/static/vbc-gostinder/user-picture/458f263b-6ecb-4c4a-93e4-f4b0a28f2279.jpeg @ https://cdn2.tenchat.ru/_nuxt/fVY6jQV9.js:57
[  144478ms] [WARNING] Destination image width or height more than source
src: https://cdn1.tenchat.ru/static/vbc-gostinder/user-picture/458f263b-6ecb-4c4a-93e4-f4b0a28f2279.jpeg @ https://cdn2.tenchat.ru/_nuxt/fVY6jQV9.js:57
[  144478ms] [WARNING] Destination image width or height more than source
src: https://cdn1.tenchat.ru/static/vbc-gostinder/user-picture/458f263b-6ecb-4c4a-93e4-f4b0a28f2279.jpeg @ https://cdn2.tenchat.ru/_nuxt/fVY6jQV9.js:57
[  144479ms] [WARNING] Destination image width or height more than source
src: https://cdn1.tenchat.ru/static/vbc-gostinder/user-picture/458f263b-6ecb-4c4a-93e4-f4b0a28f2279.jpeg @ https://cdn2.tenchat.ru/_nuxt/fVY6jQV9.js:57
[  144479ms] [WARNING] Destination image width or height more than source
src: https://cdn1.tenchat.ru/static/vbc-gostinder/user-picture/458f263b-6ecb-4c4a-93e4-f4b0a28f2279.jpeg @ https://cdn2.tenchat.ru/_nuxt/fVY6jQV9.js:57
[  144479ms] [WARNING] Destination image width or height more than source
src: https://cdn1.tenchat.ru/static/vbc-gostinder/user-picture/458f263b-6ecb-4c4a-93e4-f4b0a28f2279.jpeg @ https://cdn2.tenchat.ru/_nuxt/fVY6jQV9.js:57
[  144480ms] [WARNING] Destination image width or height more than source
src: https://cdn1.tenchat.ru/static/vbc-gostinder/user-picture/458f263b-6ecb-4c4a-93e4-f4b0a28f2279.jpeg @ https://cdn2.tenchat.ru/_nuxt/fVY6jQV9.js:57
[  144480ms] [WARNING] Destination image width or height more than source
src: https://cdn1.tenchat.ru/static/vbc-gostinder/user-picture/458f263b-6ecb-4c4a-93e4-f4b0a28f2279.jpeg @ https://cdn2.tenchat.ru/_nuxt/fVY6jQV9.js:57
[  144481ms] [WARNING] Destination image width or height more than source
src: https://cdn1.tenchat.ru/static/vbc-gostinder/user-picture/458f263b-6ecb-4c4a-93e4-f4b0a28f2279.jpeg @ https://cdn2.tenchat.ru/_nuxt/fVY6jQV9.js:57
[  144481ms] [WARNING] Destination image width or height more than source
src: https://cdn1.tenchat.ru/static/vbc-gostinder/user-picture/458f263b-6ecb-4c4a-93e4-f4b0a28f2279.jpeg @ https://cdn2.tenchat.ru/_nuxt/fVY6jQV9.js:57
[  144481ms] [WARNING] Destination image width or height more than source
src: https://cdn1.tenchat.ru/static/vbc-gostinder/user-picture/458f263b-6ecb-4c4a-93e4-f4b0a28f2279.jpeg @ https://cdn2.tenchat.ru/_nuxt/fVY6jQV9.js:57
[  144482ms] [WARNING] Destination image width or height more than source
src: https://cdn1.tenchat.ru/static/vbc-gostinder/user-picture/458f263b-6ecb-4c4a-93e4-f4b0a28f2279.jpeg @ https://cdn2.tenchat.ru/_nuxt/fVY6jQV9.js:57
[  144482ms] [WARNING] Destination image width or height more than source
src: https://cdn1.tenchat.ru/static/vbc-gostinder/user-picture/458f263b-6ecb-4c4a-93e4-f4b0a28f2279.jpeg @ https://cdn2.tenchat.ru/_nuxt/fVY6jQV9.js:57
[  144482ms] [WARNING] Destination image width or height more than source
src: https://cdn1.tenchat.ru/static/vbc-gostinder/user-picture/458f263b-6ecb-4c4a-93e4-f4b0a28f2279.jpeg @ https://cdn2.tenchat.ru/_nuxt/fVY6jQV9.js:57
[  144483ms] [WARNING] Destination image width or height more than source
src: https://cdn1.tenchat.ru/static/vbc-gostinder/user-picture/458f263b-6ecb-4c4a-93e4-f4b0a28f2279.jpeg @ https://cdn2.tenchat.ru/_nuxt/fVY6jQV9.js:57
[  144483ms] [WARNING] Destination image width or height more than source
src: https://cdn1.tenchat.ru/static/vbc-gostinder/user-picture/458f263b-6ecb-4c4a-93e4-f4b0a28f2279.jpeg @ https://cdn2.tenchat.ru/_nuxt/fVY6jQV9.js:57
[  144484ms] [WARNING] Destination image width or height more than source
src: https://cdn1.tenchat.ru/static/vbc-gostinder/user-picture/458f263b-6ecb-4c4a-93e4-f4b0a28f2279.jpeg @ https://cdn2.tenchat.ru/_nuxt/fVY6jQV9.js:57
[  144484ms] [WARNING] Destination image width or height more than source
src: https://cdn1.tenchat.ru/static/vbc-gostinder/user-picture/458f263b-6ecb-4c4a-93e4-f4b0a28f2279.jpeg @ https://cdn2.tenchat.ru/_nuxt/fVY6jQV9.js:57
[  144484ms] [WARNING] Destination image width or height more than source
src: https://cdn1.tenchat.ru/static/vbc-gostinder/user-picture/458f263b-6ecb-4c4a-93e4-f4b0a28f2279.jpeg @ https://cdn2.tenchat.ru/_nuxt/fVY6jQV9.js:57
[  144485ms] [WARNING] Destination image width or height more than source
src: https://cdn1.tenchat.ru/static/vbc-gostinder/user-picture/458f263b-6ecb-4c4a-93e4-f4b0a28f2279.jpeg @ https://cdn2.tenchat.ru/_nuxt/fVY6jQV9.js:57
[  144485ms] [WARNING] Destination image width or height more than source
src: https://cdn1.tenchat.ru/static/vbc-gostinder/user-picture/458f263b-6ecb-4c4a-93e4-f4b0a28f2279.jpeg @ https://cdn2.tenchat.ru/_nuxt/fVY6jQV9.js:57
[  144485ms] [WARNING] Destination image width or height more than source
src: https://cdn1.tenchat.ru/static/vbc-gostinder/user-picture/458f263b-6ecb-4c4a-93e4-f4b0a28f2279.jpeg @ https://cdn2.tenchat.ru/_nuxt/fVY6jQV9.js:57
[  144486ms] [WARNING] Destination image width or height more than source
src: https://cdn1.tenchat.ru/static/vbc-gostinder/user-picture/458f263b-6ecb-4c4a-93e4-f4b0a28f2279.jpeg @ https://cdn2.tenchat.ru/_nuxt/fVY6jQV9.js:57
[  144491ms] [WARNING] Destination image width or height more than source
src: https://cdn1.tenchat.ru/static/vbc-gostinder/user-picture/2ad269f7-363a-489f-b5cf-158dd0b8a0c6.jpg @ https://cdn2.tenchat.ru/_nuxt/fVY6jQV9.js:57
[  144492ms] [WARNING] Destination image width or height more than source
src: https://cdn1.tenchat.ru/static/vbc-gostinder/user-picture/2ad269f7-363a-489f-b5cf-158dd0b8a0c6.jpg @ https://cdn2.tenchat.ru/_nuxt/fVY6jQV9.js:57
[  144492ms] [WARNING] Destination image width or height more than source
src: https://cdn1.tenchat.ru/static/vbc-gostinder/user-picture/2ad269f7-363a-489f-b5cf-158dd0b8a0c6.jpg @ https://cdn2.tenchat.ru/_nuxt/fVY6jQV9.js:57
[  144492ms] [WARNING] Destination image width or height more than source
src: https://cdn1.tenchat.ru/static/vbc-gostinder/user-picture/2ad269f7-363a-489f-b5cf-158dd0b8a0c6.jpg @ https://cdn2.tenchat.ru/_nuxt/fVY6jQV9.js:57
[  144493ms] [WARNING] Destination image width or height more than source
src: https://cdn1.tenchat.ru/static/vbc-gostinder/user-picture/2ad269f7-363a-489f-b5cf-158dd0b8a0c6.jpg @ https://cdn2.tenchat.ru/_nuxt/fVY6jQV9.js:57
[  144493ms] [WARNING] Destination image width or height more than source
src: https://cdn1.tenchat.ru/static/vbc-gostinder/user-picture/2ad269f7-363a-489f-b5cf-158dd0b8a0c6.jpg @ https://cdn2.tenchat.ru/_nuxt/fVY6jQV9.js:57
[  144493ms] [WARNING] Destination image width or height more than source
src: https://cdn1.tenchat.ru/static/vbc-gostinder/user-picture/2ad269f7-363a-489f-b5cf-158dd0b8a0c6.jpg @ https://cdn2.tenchat.ru/_nuxt/fVY6jQV9.js:57
[  144493ms] [WARNING] Destination image width or height more than source
src: https://cdn1.tenchat.ru/static/vbc-gostinder/user-picture/2ad269f7-363a-489f-b5cf-158dd0b8a0c6.jpg @ https://cdn2.tenchat.ru/_nuxt/fVY6jQV9.js:57
[  144494ms] [WARNING] Destination image width or height more than source
src: https://cdn1.tenchat.ru/static/vbc-gostinder/user-picture/2ad269f7-363a-489f-b5cf-158dd0b8a0c6.jpg @ https://cdn2.tenchat.ru/_nuxt/fVY6jQV9.js:57
[  144494ms] [WARNING] Destination image width or height more than source
src: https://cdn1.tenchat.ru/static/vbc-gostinder/user-picture/2ad269f7-363a-489f-b5cf-158dd0b8a0c6.jpg @ https://cdn2.tenchat.ru/_nuxt/fVY6jQV9.js:57
[  144494ms] [WARNING] Destination image width or height more than source
src: https://cdn1.tenchat.ru/static/vbc-gostinder/user-picture/2ad269f7-363a-489f-b5cf-158dd0b8a0c6.jpg @ https://cdn2.tenchat.ru/_nuxt/fVY6jQV9.js:57
[  144495ms] [WARNING] Destination image width or height more than source
src: https://cdn1.tenchat.ru/static/vbc-gostinder/user-picture/2ad269f7-363a-489f-b5cf-158dd0b8a0c6.jpg @ https://cdn2.tenchat.ru/_nuxt/fVY6jQV9.js:57
[  144495ms] [WARNING] Destination image width or height more than source
src: https://cdn1.tenchat.ru/static/vbc-gostinder/user-picture/2ad269f7-363a-489f-b5cf-158dd0b8a0c6.jpg @ https://cdn2.tenchat.ru/_nuxt/fVY6jQV9.js:57
[  144495ms] [WARNING] Destination image width or height more than source
src: https://cdn1.tenchat.ru/static/vbc-gostinder/user-picture/2ad269f7-363a-489f-b5cf-158dd0b8a0c6.jpg @ https://cdn2.tenchat.ru/_nuxt/fVY6jQV9.js:57
[  144495ms] [WARNING] Destination image width or height more than source
src: https://cdn1.tenchat.ru/static/vbc-gostinder/user-picture/2ad269f7-363a-489f-b5cf-158dd0b8a0c6.jpg @ https://cdn2.tenchat.ru/_nuxt/fVY6jQV9.js:57
[  144496ms] [WARNING] Destination image width or height more than source
src: https://cdn1.tenchat.ru/static/vbc-gostinder/user-picture/2ad269f7-363a-489f-b5cf-158dd0b8a0c6.jpg @ https://cdn2.tenchat.ru/_nuxt/fVY6jQV9.js:57
[  144496ms] [WARNING] Destination image width or height more than source
src: https://cdn1.tenchat.ru/static/vbc-gostinder/user-picture/2ad269f7-363a-489f-b5cf-158dd0b8a0c6.jpg @ https://cdn2.tenchat.ru/_nuxt/fVY6jQV9.js:57
[  144496ms] [WARNING] Destination image width or height more than source
src: https://cdn1.tenchat.ru/static/vbc-gostinder/user-picture/2ad269f7-363a-489f-b5cf-158dd0b8a0c6.jpg @ https://cdn2.tenchat.ru/_nuxt/fVY6jQV9.js:57
[  144497ms] [WARNING] Destination image width or height more than source
src: https://cdn1.tenchat.ru/static/vbc-gostinder/user-picture/2ad269f7-363a-489f-b5cf-158dd0b8a0c6.jpg @ https://cdn2.tenchat.ru/_nuxt/fVY6jQV9.js:57
[  144497ms] [WARNING] Destination image width or height more than source
src: https://cdn1.tenchat.ru/static/vbc-gostinder/user-picture/2ad269f7-363a-489f-b5cf-158dd0b8a0c6.jpg @ https://cdn2.tenchat.ru/_nuxt/fVY6jQV9.js:57
[  144497ms] [WARNING] Destination image width or height more than source
src: https://cdn1.tenchat.ru/static/vbc-gostinder/user-picture/2ad269f7-363a-489f-b5cf-158dd0b8a0c6.jpg @ https://cdn2.tenchat.ru/_nuxt/fVY6jQV9.js:57
[  144498ms] [WARNING] Destination image width or height more than source
src: https://cdn1.tenchat.ru/static/vbc-gostinder/user-picture/2ad269f7-363a-489f-b5cf-158dd0b8a0c6.jpg @ https://cdn2.tenchat.ru/_nuxt/fVY6jQV9.js:57
[  144498ms] [WARNING] Destination image width or height more than source
src: https://cdn1.tenchat.ru/static/vbc-gostinder/user-picture/2ad269f7-363a-489f-b5cf-158dd0b8a0c6.jpg @ https://cdn2.tenchat.ru/_nuxt/fVY6jQV9.js:57
[  144498ms] [WARNING] Destination image width or height more than source
src: https://cdn1.tenchat.ru/static/vbc-gostinder/user-picture/2ad269f7-363a-489f-b5cf-158dd0b8a0c6.jpg @ https://cdn2.tenchat.ru/_nuxt/fVY6jQV9.js:57
[  144499ms] [WARNING] Destination image width or height more than source
src: https://cdn1.tenchat.ru/static/vbc-gostinder/user-picture/2ad269f7-363a-489f-b5cf-158dd0b8a0c6.jpg @ https://cdn2.tenchat.ru/_nuxt/fVY6jQV9.js:57
[  144499ms] [WARNING] Destination image width or height more than source
src: https://cdn1.tenchat.ru/static/vbc-gostinder/user-picture/2ad269f7-363a-489f-b5cf-158dd0b8a0c6.jpg @ https://cdn2.tenchat.ru/_nuxt/fVY6jQV9.js:57
[  145435ms] [WARNING] Destination image width or height more than source
src: https://cdn1.tenchat.ru/static/vbc-gostinder/user-picture/af7db234-000b-4091-8b50-7f824c9736a8.jpeg @ https://cdn2.tenchat.ru/_nuxt/fVY6jQV9.js:57
[  145435ms] [WARNING] Destination image width or height more than source
src: https://cdn1.tenchat.ru/static/vbc-gostinder/user-picture/af7db234-000b-4091-8b50-7f824c9736a8.jpeg @ https://cdn2.tenchat.ru/_nuxt/fVY6jQV9.js:57
[  145435ms] [WARNING] Destination image width or height more than source
src: https://cdn1.tenchat.ru/static/vbc-gostinder/user-picture/af7db234-000b-4091-8b50-7f824c9736a8.jpeg @ https://cdn2.tenchat.ru/_nuxt/fVY6jQV9.js:57
[  145436ms] [WARNING] Destination image width or height more than source
src: https://cdn1.tenchat.ru/static/vbc-gostinder/user-picture/af7db234-000b-4091-8b50-7f824c9736a8.jpeg @ https://cdn2.tenchat.ru/_nuxt/fVY6jQV9.js:57
[  145436ms] [WARNING] Destination image width or height more than source
src: https://cdn1.tenchat.ru/static/vbc-gostinder/user-picture/af7db234-000b-4091-8b50-7f824c9736a8.jpeg @ https://cdn2.tenchat.ru/_nuxt/fVY6jQV9.js:57
[  145436ms] [WARNING] Destination image width or height more than source
src: https://cdn1.tenchat.ru/static/vbc-gostinder/user-picture/af7db234-000b-4091-8b50-7f824c9736a8.jpeg @ https://cdn2.tenchat.ru/_nuxt/fVY6jQV9.js:57
[  145436ms] [WARNING] Destination image width or height more than source
src: https://cdn1.tenchat.ru/static/vbc-gostinder/user-picture/af7db234-000b-4091-8b50-7f824c9736a8.jpeg @ https://cdn2.tenchat.ru/_nuxt/fVY6jQV9.js:57
[  145436ms] [WARNING] Destination image width or height more than source
src: https://cdn1.tenchat.ru/static/vbc-gostinder/user-picture/af7db234-000b-4091-8b50-7f824c9736a8.jpeg @ https://cdn2.tenchat.ru/_nuxt/fVY6jQV9.js:57
[  145437ms] [WARNING] Destination image width or height more than source
src: https://cdn1.tenchat.ru/static/vbc-gostinder/user-picture/af7db234-000b-4091-8b50-7f824c9736a8.jpeg @ https://cdn2.tenchat.ru/_nuxt/fVY6jQV9.js:57
[  145437ms] [WARNING] Destination image width or height more than source
src: https://cdn1.tenchat.ru/static/vbc-gostinder/user-picture/af7db234-000b-4091-8b50-7f824c9736a8.jpeg @ https://cdn2.tenchat.ru/_nuxt/fVY6jQV9.js:57
[  145437ms] [WARNING] Destination image width or height more than source
src: https://cdn1.tenchat.ru/static/vbc-gostinder/user-picture/af7db234-000b-4091-8b50-7f824c9736a8.jpeg @ https://cdn2.tenchat.ru/_nuxt/fVY6jQV9.js:57
[  145437ms] [WARNING] Destination image width or height more than source
src: https://cdn1.tenchat.ru/static/vbc-gostinder/user-picture/af7db234-000b-4091-8b50-7f824c9736a8.jpeg @ https://cdn2.tenchat.ru/_nuxt/fVY6jQV9.js:57
[  145438ms] [WARNING] Destination image width or height more than source
src: https://cdn1.tenchat.ru/static/vbc-gostinder/user-picture/af7db234-000b-4091-8b50-7f824c9736a8.jpeg @ https://cdn2.tenchat.ru/_nuxt/fVY6jQV9.js:57
[  145438ms] [WARNING] Destination image width or height more than source
src: https://cdn1.tenchat.ru/static/vbc-gostinder/user-picture/af7db234-000b-4091-8b50-7f824c9736a8.jpeg @ https://cdn2.tenchat.ru/_nuxt/fVY6jQV9.js:57
[  145438ms] [WARNING] Destination image width or height more than source
src: https://cdn1.tenchat.ru/static/vbc-gostinder/user-picture/af7db234-000b-4091-8b50-7f824c9736a8.jpeg @ https://cdn2.tenchat.ru/_nuxt/fVY6jQV9.js:57
[  145438ms] [WARNING] Destination image width or height more than source
src: https://cdn1.tenchat.ru/static/vbc-gostinder/user-picture/af7db234-000b-4091-8b50-7f824c9736a8.jpeg @ https://cdn2.tenchat.ru/_nuxt/fVY6jQV9.js:57
[  145439ms] [WARNING] Destination image width or height more than source
src: https://cdn1.tenchat.ru/static/vbc-gostinder/user-picture/af7db234-000b-4091-8b50-7f824c9736a8.jpeg @ https://cdn2.tenchat.ru/_nuxt/fVY6jQV9.js:57
[  145439ms] [WARNING] Destination image width or height more than source
src: https://cdn1.tenchat.ru/static/vbc-gostinder/user-picture/af7db234-000b-4091-8b50-7f824c9736a8.jpeg @ https://cdn2.tenchat.ru/_nuxt/fVY6jQV9.js:57
[  145439ms] [WARNING] Destination image width or height more than source
src: https://cdn1.tenchat.ru/static/vbc-gostinder/user-picture/af7db234-000b-4091-8b50-7f824c9736a8.jpeg @ https://cdn2.tenchat.ru/_nuxt/fVY6jQV9.js:57
[  145439ms] [WARNING] Destination image width or height more than source
src: https://cdn1.tenchat.ru/static/vbc-gostinder/user-picture/af7db234-000b-4091-8b50-7f824c9736a8.jpeg @ https://cdn2.tenchat.ru/_nuxt/fVY6jQV9.js:57
[  145440ms] [WARNING] Destination image width or height more than source
src: https://cdn1.tenchat.ru/static/vbc-gostinder/user-picture/af7db234-000b-4091-8b50-7f824c9736a8.jpeg @ https://cdn2.tenchat.ru/_nuxt/fVY6jQV9.js:57
[  145440ms] [WARNING] Destination image width or height more than source
src: https://cdn1.tenchat.ru/static/vbc-gostinder/user-picture/af7db234-000b-4091-8b50-7f824c9736a8.jpeg @ https://cdn2.tenchat.ru/_nuxt/fVY6jQV9.js:57
[  145440ms] [WARNING] Destination image width or height more than source
src: https://cdn1.tenchat.ru/static/vbc-gostinder/user-picture/af7db234-000b-4091-8b50-7f824c9736a8.jpeg @ https://cdn2.tenchat.ru/_nuxt/fVY6jQV9.js:57
[  145440ms] [WARNING] Destination image width or height more than source
src: https://cdn1.tenchat.ru/static/vbc-gostinder/user-picture/af7db234-000b-4091-8b50-7f824c9736a8.jpeg @ https://cdn2.tenchat.ru/_nuxt/fVY6jQV9.js:57
[  145441ms] [WARNING] Destination image width or height more than source
src: https://cdn1.tenchat.ru/static/vbc-gostinder/user-picture/af7db234-000b-4091-8b50-7f824c9736a8.jpeg @ https://cdn2.tenchat.ru/_nuxt/fVY6jQV9.js:57
[  145441ms] [WARNING] Destination image width or height more than source
src: https://cdn1.tenchat.ru/static/vbc-gostinder/user-picture/af7db234-000b-4091-8b50-7f824c9736a8.jpeg @ https://cdn2.tenchat.ru/_nuxt/fVY6jQV9.js:57
[  145441ms] [WARNING] Destination image width or height more than source
src: https://cdn1.tenchat.ru/static/vbc-gostinder/user-picture/af7db234-000b-4091-8b50-7f824c9736a8.jpeg @ https://cdn2.tenchat.ru/_nuxt/fVY6jQV9.js:57
[  145441ms] [WARNING] Destination image width or height more than source
src: https://cdn1.tenchat.ru/static/vbc-gostinder/user-picture/af7db234-000b-4091-8b50-7f824c9736a8.jpeg @ https://cdn2.tenchat.ru/_nuxt/fVY6jQV9.js:57
[  145441ms] [WARNING] Destination image width or height more than source
src: https://cdn1.tenchat.ru/static/vbc-gostinder/user-picture/af7db234-000b-4091-8b50-7f824c9736a8.jpeg @ https://cdn2.tenchat.ru/_nuxt/fVY6jQV9.js:57
[  145442ms] [WARNING] Destination image width or height more than source
src: https://cdn1.tenchat.ru/static/vbc-gostinder/user-picture/af7db234-000b-4091-8b50-7f824c9736a8.jpeg @ https://cdn2.tenchat.ru/_nuxt/fVY6jQV9.js:57
[  145442ms] [WARNING] Destination image width or height more than source
src: https://cdn1.tenchat.ru/static/vbc-gostinder/user-picture/af7db234-000b-4091-8b50-7f824c9736a8.jpeg @ https://cdn2.tenchat.ru/_nuxt/fVY6jQV9.js:57
[  145442ms] [WARNING] Destination image width or height more than source
src: https://cdn1.tenchat.ru/static/vbc-gostinder/user-picture/af7db234-000b-4091-8b50-7f824c9736a8.jpeg @ https://cdn2.tenchat.ru/_nuxt/fVY6jQV9.js:57
[  145442ms] [WARNING] Destination image width or height more than source
src: https://cdn1.tenchat.ru/static/vbc-gostinder/user-picture/af7db234-000b-4091-8b50-7f824c9736a8.jpeg @ https://cdn2.tenchat.ru/_nuxt/fVY6jQV9.js:57
[  145443ms] [WARNING] Destination image width or height more than source
src: https://cdn1.tenchat.ru/static/vbc-gostinder/user-picture/af7db234-000b-4091-8b50-7f824c9736a8.jpeg @ https://cdn2.tenchat.ru/_nuxt/fVY6jQV9.js:57
[  145443ms] [WARNING] Destination image width or height more than source
src: https://cdn1.tenchat.ru/static/vbc-gostinder/user-picture/af7db234-000b-4091-8b50-7f824c9736a8.jpeg @ https://cdn2.tenchat.ru/_nuxt/fVY6jQV9.js:57
[  145443ms] [WARNING] Destination image width or height more than source
src: https://cdn1.tenchat.ru/static/vbc-gostinder/user-picture/af7db234-000b-4091-8b50-7f824c9736a8.jpeg @ https://cdn2.tenchat.ru/_nuxt/fVY6jQV9.js:57
[  145443ms] [WARNING] Destination image width or height more than source
src: https://cdn1.tenchat.ru/static/vbc-gostinder/user-picture/af7db234-000b-4091-8b50-7f824c9736a8.jpeg @ https://cdn2.tenchat.ru/_nuxt/fVY6jQV9.js:57
[  145443ms] [WARNING] Destination image width or height more than source
src: https://cdn1.tenchat.ru/static/vbc-gostinder/user-picture/af7db234-000b-4091-8b50-7f824c9736a8.jpeg @ https://cdn2.tenchat.ru/_nuxt/fVY6jQV9.js:57
[  145444ms] [WARNING] Destination image width or height more than source
src: https://cdn1.tenchat.ru/static/vbc-gostinder/user-picture/af7db234-000b-4091-8b50-7f824c9736a8.jpeg @ https://cdn2.tenchat.ru/_nuxt/fVY6jQV9.js:57
[  145444ms] [WARNING] Destination image width or height more than source
src: https://cdn1.tenchat.ru/static/vbc-gostinder/user-picture/af7db234-000b-4091-8b50-7f824c9736a8.jpeg @ https://cdn2.tenchat.ru/_nuxt/fVY6jQV9.js:57
[  145444ms] [WARNING] Destination image width or height more than source
src: https://cdn1.tenchat.ru/static/vbc-gostinder/user-picture/af7db234-000b-4091-8b50-7f824c9736a8.jpeg @ https://cdn2.tenchat.ru/_nuxt/fVY6jQV9.js:57
[  145444ms] [WARNING] Destination image width or height more than source
src: https://cdn1.tenchat.ru/static/vbc-gostinder/user-picture/af7db234-000b-4091-8b50-7f824c9736a8.jpeg @ https://cdn2.tenchat.ru/_nuxt/fVY6jQV9.js:57
[  145445ms] [WARNING] Destination image width or height more than source
src: https://cdn1.tenchat.ru/static/vbc-gostinder/user-picture/af7db234-000b-4091-8b50-7f824c9736a8.jpeg @ https://cdn2.tenchat.ru/_nuxt/fVY6jQV9.js:57
[  145445ms] [WARNING] Destination image width or height more than source
src: https://cdn1.tenchat.ru/static/vbc-gostinder/user-picture/af7db234-000b-4091-8b50-7f824c9736a8.jpeg @ https://cdn2.tenchat.ru/_nuxt/fVY6jQV9.js:57
[  145445ms] [WARNING] Destination image width or height more than source
src: https://cdn1.tenchat.ru/static/vbc-gostinder/user-picture/af7db234-000b-4091-8b50-7f824c9736a8.jpeg @ https://cdn2.tenchat.ru/_nuxt/fVY6jQV9.js:57
[  145445ms] [WARNING] Destination image width or height more than source
src: https://cdn1.tenchat.ru/static/vbc-gostinder/user-picture/af7db234-000b-4091-8b50-7f824c9736a8.jpeg @ https://cdn2.tenchat.ru/_nuxt/fVY6jQV9.js:57
[  145445ms] [WARNING] Destination image width or height more than source
src: https://cdn1.tenchat.ru/static/vbc-gostinder/user-picture/af7db234-000b-4091-8b50-7f824c9736a8.jpeg @ https://cdn2.tenchat.ru/_nuxt/fVY6jQV9.js:57
[  145446ms] [WARNING] Destination image width or height more than source
src: https://cdn1.tenchat.ru/static/vbc-gostinder/user-picture/af7db234-000b-4091-8b50-7f824c9736a8.jpeg @ https://cdn2.tenchat.ru/_nuxt/fVY6jQV9.js:57
[  145446ms] [WARNING] Destination image width or height more than source
src: https://cdn1.tenchat.ru/static/vbc-gostinder/user-picture/af7db234-000b-4091-8b50-7f824c9736a8.jpeg @ https://cdn2.tenchat.ru/_nuxt/fVY6jQV9.js:57
[  145446ms] [WARNING] Destination image width or height more than source
src: https://cdn1.tenchat.ru/static/vbc-gostinder/user-picture/af7db234-000b-4091-8b50-7f824c9736a8.jpeg @ https://cdn2.tenchat.ru/_nuxt/fVY6jQV9.js:57
[  145446ms] [WARNING] Destination image width or height more than source
src: https://cdn1.tenchat.ru/static/vbc-gostinder/user-picture/af7db234-000b-4091-8b50-7f824c9736a8.jpeg @ https://cdn2.tenchat.ru/_nuxt/fVY6jQV9.js:57
[  145446ms] [WARNING] Destination image width or height more than source
src: https://cdn1.tenchat.ru/static/vbc-gostinder/user-picture/af7db234-000b-4091-8b50-7f824c9736a8.jpeg @ https://cdn2.tenchat.ru/_nuxt/fVY6jQV9.js:57
[  145447ms] [WARNING] Destination image width or height more than source
src: https://cdn1.tenchat.ru/static/vbc-gostinder/user-picture/af7db234-000b-4091-8b50-7f824c9736a8.jpeg @ https://cdn2.tenchat.ru/_nuxt/fVY6jQV9.js:57
[  145459ms] [WARNING] Destination image width or height more than source
src: https://cdn1.tenchat.ru/static/vbc-gostinder/user-picture/b2f26f13-3d65-4927-bf45-9cd5cda84b0e.jpeg @ https://cdn2.tenchat.ru/_nuxt/fVY6jQV9.js:57
[  145459ms] [WARNING] Destination image width or height more than source
src: https://cdn1.tenchat.ru/static/vbc-gostinder/user-picture/b2f26f13-3d65-4927-bf45-9cd5cda84b0e.jpeg @ https://cdn2.tenchat.ru/_nuxt/fVY6jQV9.js:57
[  145459ms] [WARNING] Destination image width or height more than source
src: https://cdn1.tenchat.ru/static/vbc-gostinder/user-picture/b2f26f13-3d65-4927-bf45-9cd5cda84b0e.jpeg @ https://cdn2.tenchat.ru/_nuxt/fVY6jQV9.js:57
[  145459ms] [WARNING] Destination image width or height more than source
src: https://cdn1.tenchat.ru/static/vbc-gostinder/user-picture/b2f26f13-3d65-4927-bf45-9cd5cda84b0e.jpeg @ https://cdn2.tenchat.ru/_nuxt/fVY6jQV9.js:57
[  145460ms] [WARNING] Destination image width or height more than source
src: https://cdn1.tenchat.ru/static/vbc-gostinder/user-picture/b2f26f13-3d65-4927-bf45-9cd5cda84b0e.jpeg @ https://cdn2.tenchat.ru/_nuxt/fVY6jQV9.js:57
[  145460ms] [WARNING] Destination image width or height more than source
src: https://cdn1.tenchat.ru/static/vbc-gostinder/user-picture/b2f26f13-3d65-4927-bf45-9cd5cda84b0e.jpeg @ https://cdn2.tenchat.ru/_nuxt/fVY6jQV9.js:57
[  145460ms] [WARNING] Destination image width or height more than source
src: https://cdn1.tenchat.ru/static/vbc-gostinder/user-picture/b2f26f13-3d65-4927-bf45-9cd5cda84b0e.jpeg @ https://cdn2.tenchat.ru/_nuxt/fVY6jQV9.js:57
[  145460ms] [WARNING] Destination image width or height more than source
src: https://cdn1.tenchat.ru/static/vbc-gostinder/user-picture/b2f26f13-3d65-4927-bf45-9cd5cda84b0e.jpeg @ https://cdn2.tenchat.ru/_nuxt/fVY6jQV9.js:57
[  145461ms] [WARNING] Destination image width or height more than source
src: https://cdn1.tenchat.ru/static/vbc-gostinder/user-picture/b2f26f13-3d65-4927-bf45-9cd5cda84b0e.jpeg @ https://cdn2.tenchat.ru/_nuxt/fVY6jQV9.js:57
[  145461ms] [WARNING] Destination image width or height more than source
src: https://cdn1.tenchat.ru/static/vbc-gostinder/user-picture/b2f26f13-3d65-4927-bf45-9cd5cda84b0e.jpeg @ https://cdn2.tenchat.ru/_nuxt/fVY6jQV9.js:57
[  145461ms] [WARNING] Destination image width or height more than source
src: https://cdn1.tenchat.ru/static/vbc-gostinder/user-picture/b2f26f13-3d65-4927-bf45-9cd5cda84b0e.jpeg @ https://cdn2.tenchat.ru/_nuxt/fVY6jQV9.js:57
[  145461ms] [WARNING] Destination image width or height more than source
src: https://cdn1.tenchat.ru/static/vbc-gostinder/user-picture/b2f26f13-3d65-4927-bf45-9cd5cda84b0e.jpeg @ https://cdn2.tenchat.ru/_nuxt/fVY6jQV9.js:57
[  145461ms] [WARNING] Destination image width or height more than source
src: https://cdn1.tenchat.ru/static/vbc-gostinder/user-picture/b2f26f13-3d65-4927-bf45-9cd5cda84b0e.jpeg @ https://cdn2.tenchat.ru/_nuxt/fVY6jQV9.js:57
[  145462ms] [WARNING] Destination image width or height more than source
src: https://cdn1.tenchat.ru/static/vbc-gostinder/user-picture/b2f26f13-3d65-4927-bf45-9cd5cda84b0e.jpeg @ https://cdn2.tenchat.ru/_nuxt/fVY6jQV9.js:57
[  145462ms] [WARNING] Destination image width or height more than source
src: https://cdn1.tenchat.ru/static/vbc-gostinder/user-picture/b2f26f13-3d65-4927-bf45-9cd5cda84b0e.jpeg @ https://cdn2.tenchat.ru/_nuxt/fVY6jQV9.js:57
[  145462ms] [WARNING] Destination image width or height more than source
src: https://cdn1.tenchat.ru/static/vbc-gostinder/user-picture/b2f26f13-3d65-4927-bf45-9cd5cda84b0e.jpeg @ https://cdn2.tenchat.ru/_nuxt/fVY6jQV9.js:57
[  145462ms] [WARNING] Destination image width or height more than source
src: https://cdn1.tenchat.ru/static/vbc-gostinder/user-picture/b2f26f13-3d65-4927-bf45-9cd5cda84b0e.jpeg @ https://cdn2.tenchat.ru/_nuxt/fVY6jQV9.js:57
[  145462ms] [WARNING] Destination image width or height more than source
src: https://cdn1.tenchat.ru/static/vbc-gostinder/user-picture/b2f26f13-3d65-4927-bf45-9cd5cda84b0e.jpeg @ https://cdn2.tenchat.ru/_nuxt/fVY6jQV9.js:57
[  145463ms] [WARNING] Destination image width or height more than source
src: https://cdn1.tenchat.ru/static/vbc-gostinder/user-picture/b2f26f13-3d65-4927-bf45-9cd5cda84b0e.jpeg @ https://cdn2.tenchat.ru/_nuxt/fVY6jQV9.js:57
[  145463ms] [WARNING] Destination image width or height more than source
src: https://cdn1.tenchat.ru/static/vbc-gostinder/user-picture/b2f26f13-3d65-4927-bf45-9cd5cda84b0e.jpeg @ https://cdn2.tenchat.ru/_nuxt/fVY6jQV9.js:57
[  145463ms] [WARNING] Destination image width or height more than source
src: https://cdn1.tenchat.ru/static/vbc-gostinder/user-picture/b2f26f13-3d65-4927-bf45-9cd5cda84b0e.jpeg @ https://cdn2.tenchat.ru/_nuxt/fVY6jQV9.js:57
[  145463ms] [WARNING] Destination image width or height more than source
src: https://cdn1.tenchat.ru/static/vbc-gostinder/user-picture/b2f26f13-3d65-4927-bf45-9cd5cda84b0e.jpeg @ https://cdn2.tenchat.ru/_nuxt/fVY6jQV9.js:57
[  145464ms] [WARNING] Destination image width or height more than source
src: https://cdn1.tenchat.ru/static/vbc-gostinder/user-picture/b2f26f13-3d65-4927-bf45-9cd5cda84b0e.jpeg @ https://cdn2.tenchat.ru/_nuxt/fVY6jQV9.js:57
[  145464ms] [WARNING] Destination image width or height more than source
src: https://cdn1.tenchat.ru/static/vbc-gostinder/user-picture/b2f26f13-3d65-4927-bf45-9cd5cda84b0e.jpeg @ https://cdn2.tenchat.ru/_nuxt/fVY6jQV9.js:57
[  145464ms] [WARNING] Destination image width or height more than source
src: https://cdn1.tenchat.ru/static/vbc-gostinder/user-picture/b2f26f13-3d65-4927-bf45-9cd5cda84b0e.jpeg @ https://cdn2.tenchat.ru/_nuxt/fVY6jQV9.js:57
[  145464ms] [WARNING] Destination image width or height more than source
src: https://cdn1.tenchat.ru/static/vbc-gostinder/user-picture/b2f26f13-3d65-4927-bf45-9cd5cda84b0e.jpeg @ https://cdn2.tenchat.ru/_nuxt/fVY6jQV9.js:57
[  171543ms] [WARNING] Destination image width or height more than source
src: https://cdn1.tenchat.ru/static/vbc-gostinder/user-picture/c2ad99ad-207d-4db3-8250-68f028bbcc97.jpeg @ https://cdn2.tenchat.ru/_nuxt/fVY6jQV9.js:57
[  171544ms] [WARNING] Destination image width or height more than source
src: https://cdn1.tenchat.ru/static/vbc-gostinder/user-picture/c2ad99ad-207d-4db3-8250-68f028bbcc97.jpeg @ https://cdn2.tenchat.ru/_nuxt/fVY6jQV9.js:57
[  171544ms] [WARNING] Destination image width or height more than source
src: https://cdn1.tenchat.ru/static/vbc-gostinder/user-picture/c2ad99ad-207d-4db3-8250-68f028bbcc97.jpeg @ https://cdn2.tenchat.ru/_nuxt/fVY6jQV9.js:57
[  171544ms] [WARNING] Destination image width or height more than source
src: https://cdn1.tenchat.ru/static/vbc-gostinder/user-picture/c2ad99ad-207d-4db3-8250-68f028bbcc97.jpeg @ https://cdn2.tenchat.ru/_nuxt/fVY6jQV9.js:57
[  171544ms] [WARNING] Destination image width or height more than source
src: https://cdn1.tenchat.ru/static/vbc-gostinder/user-picture/c2ad99ad-207d-4db3-8250-68f028bbcc97.jpeg @ https://cdn2.tenchat.ru/_nuxt/fVY6jQV9.js:57
[  171545ms] [WARNING] Destination image width or height more than source
src: https://cdn1.tenchat.ru/static/vbc-gostinder/user-picture/c2ad99ad-207d-4db3-8250-68f028bbcc97.jpeg @ https://cdn2.tenchat.ru/_nuxt/fVY6jQV9.js:57
[  171545ms] [WARNING] Destination image width or height more than source
src: https://cdn1.tenchat.ru/static/vbc-gostinder/user-picture/c2ad99ad-207d-4db3-8250-68f028bbcc97.jpeg @ https://cdn2.tenchat.ru/_nuxt/fVY6jQV9.js:57
[  171545ms] [WARNING] Destination image width or height more than source
src: https://cdn1.tenchat.ru/static/vbc-gostinder/user-picture/c2ad99ad-207d-4db3-8250-68f028bbcc97.jpeg @ https://cdn2.tenchat.ru/_nuxt/fVY6jQV9.js:57
[  171545ms] [WARNING] Destination image width or height more than source
src: https://cdn1.tenchat.ru/static/vbc-gostinder/user-picture/c2ad99ad-207d-4db3-8250-68f028bbcc97.jpeg @ https://cdn2.tenchat.ru/_nuxt/fVY6jQV9.js:57
[  171546ms] [WARNING] Destination image width or height more than source
src: https://cdn1.tenchat.ru/static/vbc-gostinder/user-picture/c2ad99ad-207d-4db3-8250-68f028bbcc97.jpeg @ https://cdn2.tenchat.ru/_nuxt/fVY6jQV9.js:57
[  171546ms] [WARNING] Destination image width or height more than source
src: https://cdn1.tenchat.ru/static/vbc-gostinder/user-picture/c2ad99ad-207d-4db3-8250-68f028bbcc97.jpeg @ https://cdn2.tenchat.ru/_nuxt/fVY6jQV9.js:57
[  171546ms] [WARNING] Destination image width or height more than source
src: https://cdn1.tenchat.ru/static/vbc-gostinder/user-picture/c2ad99ad-207d-4db3-8250-68f028bbcc97.jpeg @ https://cdn2.tenchat.ru/_nuxt/fVY6jQV9.js:57
[  171546ms] [WARNING] Destination image width or height more than source
src: https://cdn1.tenchat.ru/static/vbc-gostinder/user-picture/c2ad99ad-207d-4db3-8250-68f028bbcc97.jpeg @ https://cdn2.tenchat.ru/_nuxt/fVY6jQV9.js:57
[  171547ms] [WARNING] Destination image width or height more than source
src: https://cdn1.tenchat.ru/static/vbc-gostinder/user-picture/c2ad99ad-207d-4db3-8250-68f028bbcc97.jpeg @ https://cdn2.tenchat.ru/_nuxt/fVY6jQV9.js:57
[  171547ms] [WARNING] Destination image width or height more than source
src: https://cdn1.tenchat.ru/static/vbc-gostinder/user-picture/c2ad99ad-207d-4db3-8250-68f028bbcc97.jpeg @ https://cdn2.tenchat.ru/_nuxt/fVY6jQV9.js:57
[  171547ms] [WARNING] Destination image width or height more than source
src: https://cdn1.tenchat.ru/static/vbc-gostinder/user-picture/c2ad99ad-207d-4db3-8250-68f028bbcc97.jpeg @ https://cdn2.tenchat.ru/_nuxt/fVY6jQV9.js:57
[  171547ms] [WARNING] Destination image width or height more than source
src: https://cdn1.tenchat.ru/static/vbc-gostinder/user-picture/c2ad99ad-207d-4db3-8250-68f028bbcc97.jpeg @ https://cdn2.tenchat.ru/_nuxt/fVY6jQV9.js:57
[  171547ms] [WARNING] Destination image width or height more than source
src: https://cdn1.tenchat.ru/static/vbc-gostinder/user-picture/c2ad99ad-207d-4db3-8250-68f028bbcc97.jpeg @ https://cdn2.tenchat.ru/_nuxt/fVY6jQV9.js:57
[  171548ms] [WARNING] Destination image width or height more than source
src: https://cdn1.tenchat.ru/static/vbc-gostinder/user-picture/c2ad99ad-207d-4db3-8250-68f028bbcc97.jpeg @ https://cdn2.tenchat.ru/_nuxt/fVY6jQV9.js:57
[  171548ms] [WARNING] Destination image width or height more than source
src: https://cdn1.tenchat.ru/static/vbc-gostinder/user-picture/c2ad99ad-207d-4db3-8250-68f028bbcc97.jpeg @ https://cdn2.tenchat.ru/_nuxt/fVY6jQV9.js:57
[  171548ms] [WARNING] Destination image width or height more than source
src: https://cdn1.tenchat.ru/static/vbc-gostinder/user-picture/c2ad99ad-207d-4db3-8250-68f028bbcc97.jpeg @ https://cdn2.tenchat.ru/_nuxt/fVY6jQV9.js:57
[  171549ms] [WARNING] Destination image width or height more than source
src: https://cdn1.tenchat.ru/static/vbc-gostinder/user-picture/c2ad99ad-207d-4db3-8250-68f028bbcc97.jpeg @ https://cdn2.tenchat.ru/_nuxt/fVY6jQV9.js:57
[  171549ms] [WARNING] Destination image width or height more than source
src: https://cdn1.tenchat.ru/static/vbc-gostinder/user-picture/c2ad99ad-207d-4db3-8250-68f028bbcc97.jpeg @ https://cdn2.tenchat.ru/_nuxt/fVY6jQV9.js:57
[  171549ms] [WARNING] Destination image width or height more than source
src: https://cdn1.tenchat.ru/static/vbc-gostinder/user-picture/c2ad99ad-207d-4db3-8250-68f028bbcc97.jpeg @ https://cdn2.tenchat.ru/_nuxt/fVY6jQV9.js:57
[  171549ms] [WARNING] Destination image width or height more than source
src: https://cdn1.tenchat.ru/static/vbc-gostinder/user-picture/c2ad99ad-207d-4db3-8250-68f028bbcc97.jpeg @ https://cdn2.tenchat.ru/_nuxt/fVY6jQV9.js:57
[  171550ms] [WARNING] Destination image width or height more than source
src: https://cdn1.tenchat.ru/static/vbc-gostinder/user-picture/c2ad99ad-207d-4db3-8250-68f028bbcc97.jpeg @ https://cdn2.tenchat.ru/_nuxt/fVY6jQV9.js:57
[  185456ms] [WARNING] Returning existing promise for: GET:/gostinder/api/web/auth/account/username/cis_svodka:{} Promise @ https://cdn2.tenchat.ru/_nuxt/fVY6jQV9.js:93
[  194724ms] [WARNING] Destination image width or height more than source
src: https://cdn1.tenchat.ru/static/vbc-gostinder/user-picture/8a297dae-a2fa-4062-b9de-ee24b4ccb436.jpg @ https://cdn2.tenchat.ru/_nuxt/fVY6jQV9.js:57
[  194725ms] [WARNING] Destination image width or height more than source
src: https://cdn1.tenchat.ru/static/vbc-gostinder/user-picture/8a297dae-a2fa-4062-b9de-ee24b4ccb436.jpg @ https://cdn2.tenchat.ru/_nuxt/fVY6jQV9.js:57
[  194726ms] [WARNING] Destination image width or height more than source
src: https://cdn1.tenchat.ru/static/vbc-gostinder/user-picture/8a297dae-a2fa-4062-b9de-ee24b4ccb436.jpg @ https://cdn2.tenchat.ru/_nuxt/fVY6jQV9.js:57
[  194726ms] [WARNING] Destination image width or height more than source
src: https://cdn1.tenchat.ru/static/vbc-gostinder/user-picture/8a297dae-a2fa-4062-b9de-ee24b4ccb436.jpg @ https://cdn2.tenchat.ru/_nuxt/fVY6jQV9.js:57
[  194727ms] [WARNING] Destination image width or height more than source
src: https://cdn1.tenchat.ru/static/vbc-gostinder/user-picture/8a297dae-a2fa-4062-b9de-ee24b4ccb436.jpg @ https://cdn2.tenchat.ru/_nuxt/fVY6jQV9.js:57
[  194727ms] [WARNING] Destination image width or height more than source
src: https://cdn1.tenchat.ru/static/vbc-gostinder/user-picture/8a297dae-a2fa-4062-b9de-ee24b4ccb436.jpg @ https://cdn2.tenchat.ru/_nuxt/fVY6jQV9.js:57
[  194728ms] [WARNING] Destination image width or height more than source
src: https://cdn1.tenchat.ru/static/vbc-gostinder/user-picture/8a297dae-a2fa-4062-b9de-ee24b4ccb436.jpg @ https://cdn2.tenchat.ru/_nuxt/fVY6jQV9.js:57
[  194728ms] [WARNING] Destination image width or height more than source
src: https://cdn1.tenchat.ru/static/vbc-gostinder/user-picture/8a297dae-a2fa-4062-b9de-ee24b4ccb436.jpg @ https://cdn2.tenchat.ru/_nuxt/fVY6jQV9.js:57
[  194729ms] [WARNING] Destination image width or height more than source
src: https://cdn1.tenchat.ru/static/vbc-gostinder/user-picture/8a297dae-a2fa-4062-b9de-ee24b4ccb436.jpg @ https://cdn2.tenchat.ru/_nuxt/fVY6jQV9.js:57
[  194729ms] [WARNING] Destination image width or height more than source
src: https://cdn1.tenchat.ru/static/vbc-gostinder/user-picture/8a297dae-a2fa-4062-b9de-ee24b4ccb436.jpg @ https://cdn2.tenchat.ru/_nuxt/fVY6jQV9.js:57
[  194730ms] [WARNING] Destination image width or height more than source
src: https://cdn1.tenchat.ru/static/vbc-gostinder/user-picture/8a297dae-a2fa-4062-b9de-ee24b4ccb436.jpg @ https://cdn2.tenchat.ru/_nuxt/fVY6jQV9.js:57
[  194730ms] [WARNING] Destination image width or height more than source
src: https://cdn1.tenchat.ru/static/vbc-gostinder/user-picture/8a297dae-a2fa-4062-b9de-ee24b4ccb436.jpg @ https://cdn2.tenchat.ru/_nuxt/fVY6jQV9.js:57
[  194731ms] [WARNING] Destination image width or height more than source
src: https://cdn1.tenchat.ru/static/vbc-gostinder/user-picture/8a297dae-a2fa-4062-b9de-ee24b4ccb436.jpg @ https://cdn2.tenchat.ru/_nuxt/fVY6jQV9.js:57
[  194731ms] [WARNING] Destination image width or height more than source
src: https://cdn1.tenchat.ru/static/vbc-gostinder/user-picture/8a297dae-a2fa-4062-b9de-ee24b4ccb436.jpg @ https://cdn2.tenchat.ru/_nuxt/fVY6jQV9.js:57
[  194732ms] [WARNING] Destination image width or height more than source
src: https://cdn1.tenchat.ru/static/vbc-gostinder/user-picture/8a297dae-a2fa-4062-b9de-ee24b4ccb436.jpg @ https://cdn2.tenchat.ru/_nuxt/fVY6jQV9.js:57
[  194732ms] [WARNING] Destination image width or height more than source
src: https://cdn1.tenchat.ru/static/vbc-gostinder/user-picture/8a297dae-a2fa-4062-b9de-ee24b4ccb436.jpg @ https://cdn2.tenchat.ru/_nuxt/fVY6jQV9.js:57
[  194733ms] [WARNING] Destination image width or height more than source
src: https://cdn1.tenchat.ru/static/vbc-gostinder/user-picture/8a297dae-a2fa-4062-b9de-ee24b4ccb436.jpg @ https://cdn2.tenchat.ru/_nuxt/fVY6jQV9.js:57
[  194733ms] [WARNING] Destination image width or height more than source
src: https://cdn1.tenchat.ru/static/vbc-gostinder/user-picture/8a297dae-a2fa-4062-b9de-ee24b4ccb436.jpg @ https://cdn2.tenchat.ru/_nuxt/fVY6jQV9.js:57
[  194734ms] [WARNING] Destination image width or height more than source
src: https://cdn1.tenchat.ru/static/vbc-gostinder/user-picture/8a297dae-a2fa-4062-b9de-ee24b4ccb436.jpg @ https://cdn2.tenchat.ru/_nuxt/fVY6jQV9.js:57
[  194734ms] [WARNING] Destination image width or height more than source
src: https://cdn1.tenchat.ru/static/vbc-gostinder/user-picture/8a297dae-a2fa-4062-b9de-ee24b4ccb436.jpg @ https://cdn2.tenchat.ru/_nuxt/fVY6jQV9.js:57
[  194735ms] [WARNING] Destination image width or height more than source
src: https://cdn1.tenchat.ru/static/vbc-gostinder/user-picture/8a297dae-a2fa-4062-b9de-ee24b4ccb436.jpg @ https://cdn2.tenchat.ru/_nuxt/fVY6jQV9.js:57
[  194735ms] [WARNING] Destination image width or height more than source
src: https://cdn1.tenchat.ru/static/vbc-gostinder/user-picture/8a297dae-a2fa-4062-b9de-ee24b4ccb436.jpg @ https://cdn2.tenchat.ru/_nuxt/fVY6jQV9.js:57
[  194736ms] [WARNING] Destination image width or height more than source
src: https://cdn1.tenchat.ru/static/vbc-gostinder/user-picture/8a297dae-a2fa-4062-b9de-ee24b4ccb436.jpg @ https://cdn2.tenchat.ru/_nuxt/fVY6jQV9.js:57
[  194736ms] [WARNING] Destination image width or height more than source
src: https://cdn1.tenchat.ru/static/vbc-gostinder/user-picture/8a297dae-a2fa-4062-b9de-ee24b4ccb436.jpg @ https://cdn2.tenchat.ru/_nuxt/fVY6jQV9.js:57
[  194737ms] [WARNING] Destination image width or height more than source
src: https://cdn1.tenchat.ru/static/vbc-gostinder/user-picture/8a297dae-a2fa-4062-b9de-ee24b4ccb436.jpg @ https://cdn2.tenchat.ru/_nuxt/fVY6jQV9.js:57
[  194737ms] [WARNING] Destination image width or height more than source
src: https://cdn1.tenchat.ru/static/vbc-gostinder/user-picture/8a297dae-a2fa-4062-b9de-ee24b4ccb436.jpg @ https://cdn2.tenchat.ru/_nuxt/fVY6jQV9.js:57
[  194753ms] [WARNING] Destination image width or height more than source
src: https://cdn1.tenchat.ru/static/vbc-gostinder/user-picture/c6f538f6-0f5b-4fe1-a3c1-06623f454157.jpg @ https://cdn2.tenchat.ru/_nuxt/fVY6jQV9.js:57
[  194753ms] [WARNING] Destination image width or height more than source
src: https://cdn1.tenchat.ru/static/vbc-gostinder/user-picture/c6f538f6-0f5b-4fe1-a3c1-06623f454157.jpg @ https://cdn2.tenchat.ru/_nuxt/fVY6jQV9.js:57
[  194754ms] [WARNING] Destination image width or height more than source
src: https://cdn1.tenchat.ru/static/vbc-gostinder/user-picture/c6f538f6-0f5b-4fe1-a3c1-06623f454157.jpg @ https://cdn2.tenchat.ru/_nuxt/fVY6jQV9.js:57
[  194754ms] [WARNING] Destination image width or height more than source
src: https://cdn1.tenchat.ru/static/vbc-gostinder/user-picture/c6f538f6-0f5b-4fe1-a3c1-06623f454157.jpg @ https://cdn2.tenchat.ru/_nuxt/fVY6jQV9.js:57
[  194755ms] [WARNING] Destination image width or height more than source
src: https://cdn1.tenchat.ru/static/vbc-gostinder/user-picture/c6f538f6-0f5b-4fe1-a3c1-06623f454157.jpg @ https://cdn2.tenchat.ru/_nuxt/fVY6jQV9.js:57
[  194755ms] [WARNING] Destination image width or height more than source
src: https://cdn1.tenchat.ru/static/vbc-gostinder/user-picture/c6f538f6-0f5b-4fe1-a3c1-06623f454157.jpg @ https://cdn2.tenchat.ru/_nuxt/fVY6jQV9.js:57
[  194755ms] [WARNING] Destination image width or height more than source
src: https://cdn1.tenchat.ru/static/vbc-gostinder/user-picture/c6f538f6-0f5b-4fe1-a3c1-06623f454157.jpg @ https://cdn2.tenchat.ru/_nuxt/fVY6jQV9.js:57
[  194756ms] [WARNING] Destination image width or height more than source
src: https://cdn1.tenchat.ru/static/vbc-gostinder/user-picture/c6f538f6-0f5b-4fe1-a3c1-06623f454157.jpg @ https://cdn2.tenchat.ru/_nuxt/fVY6jQV9.js:57
[  194756ms] [WARNING] Destination image width or height more than source
src: https://cdn1.tenchat.ru/static/vbc-gostinder/user-picture/c6f538f6-0f5b-4fe1-a3c1-06623f454157.jpg @ https://cdn2.tenchat.ru/_nuxt/fVY6jQV9.js:57
[  194757ms] [WARNING] Destination image width or height more than source
src: https://cdn1.tenchat.ru/static/vbc-gostinder/user-picture/c6f538f6-0f5b-4fe1-a3c1-06623f454157.jpg @ https://cdn2.tenchat.ru/_nuxt/fVY6jQV9.js:57
[  194757ms] [WARNING] Destination image width or height more than source
src: https://cdn1.tenchat.ru/static/vbc-gostinder/user-picture/c6f538f6-0f5b-4fe1-a3c1-06623f454157.jpg @ https://cdn2.tenchat.ru/_nuxt/fVY6jQV9.js:57
[  194758ms] [WARNING] Destination image width or height more than source
src: https://cdn1.tenchat.ru/static/vbc-gostinder/user-picture/c6f538f6-0f5b-4fe1-a3c1-06623f454157.jpg @ https://cdn2.tenchat.ru/_nuxt/fVY6jQV9.js:57
[  194758ms] [WARNING] Destination image width or height more than source
src: https://cdn1.tenchat.ru/static/vbc-gostinder/user-picture/c6f538f6-0f5b-4fe1-a3c1-06623f454157.jpg @ https://cdn2.tenchat.ru/_nuxt/fVY6jQV9.js:57
[  194758ms] [WARNING] Destination image width or height more than source
src: https://cdn1.tenchat.ru/static/vbc-gostinder/user-picture/c6f538f6-0f5b-4fe1-a3c1-06623f454157.jpg @ https://cdn2.tenchat.ru/_nuxt/fVY6jQV9.js:57
[  194759ms] [WARNING] Destination image width or height more than source
src: https://cdn1.tenchat.ru/static/vbc-gostinder/user-picture/c6f538f6-0f5b-4fe1-a3c1-06623f454157.jpg @ https://cdn2.tenchat.ru/_nuxt/fVY6jQV9.js:57
[  194759ms] [WARNING] Destination image width or height more than source
src: https://cdn1.tenchat.ru/static/vbc-gostinder/user-picture/c6f538f6-0f5b-4fe1-a3c1-06623f454157.jpg @ https://cdn2.tenchat.ru/_nuxt/fVY6jQV9.js:57
[  194759ms] [WARNING] Destination image width or height more than source
src: https://cdn1.tenchat.ru/static/vbc-gostinder/user-picture/c6f538f6-0f5b-4fe1-a3c1-06623f454157.jpg @ https://cdn2.tenchat.ru/_nuxt/fVY6jQV9.js:57
[  194760ms] [WARNING] Destination image width or height more than source
src: https://cdn1.tenchat.ru/static/vbc-gostinder/user-picture/c6f538f6-0f5b-4fe1-a3c1-06623f454157.jpg @ https://cdn2.tenchat.ru/_nuxt/fVY6jQV9.js:57
[  194760ms] [WARNING] Destination image width or height more than source
src: https://cdn1.tenchat.ru/static/vbc-gostinder/user-picture/c6f538f6-0f5b-4fe1-a3c1-06623f454157.jpg @ https://cdn2.tenchat.ru/_nuxt/fVY6jQV9.js:57
[  194760ms] [WARNING] Destination image width or height more than source
src: https://cdn1.tenchat.ru/static/vbc-gostinder/user-picture/c6f538f6-0f5b-4fe1-a3c1-06623f454157.jpg @ https://cdn2.tenchat.ru/_nuxt/fVY6jQV9.js:57
[  194761ms] [WARNING] Destination image width or height more than source
src: https://cdn1.tenchat.ru/static/vbc-gostinder/user-picture/c6f538f6-0f5b-4fe1-a3c1-06623f454157.jpg @ https://cdn2.tenchat.ru/_nuxt/fVY6jQV9.js:57
[  194761ms] [WARNING] Destination image width or height more than source
src: https://cdn1.tenchat.ru/static/vbc-gostinder/user-picture/c6f538f6-0f5b-4fe1-a3c1-06623f454157.jpg @ https://cdn2.tenchat.ru/_nuxt/fVY6jQV9.js:57
[  194761ms] [WARNING] Destination image width or height more than source
src: https://cdn1.tenchat.ru/static/vbc-gostinder/user-picture/c6f538f6-0f5b-4fe1-a3c1-06623f454157.jpg @ https://cdn2.tenchat.ru/_nuxt/fVY6jQV9.js:57
[  194762ms] [WARNING] Destination image width or height more than source
src: https://cdn1.tenchat.ru/static/vbc-gostinder/user-picture/c6f538f6-0f5b-4fe1-a3c1-06623f454157.jpg @ https://cdn2.tenchat.ru/_nuxt/fVY6jQV9.js:57
[  194762ms] [WARNING] Destination image width or height more than source
src: https://cdn1.tenchat.ru/static/vbc-gostinder/user-picture/c6f538f6-0f5b-4fe1-a3c1-06623f454157.jpg @ https://cdn2.tenchat.ru/_nuxt/fVY6jQV9.js:57
[  194762ms] [WARNING] Destination image width or height more than source
src: https://cdn1.tenchat.ru/static/vbc-gostinder/user-picture/c6f538f6-0f5b-4fe1-a3c1-06623f454157.jpg @ https://cdn2.tenchat.ru/_nuxt/fVY6jQV9.js:57
[  194767ms] [WARNING] Destination image width or height more than source
src: https://cdn1.tenchat.ru/static/vbc-gostinder/user-picture/bb054bd3-9e83-4e73-9230-348de41760d1.jpeg @ https://cdn2.tenchat.ru/_nuxt/fVY6jQV9.js:57
[  194767ms] [WARNING] Destination image width or height more than source
src: https://cdn1.tenchat.ru/static/vbc-gostinder/user-picture/bb054bd3-9e83-4e73-9230-348de41760d1.jpeg @ https://cdn2.tenchat.ru/_nuxt/fVY6jQV9.js:57
[  194768ms] [WARNING] Destination image width or height more than source
src: https://cdn1.tenchat.ru/static/vbc-gostinder/user-picture/bb054bd3-9e83-4e73-9230-348de41760d1.jpeg @ https://cdn2.tenchat.ru/_nuxt/fVY6jQV9.js:57
[  194768ms] [WARNING] Destination image width or height more than source
src: https://cdn1.tenchat.ru/static/vbc-gostinder/user-picture/bb054bd3-9e83-4e73-9230-348de41760d1.jpeg @ https://cdn2.tenchat.ru/_nuxt/fVY6jQV9.js:57
[  194768ms] [WARNING] Destination image width or height more than source
src: https://cdn1.tenchat.ru/static/vbc-gostinder/user-picture/bb054bd3-9e83-4e73-9230-348de41760d1.jpeg @ https://cdn2.tenchat.ru/_nuxt/fVY6jQV9.js:57
[  194769ms] [WARNING] Destination image width or height more than source
src: https://cdn1.tenchat.ru/static/vbc-gostinder/user-picture/bb054bd3-9e83-4e73-9230-348de41760d1.jpeg @ https://cdn2.tenchat.ru/_nuxt/fVY6jQV9.js:57
[  194769ms] [WARNING] Destination image width or height more than source
src: https://cdn1.tenchat.ru/static/vbc-gostinder/user-picture/bb054bd3-9e83-4e73-9230-348de41760d1.jpeg @ https://cdn2.tenchat.ru/_nuxt/fVY6jQV9.js:57
[  194769ms] [WARNING] Destination image width or height more than source
src: https://cdn1.tenchat.ru/static/vbc-gostinder/user-picture/bb054bd3-9e83-4e73-9230-348de41760d1.jpeg @ https://cdn2.tenchat.ru/_nuxt/fVY6jQV9.js:57
[  194770ms] [WARNING] Destination image width or height more than source
src: https://cdn1.tenchat.ru/static/vbc-gostinder/user-picture/bb054bd3-9e83-4e73-9230-348de41760d1.jpeg @ https://cdn2.tenchat.ru/_nuxt/fVY6jQV9.js:57
[  194770ms] [WARNING] Destination image width or height more than source
src: https://cdn1.tenchat.ru/static/vbc-gostinder/user-picture/bb054bd3-9e83-4e73-9230-348de41760d1.jpeg @ https://cdn2.tenchat.ru/_nuxt/fVY6jQV9.js:57
[  194770ms] [WARNING] Destination image width or height more than source
src: https://cdn1.tenchat.ru/static/vbc-gostinder/user-picture/bb054bd3-9e83-4e73-9230-348de41760d1.jpeg @ https://cdn2.tenchat.ru/_nuxt/fVY6jQV9.js:57
[  194771ms] [WARNING] Destination image width or height more than source
src: https://cdn1.tenchat.ru/static/vbc-gostinder/user-picture/bb054bd3-9e83-4e73-9230-348de41760d1.jpeg @ https://cdn2.tenchat.ru/_nuxt/fVY6jQV9.js:57
[  194771ms] [WARNING] Destination image width or height more than source
src: https://cdn1.tenchat.ru/static/vbc-gostinder/user-picture/bb054bd3-9e83-4e73-9230-348de41760d1.jpeg @ https://cdn2.tenchat.ru/_nuxt/fVY6jQV9.js:57
[  194771ms] [WARNING] Destination image width or height more than source
src: https://cdn1.tenchat.ru/static/vbc-gostinder/user-picture/bb054bd3-9e83-4e73-9230-348de41760d1.jpeg @ https://cdn2.tenchat.ru/_nuxt/fVY6jQV9.js:57
[  194772ms] [WARNING] Destination image width or height more than source
src: https://cdn1.tenchat.ru/static/vbc-gostinder/user-picture/bb054bd3-9e83-4e73-9230-348de41760d1.jpeg @ https://cdn2.tenchat.ru/_nuxt/fVY6jQV9.js:57
[  194772ms] [WARNING] Destination image width or height more than source
src: https://cdn1.tenchat.ru/static/vbc-gostinder/user-picture/bb054bd3-9e83-4e73-9230-348de41760d1.jpeg @ https://cdn2.tenchat.ru/_nuxt/fVY6jQV9.js:57
[  194772ms] [WARNING] Destination image width or height more than source
src: https://cdn1.tenchat.ru/static/vbc-gostinder/user-picture/bb054bd3-9e83-4e73-9230-348de41760d1.jpeg @ https://cdn2.tenchat.ru/_nuxt/fVY6jQV9.js:57
[  194772ms] [WARNING] Destination image width or height more than source
src: https://cdn1.tenchat.ru/static/vbc-gostinder/user-picture/bb054bd3-9e83-4e73-9230-348de41760d1.jpeg @ https://cdn2.tenchat.ru/_nuxt/fVY6jQV9.js:57
[  194773ms] [WARNING] Destination image width or height more than source
src: https://cdn1.tenchat.ru/static/vbc-gostinder/user-picture/bb054bd3-9e83-4e73-9230-348de41760d1.jpeg @ https://cdn2.tenchat.ru/_nuxt/fVY6jQV9.js:57
[  194773ms] [WARNING] Destination image width or height more than source
src: https://cdn1.tenchat.ru/static/vbc-gostinder/user-picture/bb054bd3-9e83-4e73-9230-348de41760d1.jpeg @ https://cdn2.tenchat.ru/_nuxt/fVY6jQV9.js:57
[  194773ms] [WARNING] Destination image width or height more than source
src: https://cdn1.tenchat.ru/static/vbc-gostinder/user-picture/bb054bd3-9e83-4e73-9230-348de41760d1.jpeg @ https://cdn2.tenchat.ru/_nuxt/fVY6jQV9.js:57
[  194774ms] [WARNING] Destination image width or height more than source
src: https://cdn1.tenchat.ru/static/vbc-gostinder/user-picture/bb054bd3-9e83-4e73-9230-348de41760d1.jpeg @ https://cdn2.tenchat.ru/_nuxt/fVY6jQV9.js:57
[  194774ms] [WARNING] Destination image width or height more than source
src: https://cdn1.tenchat.ru/static/vbc-gostinder/user-picture/bb054bd3-9e83-4e73-9230-348de41760d1.jpeg @ https://cdn2.tenchat.ru/_nuxt/fVY6jQV9.js:57
[  194774ms] [WARNING] Destination image width or height more than source
src: https://cdn1.tenchat.ru/static/vbc-gostinder/user-picture/bb054bd3-9e83-4e73-9230-348de41760d1.jpeg @ https://cdn2.tenchat.ru/_nuxt/fVY6jQV9.js:57
[  194775ms] [WARNING] Destination image width or height more than source
src: https://cdn1.tenchat.ru/static/vbc-gostinder/user-picture/bb054bd3-9e83-4e73-9230-348de41760d1.jpeg @ https://cdn2.tenchat.ru/_nuxt/fVY6jQV9.js:57
[  194775ms] [WARNING] Destination image width or height more than source
src: https://cdn1.tenchat.ru/static/vbc-gostinder/user-picture/bb054bd3-9e83-4e73-9230-348de41760d1.jpeg @ https://cdn2.tenchat.ru/_nuxt/fVY6jQV9.js:57
[  194800ms] [WARNING] Destination image width or height more than source
src: https://cdn1.tenchat.ru/static/vbc-gostinder/user-picture/c2ad99ad-207d-4db3-8250-68f028bbcc97.jpeg @ https://cdn2.tenchat.ru/_nuxt/fVY6jQV9.js:57
[  194801ms] [WARNING] Destination image width or height more than source
src: https://cdn1.tenchat.ru/static/vbc-gostinder/user-picture/c2ad99ad-207d-4db3-8250-68f028bbcc97.jpeg @ https://cdn2.tenchat.ru/_nuxt/fVY6jQV9.js:57
[  194801ms] [WARNING] Destination image width or height more than source
src: https://cdn1.tenchat.ru/static/vbc-gostinder/user-picture/c2ad99ad-207d-4db3-8250-68f028bbcc97.jpeg @ https://cdn2.tenchat.ru/_nuxt/fVY6jQV9.js:57
[  194801ms] [WARNING] Destination image width or height more than source
src: https://cdn1.tenchat.ru/static/vbc-gostinder/user-picture/c2ad99ad-207d-4db3-8250-68f028bbcc97.jpeg @ https://cdn2.tenchat.ru/_nuxt/fVY6jQV9.js:57
[  194801ms] [WARNING] Destination image width or height more than source
src: https://cdn1.tenchat.ru/static/vbc-gostinder/user-picture/c2ad99ad-207d-4db3-8250-68f028bbcc97.jpeg @ https://cdn2.tenchat.ru/_nuxt/fVY6jQV9.js:57
[  194802ms] [WARNING] Destination image width or height more than source
src: https://cdn1.tenchat.ru/static/vbc-gostinder/user-picture/c2ad99ad-207d-4db3-8250-68f028bbcc97.jpeg @ https://cdn2.tenchat.ru/_nuxt/fVY6jQV9.js:57
[  194802ms] [WARNING] Destination image width or height more than source
src: https://cdn1.tenchat.ru/static/vbc-gostinder/user-picture/c2ad99ad-207d-4db3-8250-68f028bbcc97.jpeg @ https://cdn2.tenchat.ru/_nuxt/fVY6jQV9.js:57
[  194802ms] [WARNING] Destination image width or height more than source
src: https://cdn1.tenchat.ru/static/vbc-gostinder/user-picture/c2ad99ad-207d-4db3-8250-68f028bbcc97.jpeg @ https://cdn2.tenchat.ru/_nuxt/fVY6jQV9.js:57
[  194803ms] [WARNING] Destination image width or height more than source
src: https://cdn1.tenchat.ru/static/vbc-gostinder/user-picture/c2ad99ad-207d-4db3-8250-68f028bbcc97.jpeg @ https://cdn2.tenchat.ru/_nuxt/fVY6jQV9.js:57
[  194803ms] [WARNING] Destination image width or height more than source
src: https://cdn1.tenchat.ru/static/vbc-gostinder/user-picture/c2ad99ad-207d-4db3-8250-68f028bbcc97.jpeg @ https://cdn2.tenchat.ru/_nuxt/fVY6jQV9.js:57
[  194803ms] [WARNING] Destination image width or height more than source
src: https://cdn1.tenchat.ru/static/vbc-gostinder/user-picture/c2ad99ad-207d-4db3-8250-68f028bbcc97.jpeg @ https://cdn2.tenchat.ru/_nuxt/fVY6jQV9.js:57
[  194803ms] [WARNING] Destination image width or height more than source
src: https://cdn1.tenchat.ru/static/vbc-gostinder/user-picture/c2ad99ad-207d-4db3-8250-68f028bbcc97.jpeg @ https://cdn2.tenchat.ru/_nuxt/fVY6jQV9.js:57
[  194804ms] [WARNING] Destination image width or height more than source
src: https://cdn1.tenchat.ru/static/vbc-gostinder/user-picture/c2ad99ad-207d-4db3-8250-68f028bbcc97.jpeg @ https://cdn2.tenchat.ru/_nuxt/fVY6jQV9.js:57
[  194804ms] [WARNING] Destination image width or height more than source
src: https://cdn1.tenchat.ru/static/vbc-gostinder/user-picture/c2ad99ad-207d-4db3-8250-68f028bbcc97.jpeg @ https://cdn2.tenchat.ru/_nuxt/fVY6jQV9.js:57
[  194804ms] [WARNING] Destination image width or height more than source
src: https://cdn1.tenchat.ru/static/vbc-gostinder/user-picture/c2ad99ad-207d-4db3-8250-68f028bbcc97.jpeg @ https://cdn2.tenchat.ru/_nuxt/fVY6jQV9.js:57
[  194804ms] [WARNING] Destination image width or height more than source
src: https://cdn1.tenchat.ru/static/vbc-gostinder/user-picture/c2ad99ad-207d-4db3-8250-68f028bbcc97.jpeg @ https://cdn2.tenchat.ru/_nuxt/fVY6jQV9.js:57
[  194805ms] [WARNING] Destination image width or height more than source
src: https://cdn1.tenchat.ru/static/vbc-gostinder/user-picture/c2ad99ad-207d-4db3-8250-68f028bbcc97.jpeg @ https://cdn2.tenchat.ru/_nuxt/fVY6jQV9.js:57
[  194805ms] [WARNING] Destination image width or height more than source
src: https://cdn1.tenchat.ru/static/vbc-gostinder/user-picture/c2ad99ad-207d-4db3-8250-68f028bbcc97.jpeg @ https://cdn2.tenchat.ru/_nuxt/fVY6jQV9.js:57
[  194805ms] [WARNING] Destination image width or height more than source
src: https://cdn1.tenchat.ru/static/vbc-gostinder/user-picture/c2ad99ad-207d-4db3-8250-68f028bbcc97.jpeg @ https://cdn2.tenchat.ru/_nuxt/fVY6jQV9.js:57
[  194806ms] [WARNING] Destination image width or height more than source
src: https://cdn1.tenchat.ru/static/vbc-gostinder/user-picture/c2ad99ad-207d-4db3-8250-68f028bbcc97.jpeg @ https://cdn2.tenchat.ru/_nuxt/fVY6jQV9.js:57
[  194806ms] [WARNING] Destination image width or height more than source
src: https://cdn1.tenchat.ru/static/vbc-gostinder/user-picture/c2ad99ad-207d-4db3-8250-68f028bbcc97.jpeg @ https://cdn2.tenchat.ru/_nuxt/fVY6jQV9.js:57
[  194806ms] [WARNING] Destination image width or height more than source
src: https://cdn1.tenchat.ru/static/vbc-gostinder/user-picture/c2ad99ad-207d-4db3-8250-68f028bbcc97.jpeg @ https://cdn2.tenchat.ru/_nuxt/fVY6jQV9.js:57
[  194807ms] [WARNING] Destination image width or height more than source
src: https://cdn1.tenchat.ru/static/vbc-gostinder/user-picture/c2ad99ad-207d-4db3-8250-68f028bbcc97.jpeg @ https://cdn2.tenchat.ru/_nuxt/fVY6jQV9.js:57
[  194807ms] [WARNING] Destination image width or height more than source
src: https://cdn1.tenchat.ru/static/vbc-gostinder/user-picture/c2ad99ad-207d-4db3-8250-68f028bbcc97.jpeg @ https://cdn2.tenchat.ru/_nuxt/fVY6jQV9.js:57
[  194807ms] [WARNING] Destination image width or height more than source
src: https://cdn1.tenchat.ru/static/vbc-gostinder/user-picture/c2ad99ad-207d-4db3-8250-68f028bbcc97.jpeg @ https://cdn2.tenchat.ru/_nuxt/fVY6jQV9.js:57
[  194807ms] [WARNING] Destination image width or height more than source
src: https://cdn1.tenchat.ru/static/vbc-gostinder/user-picture/c2ad99ad-207d-4db3-8250-68f028bbcc97.jpeg @ https://cdn2.tenchat.ru/_nuxt/fVY6jQV9.js:57
[  194822ms] [WARNING] Destination image width or height more than source
src: https://cdn1.tenchat.ru/static/vbc-gostinder/user-picture/458f263b-6ecb-4c4a-93e4-f4b0a28f2279.jpeg @ https://cdn2.tenchat.ru/_nuxt/fVY6jQV9.js:57
[  194823ms] [WARNING] Destination image width or height more than source
src: https://cdn1.tenchat.ru/static/vbc-gostinder/user-picture/458f263b-6ecb-4c4a-93e4-f4b0a28f2279.jpeg @ https://cdn2.tenchat.ru/_nuxt/fVY6jQV9.js:57
[  194823ms] [WARNING] Destination image width or height more than source
src: https://cdn1.tenchat.ru/static/vbc-gostinder/user-picture/458f263b-6ecb-4c4a-93e4-f4b0a28f2279.jpeg @ https://cdn2.tenchat.ru/_nuxt/fVY6jQV9.js:57
[  194823ms] [WARNING] Destination image width or height more than source
src: https://cdn1.tenchat.ru/static/vbc-gostinder/user-picture/458f263b-6ecb-4c4a-93e4-f4b0a28f2279.jpeg @ https://cdn2.tenchat.ru/_nuxt/fVY6jQV9.js:57
[  194823ms] [WARNING] Destination image width or height more than source
src: https://cdn1.tenchat.ru/static/vbc-gostinder/user-picture/458f263b-6ecb-4c4a-93e4-f4b0a28f2279.jpeg @ https://cdn2.tenchat.ru/_nuxt/fVY6jQV9.js:57
[  194824ms] [WARNING] Destination image width or height more than source
src: https://cdn1.tenchat.ru/static/vbc-gostinder/user-picture/458f263b-6ecb-4c4a-93e4-f4b0a28f2279.jpeg @ https://cdn2.tenchat.ru/_nuxt/fVY6jQV9.js:57
[  194824ms] [WARNING] Destination image width or height more than source
src: https://cdn1.tenchat.ru/static/vbc-gostinder/user-picture/458f263b-6ecb-4c4a-93e4-f4b0a28f2279.jpeg @ https://cdn2.tenchat.ru/_nuxt/fVY6jQV9.js:57
[  194824ms] [WARNING] Destination image width or height more than source
src: https://cdn1.tenchat.ru/static/vbc-gostinder/user-picture/458f263b-6ecb-4c4a-93e4-f4b0a28f2279.jpeg @ https://cdn2.tenchat.ru/_nuxt/fVY6jQV9.js:57
[  194824ms] [WARNING] Destination image width or height more than source
src: https://cdn1.tenchat.ru/static/vbc-gostinder/user-picture/458f263b-6ecb-4c4a-93e4-f4b0a28f2279.jpeg @ https://cdn2.tenchat.ru/_nuxt/fVY6jQV9.js:57
[  194825ms] [WARNING] Destination image width or height more than source
src: https://cdn1.tenchat.ru/static/vbc-gostinder/user-picture/458f263b-6ecb-4c4a-93e4-f4b0a28f2279.jpeg @ https://cdn2.tenchat.ru/_nuxt/fVY6jQV9.js:57
[  194825ms] [WARNING] Destination image width or height more than source
src: https://cdn1.tenchat.ru/static/vbc-gostinder/user-picture/458f263b-6ecb-4c4a-93e4-f4b0a28f2279.jpeg @ https://cdn2.tenchat.ru/_nuxt/fVY6jQV9.js:57
[  194825ms] [WARNING] Destination image width or height more than source
src: https://cdn1.tenchat.ru/static/vbc-gostinder/user-picture/458f263b-6ecb-4c4a-93e4-f4b0a28f2279.jpeg @ https://cdn2.tenchat.ru/_nuxt/fVY6jQV9.js:57
[  194825ms] [WARNING] Destination image width or height more than source
src: https://cdn1.tenchat.ru/static/vbc-gostinder/user-picture/458f263b-6ecb-4c4a-93e4-f4b0a28f2279.jpeg @ https://cdn2.tenchat.ru/_nuxt/fVY6jQV9.js:57
[  194826ms] [WARNING] Destination image width or height more than source
src: https://cdn1.tenchat.ru/static/vbc-gostinder/user-picture/458f263b-6ecb-4c4a-93e4-f4b0a28f2279.jpeg @ https://cdn2.tenchat.ru/_nuxt/fVY6jQV9.js:57
[  194826ms] [WARNING] Destination image width or height more than source
src: https://cdn1.tenchat.ru/static/vbc-gostinder/user-picture/458f263b-6ecb-4c4a-93e4-f4b0a28f2279.jpeg @ https://cdn2.tenchat.ru/_nuxt/fVY6jQV9.js:57
[  194826ms] [WARNING] Destination image width or height more than source
src: https://cdn1.tenchat.ru/static/vbc-gostinder/user-picture/458f263b-6ecb-4c4a-93e4-f4b0a28f2279.jpeg @ https://cdn2.tenchat.ru/_nuxt/fVY6jQV9.js:57
[  194826ms] [WARNING] Destination image width or height more than source
src: https://cdn1.tenchat.ru/static/vbc-gostinder/user-picture/458f263b-6ecb-4c4a-93e4-f4b0a28f2279.jpeg @ https://cdn2.tenchat.ru/_nuxt/fVY6jQV9.js:57
[  194827ms] [WARNING] Destination image width or height more than source
src: https://cdn1.tenchat.ru/static/vbc-gostinder/user-picture/458f263b-6ecb-4c4a-93e4-f4b0a28f2279.jpeg @ https://cdn2.tenchat.ru/_nuxt/fVY6jQV9.js:57
[  194827ms] [WARNING] Destination image width or height more than source
src: https://cdn1.tenchat.ru/static/vbc-gostinder/user-picture/458f263b-6ecb-4c4a-93e4-f4b0a28f2279.jpeg @ https://cdn2.tenchat.ru/_nuxt/fVY6jQV9.js:57
[  194827ms] [WARNING] Destination image width or height more than source
src: https://cdn1.tenchat.ru/static/vbc-gostinder/user-picture/458f263b-6ecb-4c4a-93e4-f4b0a28f2279.jpeg @ https://cdn2.tenchat.ru/_nuxt/fVY6jQV9.js:57
[  194828ms] [WARNING] Destination image width or height more than source
src: https://cdn1.tenchat.ru/static/vbc-gostinder/user-picture/458f263b-6ecb-4c4a-93e4-f4b0a28f2279.jpeg @ https://cdn2.tenchat.ru/_nuxt/fVY6jQV9.js:57
[  194828ms] [WARNING] Destination image width or height more than source
src: https://cdn1.tenchat.ru/static/vbc-gostinder/user-picture/458f263b-6ecb-4c4a-93e4-f4b0a28f2279.jpeg @ https://cdn2.tenchat.ru/_nuxt/fVY6jQV9.js:57
[  194828ms] [WARNING] Destination image width or height more than source
src: https://cdn1.tenchat.ru/static/vbc-gostinder/user-picture/458f263b-6ecb-4c4a-93e4-f4b0a28f2279.jpeg @ https://cdn2.tenchat.ru/_nuxt/fVY6jQV9.js:57
[  194828ms] [WARNING] Destination image width or height more than source
src: https://cdn1.tenchat.ru/static/vbc-gostinder/user-picture/458f263b-6ecb-4c4a-93e4-f4b0a28f2279.jpeg @ https://cdn2.tenchat.ru/_nuxt/fVY6jQV9.js:57
[  194829ms] [WARNING] Destination image width or height more than source
src: https://cdn1.tenchat.ru/static/vbc-gostinder/user-picture/458f263b-6ecb-4c4a-93e4-f4b0a28f2279.jpeg @ https://cdn2.tenchat.ru/_nuxt/fVY6jQV9.js:57
[  194829ms] [WARNING] Destination image width or height more than source
src: https://cdn1.tenchat.ru/static/vbc-gostinder/user-picture/458f263b-6ecb-4c4a-93e4-f4b0a28f2279.jpeg @ https://cdn2.tenchat.ru/_nuxt/fVY6jQV9.js:57
[  194829ms] [WARNING] Destination image width or height more than source
src: https://cdn1.tenchat.ru/static/vbc-gostinder/user-picture/458f263b-6ecb-4c4a-93e4-f4b0a28f2279.jpeg @ https://cdn2.tenchat.ru/_nuxt/fVY6jQV9.js:57
[  194829ms] [WARNING] Destination image width or height more than source
src: https://cdn1.tenchat.ru/static/vbc-gostinder/user-picture/458f263b-6ecb-4c4a-93e4-f4b0a28f2279.jpeg @ https://cdn2.tenchat.ru/_nuxt/fVY6jQV9.js:57
[  194830ms] [WARNING] Destination image width or height more than source
src: https://cdn1.tenchat.ru/static/vbc-gostinder/user-picture/458f263b-6ecb-4c4a-93e4-f4b0a28f2279.jpeg @ https://cdn2.tenchat.ru/_nuxt/fVY6jQV9.js:57
[  194830ms] [WARNING] Destination image width or height more than source
src: https://cdn1.tenchat.ru/static/vbc-gostinder/user-picture/458f263b-6ecb-4c4a-93e4-f4b0a28f2279.jpeg @ https://cdn2.tenchat.ru/_nuxt/fVY6jQV9.js:57
[  194830ms] [WARNING] Destination image width or height more than source
src: https://cdn1.tenchat.ru/static/vbc-gostinder/user-picture/458f263b-6ecb-4c4a-93e4-f4b0a28f2279.jpeg @ https://cdn2.tenchat.ru/_nuxt/fVY6jQV9.js:57
[  194830ms] [WARNING] Destination image width or height more than source
src: https://cdn1.tenchat.ru/static/vbc-gostinder/user-picture/458f263b-6ecb-4c4a-93e4-f4b0a28f2279.jpeg @ https://cdn2.tenchat.ru/_nuxt/fVY6jQV9.js:57
[  194831ms] [WARNING] Destination image width or height more than source
src: https://cdn1.tenchat.ru/static/vbc-gostinder/user-picture/458f263b-6ecb-4c4a-93e4-f4b0a28f2279.jpeg @ https://cdn2.tenchat.ru/_nuxt/fVY6jQV9.js:57
[  194831ms] [WARNING] Destination image width or height more than source
src: https://cdn1.tenchat.ru/static/vbc-gostinder/user-picture/458f263b-6ecb-4c4a-93e4-f4b0a28f2279.jpeg @ https://cdn2.tenchat.ru/_nuxt/fVY6jQV9.js:57
[  194831ms] [WARNING] Destination image width or height more than source
src: https://cdn1.tenchat.ru/static/vbc-gostinder/user-picture/458f263b-6ecb-4c4a-93e4-f4b0a28f2279.jpeg @ https://cdn2.tenchat.ru/_nuxt/fVY6jQV9.js:57
[  194831ms] [WARNING] Destination image width or height more than source
src: https://cdn1.tenchat.ru/static/vbc-gostinder/user-picture/458f263b-6ecb-4c4a-93e4-f4b0a28f2279.jpeg @ https://cdn2.tenchat.ru/_nuxt/fVY6jQV9.js:57
[  194832ms] [WARNING] Destination image width or height more than source
src: https://cdn1.tenchat.ru/static/vbc-gostinder/user-picture/458f263b-6ecb-4c4a-93e4-f4b0a28f2279.jpeg @ https://cdn2.tenchat.ru/_nuxt/fVY6jQV9.js:57
[  194832ms] [WARNING] Destination image width or height more than source
src: https://cdn1.tenchat.ru/static/vbc-gostinder/user-picture/458f263b-6ecb-4c4a-93e4-f4b0a28f2279.jpeg @ https://cdn2.tenchat.ru/_nuxt/fVY6jQV9.js:57
[  194832ms] [WARNING] Destination image width or height more than source
src: https://cdn1.tenchat.ru/static/vbc-gostinder/user-picture/458f263b-6ecb-4c4a-93e4-f4b0a28f2279.jpeg @ https://cdn2.tenchat.ru/_nuxt/fVY6jQV9.js:57
[  194833ms] [WARNING] Destination image width or height more than source
src: https://cdn1.tenchat.ru/static/vbc-gostinder/user-picture/458f263b-6ecb-4c4a-93e4-f4b0a28f2279.jpeg @ https://cdn2.tenchat.ru/_nuxt/fVY6jQV9.js:57
[  194833ms] [WARNING] Destination image width or height more than source
src: https://cdn1.tenchat.ru/static/vbc-gostinder/user-picture/458f263b-6ecb-4c4a-93e4-f4b0a28f2279.jpeg @ https://cdn2.tenchat.ru/_nuxt/fVY6jQV9.js:57
[  194833ms] [WARNING] Destination image width or height more than source
src: https://cdn1.tenchat.ru/static/vbc-gostinder/user-picture/458f263b-6ecb-4c4a-93e4-f4b0a28f2279.jpeg @ https://cdn2.tenchat.ru/_nuxt/fVY6jQV9.js:57
[  194834ms] [WARNING] Destination image width or height more than source
src: https://cdn1.tenchat.ru/static/vbc-gostinder/user-picture/458f263b-6ecb-4c4a-93e4-f4b0a28f2279.jpeg @ https://cdn2.tenchat.ru/_nuxt/fVY6jQV9.js:57
[  194834ms] [WARNING] Destination image width or height more than source
src: https://cdn1.tenchat.ru/static/vbc-gostinder/user-picture/458f263b-6ecb-4c4a-93e4-f4b0a28f2279.jpeg @ https://cdn2.tenchat.ru/_nuxt/fVY6jQV9.js:57
[  194834ms] [WARNING] Destination image width or height more than source
src: https://cdn1.tenchat.ru/static/vbc-gostinder/user-picture/458f263b-6ecb-4c4a-93e4-f4b0a28f2279.jpeg @ https://cdn2.tenchat.ru/_nuxt/fVY6jQV9.js:57
[  194834ms] [WARNING] Destination image width or height more than source
src: https://cdn1.tenchat.ru/static/vbc-gostinder/user-picture/458f263b-6ecb-4c4a-93e4-f4b0a28f2279.jpeg @ https://cdn2.tenchat.ru/_nuxt/fVY6jQV9.js:57
[  194835ms] [WARNING] Destination image width or height more than source
src: https://cdn1.tenchat.ru/static/vbc-gostinder/user-picture/458f263b-6ecb-4c4a-93e4-f4b0a28f2279.jpeg @ https://cdn2.tenchat.ru/_nuxt/fVY6jQV9.js:57
[  194835ms] [WARNING] Destination image width or height more than source
src: https://cdn1.tenchat.ru/static/vbc-gostinder/user-picture/458f263b-6ecb-4c4a-93e4-f4b0a28f2279.jpeg @ https://cdn2.tenchat.ru/_nuxt/fVY6jQV9.js:57
[  194835ms] [WARNING] Destination image width or height more than source
src: https://cdn1.tenchat.ru/static/vbc-gostinder/user-picture/458f263b-6ecb-4c4a-93e4-f4b0a28f2279.jpeg @ https://cdn2.tenchat.ru/_nuxt/fVY6jQV9.js:57
[  194835ms] [WARNING] Destination image width or height more than source
src: https://cdn1.tenchat.ru/static/vbc-gostinder/user-picture/458f263b-6ecb-4c4a-93e4-f4b0a28f2279.jpeg @ https://cdn2.tenchat.ru/_nuxt/fVY6jQV9.js:57
[  194836ms] [WARNING] Destination image width or height more than source
src: https://cdn1.tenchat.ru/static/vbc-gostinder/user-picture/458f263b-6ecb-4c4a-93e4-f4b0a28f2279.jpeg @ https://cdn2.tenchat.ru/_nuxt/fVY6jQV9.js:57
[  194836ms] [WARNING] Destination image width or height more than source
src: https://cdn1.tenchat.ru/static/vbc-gostinder/user-picture/458f263b-6ecb-4c4a-93e4-f4b0a28f2279.jpeg @ https://cdn2.tenchat.ru/_nuxt/fVY6jQV9.js:57
[  194836ms] [WARNING] Destination image width or height more than source
src: https://cdn1.tenchat.ru/static/vbc-gostinder/user-picture/458f263b-6ecb-4c4a-93e4-f4b0a28f2279.jpeg @ https://cdn2.tenchat.ru/_nuxt/fVY6jQV9.js:57
[  194844ms] [WARNING] Destination image width or height more than source
src: https://cdn1.tenchat.ru/static/vbc-gostinder/user-picture/2ad269f7-363a-489f-b5cf-158dd0b8a0c6.jpg @ https://cdn2.tenchat.ru/_nuxt/fVY6jQV9.js:57
[  194845ms] [WARNING] Destination image width or height more than source
src: https://cdn1.tenchat.ru/static/vbc-gostinder/user-picture/2ad269f7-363a-489f-b5cf-158dd0b8a0c6.jpg @ https://cdn2.tenchat.ru/_nuxt/fVY6jQV9.js:57
[  194845ms] [WARNING] Destination image width or height more than source
src: https://cdn1.tenchat.ru/static/vbc-gostinder/user-picture/2ad269f7-363a-489f-b5cf-158dd0b8a0c6.jpg @ https://cdn2.tenchat.ru/_nuxt/fVY6jQV9.js:57
[  194845ms] [WARNING] Destination image width or height more than source
src: https://cdn1.tenchat.ru/static/vbc-gostinder/user-picture/2ad269f7-363a-489f-b5cf-158dd0b8a0c6.jpg @ https://cdn2.tenchat.ru/_nuxt/fVY6jQV9.js:57
[  194846ms] [WARNING] Destination image width or height more than source
src: https://cdn1.tenchat.ru/static/vbc-gostinder/user-picture/2ad269f7-363a-489f-b5cf-158dd0b8a0c6.jpg @ https://cdn2.tenchat.ru/_nuxt/fVY6jQV9.js:57
[  194846ms] [WARNING] Destination image width or height more than source
src: https://cdn1.tenchat.ru/static/vbc-gostinder/user-picture/2ad269f7-363a-489f-b5cf-158dd0b8a0c6.jpg @ https://cdn2.tenchat.ru/_nuxt/fVY6jQV9.js:57
[  194846ms] [WARNING] Destination image width or height more than source
src: https://cdn1.tenchat.ru/static/vbc-gostinder/user-picture/2ad269f7-363a-489f-b5cf-158dd0b8a0c6.jpg @ https://cdn2.tenchat.ru/_nuxt/fVY6jQV9.js:57
[  194846ms] [WARNING] Destination image width or height more than source
src: https://cdn1.tenchat.ru/static/vbc-gostinder/user-picture/2ad269f7-363a-489f-b5cf-158dd0b8a0c6.jpg @ https://cdn2.tenchat.ru/_nuxt/fVY6jQV9.js:57
[  194847ms] [WARNING] Destination image width or height more than source
src: https://cdn1.tenchat.ru/static/vbc-gostinder/user-picture/2ad269f7-363a-489f-b5cf-158dd0b8a0c6.jpg @ https://cdn2.tenchat.ru/_nuxt/fVY6jQV9.js:57
[  194847ms] [WARNING] Destination image width or height more than source
src: https://cdn1.tenchat.ru/static/vbc-gostinder/user-picture/2ad269f7-363a-489f-b5cf-158dd0b8a0c6.jpg @ https://cdn2.tenchat.ru/_nuxt/fVY6jQV9.js:57
[  194847ms] [WARNING] Destination image width or height more than source
src: https://cdn1.tenchat.ru/static/vbc-gostinder/user-picture/2ad269f7-363a-489f-b5cf-158dd0b8a0c6.jpg @ https://cdn2.tenchat.ru/_nuxt/fVY6jQV9.js:57
[  194847ms] [WARNING] Destination image width or height more than source
src: https://cdn1.tenchat.ru/static/vbc-gostinder/user-picture/2ad269f7-363a-489f-b5cf-158dd0b8a0c6.jpg @ https://cdn2.tenchat.ru/_nuxt/fVY6jQV9.js:57
[  194848ms] [WARNING] Destination image width or height more than source
src: https://cdn1.tenchat.ru/static/vbc-gostinder/user-picture/2ad269f7-363a-489f-b5cf-158dd0b8a0c6.jpg @ https://cdn2.tenchat.ru/_nuxt/fVY6jQV9.js:57
[  194848ms] [WARNING] Destination image width or height more than source
src: https://cdn1.tenchat.ru/static/vbc-gostinder/user-picture/2ad269f7-363a-489f-b5cf-158dd0b8a0c6.jpg @ https://cdn2.tenchat.ru/_nuxt/fVY6jQV9.js:57
[  194848ms] [WARNING] Destination image width or height more than source
src: https://cdn1.tenchat.ru/static/vbc-gostinder/user-picture/2ad269f7-363a-489f-b5cf-158dd0b8a0c6.jpg @ https://cdn2.tenchat.ru/_nuxt/fVY6jQV9.js:57
[  194849ms] [WARNING] Destination image width or height more than source
src: https://cdn1.tenchat.ru/static/vbc-gostinder/user-picture/2ad269f7-363a-489f-b5cf-158dd0b8a0c6.jpg @ https://cdn2.tenchat.ru/_nuxt/fVY6jQV9.js:57
[  194849ms] [WARNING] Destination image width or height more than source
src: https://cdn1.tenchat.ru/static/vbc-gostinder/user-picture/2ad269f7-363a-489f-b5cf-158dd0b8a0c6.jpg @ https://cdn2.tenchat.ru/_nuxt/fVY6jQV9.js:57
[  194850ms] [WARNING] Destination image width or height more than source
src: https://cdn1.tenchat.ru/static/vbc-gostinder/user-picture/2ad269f7-363a-489f-b5cf-158dd0b8a0c6.jpg @ https://cdn2.tenchat.ru/_nuxt/fVY6jQV9.js:57
[  194850ms] [WARNING] Destination image width or height more than source
src: https://cdn1.tenchat.ru/static/vbc-gostinder/user-picture/2ad269f7-363a-489f-b5cf-158dd0b8a0c6.jpg @ https://cdn2.tenchat.ru/_nuxt/fVY6jQV9.js:57
[  194850ms] [WARNING] Destination image width or height more than source
src: https://cdn1.tenchat.ru/static/vbc-gostinder/user-picture/2ad269f7-363a-489f-b5cf-158dd0b8a0c6.jpg @ https://cdn2.tenchat.ru/_nuxt/fVY6jQV9.js:57
[  194850ms] [WARNING] Destination image width or height more than source
src: https://cdn1.tenchat.ru/static/vbc-gostinder/user-picture/2ad269f7-363a-489f-b5cf-158dd0b8a0c6.jpg @ https://cdn2.tenchat.ru/_nuxt/fVY6jQV9.js:57
[  194851ms] [WARNING] Destination image width or height more than source
src: https://cdn1.tenchat.ru/static/vbc-gostinder/user-picture/2ad269f7-363a-489f-b5cf-158dd0b8a0c6.jpg @ https://cdn2.tenchat.ru/_nuxt/fVY6jQV9.js:57
[  194851ms] [WARNING] Destination image width or height more than source
src: https://cdn1.tenchat.ru/static/vbc-gostinder/user-picture/2ad269f7-363a-489f-b5cf-158dd0b8a0c6.jpg @ https://cdn2.tenchat.ru/_nuxt/fVY6jQV9.js:57
[  194851ms] [WARNING] Destination image width or height more than source
src: https://cdn1.tenchat.ru/static/vbc-gostinder/user-picture/2ad269f7-363a-489f-b5cf-158dd0b8a0c6.jpg @ https://cdn2.tenchat.ru/_nuxt/fVY6jQV9.js:57
[  194851ms] [WARNING] Destination image width or height more than source
src: https://cdn1.tenchat.ru/static/vbc-gostinder/user-picture/2ad269f7-363a-489f-b5cf-158dd0b8a0c6.jpg @ https://cdn2.tenchat.ru/_nuxt/fVY6jQV9.js:57
[  194852ms] [WARNING] Destination image width or height more than source
src: https://cdn1.tenchat.ru/static/vbc-gostinder/user-picture/2ad269f7-363a-489f-b5cf-158dd0b8a0c6.jpg @ https://cdn2.tenchat.ru/_nuxt/fVY6jQV9.js:57
[  194852ms] [WARNING] Destination image width or height more than source
src: https://cdn1.tenchat.ru/static/vbc-gostinder/user-picture/2ad269f7-363a-489f-b5cf-158dd0b8a0c6.jpg @ https://cdn2.tenchat.ru/_nuxt/fVY6jQV9.js:57
[  194852ms] [WARNING] Destination image width or height more than source
src: https://cdn1.tenchat.ru/static/vbc-gostinder/user-picture/2ad269f7-363a-489f-b5cf-158dd0b8a0c6.jpg @ https://cdn2.tenchat.ru/_nuxt/fVY6jQV9.js:57
[  194852ms] [WARNING] Destination image width or height more than source
src: https://cdn1.tenchat.ru/static/vbc-gostinder/user-picture/2ad269f7-363a-489f-b5cf-158dd0b8a0c6.jpg @ https://cdn2.tenchat.ru/_nuxt/fVY6jQV9.js:57
[  194853ms] [WARNING] Destination image width or height more than source
src: https://cdn1.tenchat.ru/static/vbc-gostinder/user-picture/2ad269f7-363a-489f-b5cf-158dd0b8a0c6.jpg @ https://cdn2.tenchat.ru/_nuxt/fVY6jQV9.js:57
[  194853ms] [WARNING] Destination image width or height more than source
src: https://cdn1.tenchat.ru/static/vbc-gostinder/user-picture/2ad269f7-363a-489f-b5cf-158dd0b8a0c6.jpg @ https://cdn2.tenchat.ru/_nuxt/fVY6jQV9.js:57
[  194853ms] [WARNING] Destination image width or height more than source
src: https://cdn1.tenchat.ru/static/vbc-gostinder/user-picture/2ad269f7-363a-489f-b5cf-158dd0b8a0c6.jpg @ https://cdn2.tenchat.ru/_nuxt/fVY6jQV9.js:57
[  194854ms] [WARNING] Destination image width or height more than source
src: https://cdn1.tenchat.ru/static/vbc-gostinder/user-picture/2ad269f7-363a-489f-b5cf-158dd0b8a0c6.jpg @ https://cdn2.tenchat.ru/_nuxt/fVY6jQV9.js:57
[  194854ms] [WARNING] Destination image width or height more than source
src: https://cdn1.tenchat.ru/static/vbc-gostinder/user-picture/2ad269f7-363a-489f-b5cf-158dd0b8a0c6.jpg @ https://cdn2.tenchat.ru/_nuxt/fVY6jQV9.js:57
[  194854ms] [WARNING] Destination image width or height more than source
src: https://cdn1.tenchat.ru/static/vbc-gostinder/user-picture/2ad269f7-363a-489f-b5cf-158dd0b8a0c6.jpg @ https://cdn2.tenchat.ru/_nuxt/fVY6jQV9.js:57
[  194854ms] [WARNING] Destination image width or height more than source
src: https://cdn1.tenchat.ru/static/vbc-gostinder/user-picture/2ad269f7-363a-489f-b5cf-158dd0b8a0c6.jpg @ https://cdn2.tenchat.ru/_nuxt/fVY6jQV9.js:57
[  194855ms] [WARNING] Destination image width or height more than source
src: https://cdn1.tenchat.ru/static/vbc-gostinder/user-picture/2ad269f7-363a-489f-b5cf-158dd0b8a0c6.jpg @ https://cdn2.tenchat.ru/_nuxt/fVY6jQV9.js:57
[  194855ms] [WARNING] Destination image width or height more than source
src: https://cdn1.tenchat.ru/static/vbc-gostinder/user-picture/2ad269f7-363a-489f-b5cf-158dd0b8a0c6.jpg @ https://cdn2.tenchat.ru/_nuxt/fVY6jQV9.js:57
[  194855ms] [WARNING] Destination image width or height more than source
src: https://cdn1.tenchat.ru/static/vbc-gostinder/user-picture/2ad269f7-363a-489f-b5cf-158dd0b8a0c6.jpg @ https://cdn2.tenchat.ru/_nuxt/fVY6jQV9.js:57
[  194856ms] [WARNING] Destination image width or height more than source
src: https://cdn1.tenchat.ru/static/vbc-gostinder/user-picture/2ad269f7-363a-489f-b5cf-158dd0b8a0c6.jpg @ https://cdn2.tenchat.ru/_nuxt/fVY6jQV9.js:57
[  194856ms] [WARNING] Destination image width or height more than source
src: https://cdn1.tenchat.ru/static/vbc-gostinder/user-picture/2ad269f7-363a-489f-b5cf-158dd0b8a0c6.jpg @ https://cdn2.tenchat.ru/_nuxt/fVY6jQV9.js:57
[  194856ms] [WARNING] Destination image width or height more than source
src: https://cdn1.tenchat.ru/static/vbc-gostinder/user-picture/2ad269f7-363a-489f-b5cf-158dd0b8a0c6.jpg @ https://cdn2.tenchat.ru/_nuxt/fVY6jQV9.js:57
[  194857ms] [WARNING] Destination image width or height more than source
src: https://cdn1.tenchat.ru/static/vbc-gostinder/user-picture/2ad269f7-363a-489f-b5cf-158dd0b8a0c6.jpg @ https://cdn2.tenchat.ru/_nuxt/fVY6jQV9.js:57
[  194857ms] [WARNING] Destination image width or height more than source
src: https://cdn1.tenchat.ru/static/vbc-gostinder/user-picture/2ad269f7-363a-489f-b5cf-158dd0b8a0c6.jpg @ https://cdn2.tenchat.ru/_nuxt/fVY6jQV9.js:57
[  194857ms] [WARNING] Destination image width or height more than source
src: https://cdn1.tenchat.ru/static/vbc-gostinder/user-picture/2ad269f7-363a-489f-b5cf-158dd0b8a0c6.jpg @ https://cdn2.tenchat.ru/_nuxt/fVY6jQV9.js:57
[  194857ms] [WARNING] Destination image width or height more than source
src: https://cdn1.tenchat.ru/static/vbc-gostinder/user-picture/2ad269f7-363a-489f-b5cf-158dd0b8a0c6.jpg @ https://cdn2.tenchat.ru/_nuxt/fVY6jQV9.js:57
[  194858ms] [WARNING] Destination image width or height more than source
src: https://cdn1.tenchat.ru/static/vbc-gostinder/user-picture/2ad269f7-363a-489f-b5cf-158dd0b8a0c6.jpg @ https://cdn2.tenchat.ru/_nuxt/fVY6jQV9.js:57
[  194858ms] [WARNING] Destination image width or height more than source
src: https://cdn1.tenchat.ru/static/vbc-gostinder/user-picture/2ad269f7-363a-489f-b5cf-158dd0b8a0c6.jpg @ https://cdn2.tenchat.ru/_nuxt/fVY6jQV9.js:57
[  194858ms] [WARNING] Destination image width or height more than source
src: https://cdn1.tenchat.ru/static/vbc-gostinder/user-picture/2ad269f7-363a-489f-b5cf-158dd0b8a0c6.jpg @ https://cdn2.tenchat.ru/_nuxt/fVY6jQV9.js:57
[  194859ms] [WARNING] Destination image width or height more than source
src: https://cdn1.tenchat.ru/static/vbc-gostinder/user-picture/2ad269f7-363a-489f-b5cf-158dd0b8a0c6.jpg @ https://cdn2.tenchat.ru/_nuxt/fVY6jQV9.js:57
[  194859ms] [WARNING] Destination image width or height more than source
src: https://cdn1.tenchat.ru/static/vbc-gostinder/user-picture/2ad269f7-363a-489f-b5cf-158dd0b8a0c6.jpg @ https://cdn2.tenchat.ru/_nuxt/fVY6jQV9.js:57
[  194859ms] [WARNING] Destination image width or height more than source
src: https://cdn1.tenchat.ru/static/vbc-gostinder/user-picture/2ad269f7-363a-489f-b5cf-158dd0b8a0c6.jpg @ https://cdn2.tenchat.ru/_nuxt/fVY6jQV9.js:57
[  194859ms] [WARNING] Destination image width or height more than source
src: https://cdn1.tenchat.ru/static/vbc-gostinder/user-picture/2ad269f7-363a-489f-b5cf-158dd0b8a0c6.jpg @ https://cdn2.tenchat.ru/_nuxt/fVY6jQV9.js:57
[  194868ms] [WARNING] Destination image width or height more than source
src: https://cdn1.tenchat.ru/static/vbc-gostinder/user-picture/30ae3f93-1798-419a-b693-70f654c69ef0.jpeg @ https://cdn2.tenchat.ru/_nuxt/fVY6jQV9.js:57
[  194868ms] [WARNING] Destination image width or height more than source
src: https://cdn1.tenchat.ru/static/vbc-gostinder/user-picture/30ae3f93-1798-419a-b693-70f654c69ef0.jpeg @ https://cdn2.tenchat.ru/_nuxt/fVY6jQV9.js:57
[  194869ms] [WARNING] Destination image width or height more than source
src: https://cdn1.tenchat.ru/static/vbc-gostinder/user-picture/30ae3f93-1798-419a-b693-70f654c69ef0.jpeg @ https://cdn2.tenchat.ru/_nuxt/fVY6jQV9.js:57
[  194869ms] [WARNING] Destination image width or height more than source
src: https://cdn1.tenchat.ru/static/vbc-gostinder/user-picture/30ae3f93-1798-419a-b693-70f654c69ef0.jpeg @ https://cdn2.tenchat.ru/_nuxt/fVY6jQV9.js:57
[  194870ms] [WARNING] Destination image width or height more than source
src: https://cdn1.tenchat.ru/static/vbc-gostinder/user-picture/30ae3f93-1798-419a-b693-70f654c69ef0.jpeg @ https://cdn2.tenchat.ru/_nuxt/fVY6jQV9.js:57
[  194871ms] [WARNING] Destination image width or height more than source
src: https://cdn1.tenchat.ru/static/vbc-gostinder/user-picture/30ae3f93-1798-419a-b693-70f654c69ef0.jpeg @ https://cdn2.tenchat.ru/_nuxt/fVY6jQV9.js:57
[  194871ms] [WARNING] Destination image width or height more than source
src: https://cdn1.tenchat.ru/static/vbc-gostinder/user-picture/30ae3f93-1798-419a-b693-70f654c69ef0.jpeg @ https://cdn2.tenchat.ru/_nuxt/fVY6jQV9.js:57
[  194871ms] [WARNING] Destination image width or height more than source
src: https://cdn1.tenchat.ru/static/vbc-gostinder/user-picture/30ae3f93-1798-419a-b693-70f654c69ef0.jpeg @ https://cdn2.tenchat.ru/_nuxt/fVY6jQV9.js:57
[  194871ms] [WARNING] Destination image width or height more than source
src: https://cdn1.tenchat.ru/static/vbc-gostinder/user-picture/30ae3f93-1798-419a-b693-70f654c69ef0.jpeg @ https://cdn2.tenchat.ru/_nuxt/fVY6jQV9.js:57
[  194872ms] [WARNING] Destination image width or height more than source
src: https://cdn1.tenchat.ru/static/vbc-gostinder/user-picture/30ae3f93-1798-419a-b693-70f654c69ef0.jpeg @ https://cdn2.tenchat.ru/_nuxt/fVY6jQV9.js:57
[  194872ms] [WARNING] Destination image width or height more than source
src: https://cdn1.tenchat.ru/static/vbc-gostinder/user-picture/30ae3f93-1798-419a-b693-70f654c69ef0.jpeg @ https://cdn2.tenchat.ru/_nuxt/fVY6jQV9.js:57
[  194872ms] [WARNING] Destination image width or height more than source
src: https://cdn1.tenchat.ru/static/vbc-gostinder/user-picture/30ae3f93-1798-419a-b693-70f654c69ef0.jpeg @ https://cdn2.tenchat.ru/_nuxt/fVY6jQV9.js:57
[  194873ms] [WARNING] Destination image width or height more than source
src: https://cdn1.tenchat.ru/static/vbc-gostinder/user-picture/30ae3f93-1798-419a-b693-70f654c69ef0.jpeg @ https://cdn2.tenchat.ru/_nuxt/fVY6jQV9.js:57
[  194873ms] [WARNING] Destination image width or height more than source
src: https://cdn1.tenchat.ru/static/vbc-gostinder/user-picture/30ae3f93-1798-419a-b693-70f654c69ef0.jpeg @ https://cdn2.tenchat.ru/_nuxt/fVY6jQV9.js:57
[  194873ms] [WARNING] Destination image width or height more than source
src: https://cdn1.tenchat.ru/static/vbc-gostinder/user-picture/30ae3f93-1798-419a-b693-70f654c69ef0.jpeg @ https://cdn2.tenchat.ru/_nuxt/fVY6jQV9.js:57
[  194873ms] [WARNING] Destination image width or height more than source
src: https://cdn1.tenchat.ru/static/vbc-gostinder/user-picture/30ae3f93-1798-419a-b693-70f654c69ef0.jpeg @ https://cdn2.tenchat.ru/_nuxt/fVY6jQV9.js:57
[  194874ms] [WARNING] Destination image width or height more than source
src: https://cdn1.tenchat.ru/static/vbc-gostinder/user-picture/30ae3f93-1798-419a-b693-70f654c69ef0.jpeg @ https://cdn2.tenchat.ru/_nuxt/fVY6jQV9.js:57
[  194874ms] [WARNING] Destination image width or height more than source
src: https://cdn1.tenchat.ru/static/vbc-gostinder/user-picture/30ae3f93-1798-419a-b693-70f654c69ef0.jpeg @ https://cdn2.tenchat.ru/_nuxt/fVY6jQV9.js:57
[  194874ms] [WARNING] Destination image width or height more than source
src: https://cdn1.tenchat.ru/static/vbc-gostinder/user-picture/30ae3f93-1798-419a-b693-70f654c69ef0.jpeg @ https://cdn2.tenchat.ru/_nuxt/fVY6jQV9.js:57
[  194875ms] [WARNING] Destination image width or height more than source
src: https://cdn1.tenchat.ru/static/vbc-gostinder/user-picture/30ae3f93-1798-419a-b693-70f654c69ef0.jpeg @ https://cdn2.tenchat.ru/_nuxt/fVY6jQV9.js:57
[  194875ms] [WARNING] Destination image width or height more than source
src: https://cdn1.tenchat.ru/static/vbc-gostinder/user-picture/30ae3f93-1798-419a-b693-70f654c69ef0.jpeg @ https://cdn2.tenchat.ru/_nuxt/fVY6jQV9.js:57
[  194875ms] [WARNING] Destination image width or height more than source
src: https://cdn1.tenchat.ru/static/vbc-gostinder/user-picture/30ae3f93-1798-419a-b693-70f654c69ef0.jpeg @ https://cdn2.tenchat.ru/_nuxt/fVY6jQV9.js:57
[  194875ms] [WARNING] Destination image width or height more than source
src: https://cdn1.tenchat.ru/static/vbc-gostinder/user-picture/30ae3f93-1798-419a-b693-70f654c69ef0.jpeg @ https://cdn2.tenchat.ru/_nuxt/fVY6jQV9.js:57
[  194876ms] [WARNING] Destination image width or height more than source
src: https://cdn1.tenchat.ru/static/vbc-gostinder/user-picture/30ae3f93-1798-419a-b693-70f654c69ef0.jpeg @ https://cdn2.tenchat.ru/_nuxt/fVY6jQV9.js:57
[  194876ms] [WARNING] Destination image width or height more than source
src: https://cdn1.tenchat.ru/static/vbc-gostinder/user-picture/30ae3f93-1798-419a-b693-70f654c69ef0.jpeg @ https://cdn2.tenchat.ru/_nuxt/fVY6jQV9.js:57
[  194876ms] [WARNING] Destination image width or height more than source
src: https://cdn1.tenchat.ru/static/vbc-gostinder/user-picture/30ae3f93-1798-419a-b693-70f654c69ef0.jpeg @ https://cdn2.tenchat.ru/_nuxt/fVY6jQV9.js:57
[  194889ms] [WARNING] Destination image width or height more than source
src: https://cdn1.tenchat.ru/static/vbc-gostinder/user-picture/b2f26f13-3d65-4927-bf45-9cd5cda84b0e.jpeg @ https://cdn2.tenchat.ru/_nuxt/fVY6jQV9.js:57
[  194890ms] [WARNING] Destination image width or height more than source
src: https://cdn1.tenchat.ru/static/vbc-gostinder/user-picture/b2f26f13-3d65-4927-bf45-9cd5cda84b0e.jpeg @ https://cdn2.tenchat.ru/_nuxt/fVY6jQV9.js:57
[  194890ms] [WARNING] Destination image width or height more than source
src: https://cdn1.tenchat.ru/static/vbc-gostinder/user-picture/b2f26f13-3d65-4927-bf45-9cd5cda84b0e.jpeg @ https://cdn2.tenchat.ru/_nuxt/fVY6jQV9.js:57
[  194890ms] [WARNING] Destination image width or height more than source
src: https://cdn1.tenchat.ru/static/vbc-gostinder/user-picture/b2f26f13-3d65-4927-bf45-9cd5cda84b0e.jpeg @ https://cdn2.tenchat.ru/_nuxt/fVY6jQV9.js:57
[  194891ms] [WARNING] Destination image width or height more than source
src: https://cdn1.tenchat.ru/static/vbc-gostinder/user-picture/b2f26f13-3d65-4927-bf45-9cd5cda84b0e.jpeg @ https://cdn2.tenchat.ru/_nuxt/fVY6jQV9.js:57
[  194891ms] [WARNING] Destination image width or height more than source
src: https://cdn1.tenchat.ru/static/vbc-gostinder/user-picture/b2f26f13-3d65-4927-bf45-9cd5cda84b0e.jpeg @ https://cdn2.tenchat.ru/_nuxt/fVY6jQV9.js:57
[  194891ms] [WARNING] Destination image width or height more than source
src: https://cdn1.tenchat.ru/static/vbc-gostinder/user-picture/b2f26f13-3d65-4927-bf45-9cd5cda84b0e.jpeg @ https://cdn2.tenchat.ru/_nuxt/fVY6jQV9.js:57
[  194892ms] [WARNING] Destination image width or height more than source
src: https://cdn1.tenchat.ru/static/vbc-gostinder/user-picture/b2f26f13-3d65-4927-bf45-9cd5cda84b0e.jpeg @ https://cdn2.tenchat.ru/_nuxt/fVY6jQV9.js:57
[  194892ms] [WARNING] Destination image width or height more than source
src: https://cdn1.tenchat.ru/static/vbc-gostinder/user-picture/b2f26f13-3d65-4927-bf45-9cd5cda84b0e.jpeg @ https://cdn2.tenchat.ru/_nuxt/fVY6jQV9.js:57
[  194892ms] [WARNING] Destination image width or height more than source
src: https://cdn1.tenchat.ru/static/vbc-gostinder/user-picture/b2f26f13-3d65-4927-bf45-9cd5cda84b0e.jpeg @ https://cdn2.tenchat.ru/_nuxt/fVY6jQV9.js:57
[  194892ms] [WARNING] Destination image width or height more than source
src: https://cdn1.tenchat.ru/static/vbc-gostinder/user-picture/b2f26f13-3d65-4927-bf45-9cd5cda84b0e.jpeg @ https://cdn2.tenchat.ru/_nuxt/fVY6jQV9.js:57
[  194893ms] [WARNING] Destination image width or height more than source
src: https://cdn1.tenchat.ru/static/vbc-gostinder/user-picture/b2f26f13-3d65-4927-bf45-9cd5cda84b0e.jpeg @ https://cdn2.tenchat.ru/_nuxt/fVY6jQV9.js:57
[  194893ms] [WARNING] Destination image width or height more than source
src: https://cdn1.tenchat.ru/static/vbc-gostinder/user-picture/b2f26f13-3d65-4927-bf45-9cd5cda84b0e.jpeg @ https://cdn2.tenchat.ru/_nuxt/fVY6jQV9.js:57
[  194893ms] [WARNING] Destination image width or height more than source
src: https://cdn1.tenchat.ru/static/vbc-gostinder/user-picture/b2f26f13-3d65-4927-bf45-9cd5cda84b0e.jpeg @ https://cdn2.tenchat.ru/_nuxt/fVY6jQV9.js:57
[  194894ms] [WARNING] Destination image width or height more than source
src: https://cdn1.tenchat.ru/static/vbc-gostinder/user-picture/b2f26f13-3d65-4927-bf45-9cd5cda84b0e.jpeg @ https://cdn2.tenchat.ru/_nuxt/fVY6jQV9.js:57
[  194894ms] [WARNING] Destination image width or height more than source
src: https://cdn1.tenchat.ru/static/vbc-gostinder/user-picture/b2f26f13-3d65-4927-bf45-9cd5cda84b0e.jpeg @ https://cdn2.tenchat.ru/_nuxt/fVY6jQV9.js:57
[  194894ms] [WARNING] Destination image width or height more than source
src: https://cdn1.tenchat.ru/static/vbc-gostinder/user-picture/b2f26f13-3d65-4927-bf45-9cd5cda84b0e.jpeg @ https://cdn2.tenchat.ru/_nuxt/fVY6jQV9.js:57
[  194895ms] [WARNING] Destination image width or height more than source
src: https://cdn1.tenchat.ru/static/vbc-gostinder/user-picture/b2f26f13-3d65-4927-bf45-9cd5cda84b0e.jpeg @ https://cdn2.tenchat.ru/_nuxt/fVY6jQV9.js:57
[  194895ms] [WARNING] Destination image width or height more than source
src: https://cdn1.tenchat.ru/static/vbc-gostinder/user-picture/b2f26f13-3d65-4927-bf45-9cd5cda84b0e.jpeg @ https://cdn2.tenchat.ru/_nuxt/fVY6jQV9.js:57
[  194895ms] [WARNING] Destination image width or height more than source
src: https://cdn1.tenchat.ru/static/vbc-gostinder/user-picture/b2f26f13-3d65-4927-bf45-9cd5cda84b0e.jpeg @ https://cdn2.tenchat.ru/_nuxt/fVY6jQV9.js:57
[  194896ms] [WARNING] Destination image width or height more than source
src: https://cdn1.tenchat.ru/static/vbc-gostinder/user-picture/b2f26f13-3d65-4927-bf45-9cd5cda84b0e.jpeg @ https://cdn2.tenchat.ru/_nuxt/fVY6jQV9.js:57
[  194896ms] [WARNING] Destination image width or height more than source
src: https://cdn1.tenchat.ru/static/vbc-gostinder/user-picture/b2f26f13-3d65-4927-bf45-9cd5cda84b0e.jpeg @ https://cdn2.tenchat.ru/_nuxt/fVY6jQV9.js:57
[  194896ms] [WARNING] Destination image width or height more than source
src: https://cdn1.tenchat.ru/static/vbc-gostinder/user-picture/b2f26f13-3d65-4927-bf45-9cd5cda84b0e.jpeg @ https://cdn2.tenchat.ru/_nuxt/fVY6jQV9.js:57
[  194896ms] [WARNING] Destination image width or height more than source
src: https://cdn1.tenchat.ru/static/vbc-gostinder/user-picture/b2f26f13-3d65-4927-bf45-9cd5cda84b0e.jpeg @ https://cdn2.tenchat.ru/_nuxt/fVY6jQV9.js:57
[  194897ms] [WARNING] Destination image width or height more than source
src: https://cdn1.tenchat.ru/static/vbc-gostinder/user-picture/b2f26f13-3d65-4927-bf45-9cd5cda84b0e.jpeg @ https://cdn2.tenchat.ru/_nuxt/fVY6jQV9.js:57
[  194897ms] [WARNING] Destination image width or height more than source
src: https://cdn1.tenchat.ru/static/vbc-gostinder/user-picture/b2f26f13-3d65-4927-bf45-9cd5cda84b0e.jpeg @ https://cdn2.tenchat.ru/_nuxt/fVY6jQV9.js:57
[  194911ms] [WARNING] Destination image width or height more than source
src: https://cdn1.tenchat.ru/static/vbc-gostinder/user-picture/af7db234-000b-4091-8b50-7f824c9736a8.jpeg @ https://cdn2.tenchat.ru/_nuxt/fVY6jQV9.js:57
[  194911ms] [WARNING] Destination image width or height more than source
src: https://cdn1.tenchat.ru/static/vbc-gostinder/user-picture/af7db234-000b-4091-8b50-7f824c9736a8.jpeg @ https://cdn2.tenchat.ru/_nuxt/fVY6jQV9.js:57
[  194911ms] [WARNING] Destination image width or height more than source
src: https://cdn1.tenchat.ru/static/vbc-gostinder/user-picture/af7db234-000b-4091-8b50-7f824c9736a8.jpeg @ https://cdn2.tenchat.ru/_nuxt/fVY6jQV9.js:57
[  194912ms] [WARNING] Destination image width or height more than source
src: https://cdn1.tenchat.ru/static/vbc-gostinder/user-picture/af7db234-000b-4091-8b50-7f824c9736a8.jpeg @ https://cdn2.tenchat.ru/_nuxt/fVY6jQV9.js:57
[  194912ms] [WARNING] Destination image width or height more than source
src: https://cdn1.tenchat.ru/static/vbc-gostinder/user-picture/af7db234-000b-4091-8b50-7f824c9736a8.jpeg @ https://cdn2.tenchat.ru/_nuxt/fVY6jQV9.js:57
[  194912ms] [WARNING] Destination image width or height more than source
src: https://cdn1.tenchat.ru/static/vbc-gostinder/user-picture/af7db234-000b-4091-8b50-7f824c9736a8.jpeg @ https://cdn2.tenchat.ru/_nuxt/fVY6jQV9.js:57
[  194912ms] [WARNING] Destination image width or height more than source
src: https://cdn1.tenchat.ru/static/vbc-gostinder/user-picture/af7db234-000b-4091-8b50-7f824c9736a8.jpeg @ https://cdn2.tenchat.ru/_nuxt/fVY6jQV9.js:57
[  194913ms] [WARNING] Destination image width or height more than source
src: https://cdn1.tenchat.ru/static/vbc-gostinder/user-picture/af7db234-000b-4091-8b50-7f824c9736a8.jpeg @ https://cdn2.tenchat.ru/_nuxt/fVY6jQV9.js:57
[  194913ms] [WARNING] Destination image width or height more than source
src: https://cdn1.tenchat.ru/static/vbc-gostinder/user-picture/af7db234-000b-4091-8b50-7f824c9736a8.jpeg @ https://cdn2.tenchat.ru/_nuxt/fVY6jQV9.js:57
[  194913ms] [WARNING] Destination image width or height more than source
src: https://cdn1.tenchat.ru/static/vbc-gostinder/user-picture/af7db234-000b-4091-8b50-7f824c9736a8.jpeg @ https://cdn2.tenchat.ru/_nuxt/fVY6jQV9.js:57
[  194913ms] [WARNING] Destination image width or height more than source
src: https://cdn1.tenchat.ru/static/vbc-gostinder/user-picture/af7db234-000b-4091-8b50-7f824c9736a8.jpeg @ https://cdn2.tenchat.ru/_nuxt/fVY6jQV9.js:57
[  194914ms] [WARNING] Destination image width or height more than source
src: https://cdn1.tenchat.ru/static/vbc-gostinder/user-picture/af7db234-000b-4091-8b50-7f824c9736a8.jpeg @ https://cdn2.tenchat.ru/_nuxt/fVY6jQV9.js:57
[  194914ms] [WARNING] Destination image width or height more than source
src: https://cdn1.tenchat.ru/static/vbc-gostinder/user-picture/af7db234-000b-4091-8b50-7f824c9736a8.jpeg @ https://cdn2.tenchat.ru/_nuxt/fVY6jQV9.js:57
[  194914ms] [WARNING] Destination image width or height more than source
src: https://cdn1.tenchat.ru/static/vbc-gostinder/user-picture/af7db234-000b-4091-8b50-7f824c9736a8.jpeg @ https://cdn2.tenchat.ru/_nuxt/fVY6jQV9.js:57
[  194914ms] [WARNING] Destination image width or height more than source
src: https://cdn1.tenchat.ru/static/vbc-gostinder/user-picture/af7db234-000b-4091-8b50-7f824c9736a8.jpeg @ https://cdn2.tenchat.ru/_nuxt/fVY6jQV9.js:57
[  194915ms] [WARNING] Destination image width or height more than source
src: https://cdn1.tenchat.ru/static/vbc-gostinder/user-picture/af7db234-000b-4091-8b50-7f824c9736a8.jpeg @ https://cdn2.tenchat.ru/_nuxt/fVY6jQV9.js:57
[  194915ms] [WARNING] Destination image width or height more than source
src: https://cdn1.tenchat.ru/static/vbc-gostinder/user-picture/af7db234-000b-4091-8b50-7f824c9736a8.jpeg @ https://cdn2.tenchat.ru/_nuxt/fVY6jQV9.js:57
[  194915ms] [WARNING] Destination image width or height more than source
src: https://cdn1.tenchat.ru/static/vbc-gostinder/user-picture/af7db234-000b-4091-8b50-7f824c9736a8.jpeg @ https://cdn2.tenchat.ru/_nuxt/fVY6jQV9.js:57
[  194916ms] [WARNING] Destination image width or height more than source
src: https://cdn1.tenchat.ru/static/vbc-gostinder/user-picture/af7db234-000b-4091-8b50-7f824c9736a8.jpeg @ https://cdn2.tenchat.ru/_nuxt/fVY6jQV9.js:57
[  194916ms] [WARNING] Destination image width or height more than source
src: https://cdn1.tenchat.ru/static/vbc-gostinder/user-picture/af7db234-000b-4091-8b50-7f824c9736a8.jpeg @ https://cdn2.tenchat.ru/_nuxt/fVY6jQV9.js:57
[  194916ms] [WARNING] Destination image width or height more than source
src: https://cdn1.tenchat.ru/static/vbc-gostinder/user-picture/af7db234-000b-4091-8b50-7f824c9736a8.jpeg @ https://cdn2.tenchat.ru/_nuxt/fVY6jQV9.js:57
[  194916ms] [WARNING] Destination image width or height more than source
src: https://cdn1.tenchat.ru/static/vbc-gostinder/user-picture/af7db234-000b-4091-8b50-7f824c9736a8.jpeg @ https://cdn2.tenchat.ru/_nuxt/fVY6jQV9.js:57
[  194917ms] [WARNING] Destination image width or height more than source
src: https://cdn1.tenchat.ru/static/vbc-gostinder/user-picture/af7db234-000b-4091-8b50-7f824c9736a8.jpeg @ https://cdn2.tenchat.ru/_nuxt/fVY6jQV9.js:57
[  194917ms] [WARNING] Destination image width or height more than source
src: https://cdn1.tenchat.ru/static/vbc-gostinder/user-picture/af7db234-000b-4091-8b50-7f824c9736a8.jpeg @ https://cdn2.tenchat.ru/_nuxt/fVY6jQV9.js:57
[  194917ms] [WARNING] Destination image width or height more than source
src: https://cdn1.tenchat.ru/static/vbc-gostinder/user-picture/af7db234-000b-4091-8b50-7f824c9736a8.jpeg @ https://cdn2.tenchat.ru/_nuxt/fVY6jQV9.js:57
[  194917ms] [WARNING] Destination image width or height more than source
src: https://cdn1.tenchat.ru/static/vbc-gostinder/user-picture/af7db234-000b-4091-8b50-7f824c9736a8.jpeg @ https://cdn2.tenchat.ru/_nuxt/fVY6jQV9.js:57
[  194918ms] [WARNING] Destination image width or height more than source
src: https://cdn1.tenchat.ru/static/vbc-gostinder/user-picture/af7db234-000b-4091-8b50-7f824c9736a8.jpeg @ https://cdn2.tenchat.ru/_nuxt/fVY6jQV9.js:57
[  194918ms] [WARNING] Destination image width or height more than source
src: https://cdn1.tenchat.ru/static/vbc-gostinder/user-picture/af7db234-000b-4091-8b50-7f824c9736a8.jpeg @ https://cdn2.tenchat.ru/_nuxt/fVY6jQV9.js:57
[  194918ms] [WARNING] Destination image width or height more than source
src: https://cdn1.tenchat.ru/static/vbc-gostinder/user-picture/af7db234-000b-4091-8b50-7f824c9736a8.jpeg @ https://cdn2.tenchat.ru/_nuxt/fVY6jQV9.js:57
[  194918ms] [WARNING] Destination image width or height more than source
src: https://cdn1.tenchat.ru/static/vbc-gostinder/user-picture/af7db234-000b-4091-8b50-7f824c9736a8.jpeg @ https://cdn2.tenchat.ru/_nuxt/fVY6jQV9.js:57
[  194919ms] [WARNING] Destination image width or height more than source
src: https://cdn1.tenchat.ru/static/vbc-gostinder/user-picture/af7db234-000b-4091-8b50-7f824c9736a8.jpeg @ https://cdn2.tenchat.ru/_nuxt/fVY6jQV9.js:57
[  194919ms] [WARNING] Destination image width or height more than source
src: https://cdn1.tenchat.ru/static/vbc-gostinder/user-picture/af7db234-000b-4091-8b50-7f824c9736a8.jpeg @ https://cdn2.tenchat.ru/_nuxt/fVY6jQV9.js:57
[  194919ms] [WARNING] Destination image width or height more than source
src: https://cdn1.tenchat.ru/static/vbc-gostinder/user-picture/af7db234-000b-4091-8b50-7f824c9736a8.jpeg @ https://cdn2.tenchat.ru/_nuxt/fVY6jQV9.js:57
[  194920ms] [WARNING] Destination image width or height more than source
src: https://cdn1.tenchat.ru/static/vbc-gostinder/user-picture/af7db234-000b-4091-8b50-7f824c9736a8.jpeg @ https://cdn2.tenchat.ru/_nuxt/fVY6jQV9.js:57
[  194920ms] [WARNING] Destination image width or height more than source
src: https://cdn1.tenchat.ru/static/vbc-gostinder/user-picture/af7db234-000b-4091-8b50-7f824c9736a8.jpeg @ https://cdn2.tenchat.ru/_nuxt/fVY6jQV9.js:57
[  194920ms] [WARNING] Destination image width or height more than source
src: https://cdn1.tenchat.ru/static/vbc-gostinder/user-picture/af7db234-000b-4091-8b50-7f824c9736a8.jpeg @ https://cdn2.tenchat.ru/_nuxt/fVY6jQV9.js:57
[  194920ms] [WARNING] Destination image width or height more than source
src: https://cdn1.tenchat.ru/static/vbc-gostinder/user-picture/af7db234-000b-4091-8b50-7f824c9736a8.jpeg @ https://cdn2.tenchat.ru/_nuxt/fVY6jQV9.js:57
[  194921ms] [WARNING] Destination image width or height more than source
src: https://cdn1.tenchat.ru/static/vbc-gostinder/user-picture/af7db234-000b-4091-8b50-7f824c9736a8.jpeg @ https://cdn2.tenchat.ru/_nuxt/fVY6jQV9.js:57
[  194921ms] [WARNING] Destination image width or height more than source
src: https://cdn1.tenchat.ru/static/vbc-gostinder/user-picture/af7db234-000b-4091-8b50-7f824c9736a8.jpeg @ https://cdn2.tenchat.ru/_nuxt/fVY6jQV9.js:57
[  194921ms] [WARNING] Destination image width or height more than source
src: https://cdn1.tenchat.ru/static/vbc-gostinder/user-picture/af7db234-000b-4091-8b50-7f824c9736a8.jpeg @ https://cdn2.tenchat.ru/_nuxt/fVY6jQV9.js:57
[  194921ms] [WARNING] Destination image width or height more than source
src: https://cdn1.tenchat.ru/static/vbc-gostinder/user-picture/af7db234-000b-4091-8b50-7f824c9736a8.jpeg @ https://cdn2.tenchat.ru/_nuxt/fVY6jQV9.js:57
[  194922ms] [WARNING] Destination image width or height more than source
src: https://cdn1.tenchat.ru/static/vbc-gostinder/user-picture/af7db234-000b-4091-8b50-7f824c9736a8.jpeg @ https://cdn2.tenchat.ru/_nuxt/fVY6jQV9.js:57
[  194922ms] [WARNING] Destination image width or height more than source
src: https://cdn1.tenchat.ru/static/vbc-gostinder/user-picture/af7db234-000b-4091-8b50-7f824c9736a8.jpeg @ https://cdn2.tenchat.ru/_nuxt/fVY6jQV9.js:57
[  194922ms] [WARNING] Destination image width or height more than source
src: https://cdn1.tenchat.ru/static/vbc-gostinder/user-picture/af7db234-000b-4091-8b50-7f824c9736a8.jpeg @ https://cdn2.tenchat.ru/_nuxt/fVY6jQV9.js:57
[  194922ms] [WARNING] Destination image width or height more than source
src: https://cdn1.tenchat.ru/static/vbc-gostinder/user-picture/af7db234-000b-4091-8b50-7f824c9736a8.jpeg @ https://cdn2.tenchat.ru/_nuxt/fVY6jQV9.js:57
[  194923ms] [WARNING] Destination image width or height more than source
src: https://cdn1.tenchat.ru/static/vbc-gostinder/user-picture/af7db234-000b-4091-8b50-7f824c9736a8.jpeg @ https://cdn2.tenchat.ru/_nuxt/fVY6jQV9.js:57
[  194923ms] [WARNING] Destination image width or height more than source
src: https://cdn1.tenchat.ru/static/vbc-gostinder/user-picture/af7db234-000b-4091-8b50-7f824c9736a8.jpeg @ https://cdn2.tenchat.ru/_nuxt/fVY6jQV9.js:57
[  194923ms] [WARNING] Destination image width or height more than source
src: https://cdn1.tenchat.ru/static/vbc-gostinder/user-picture/af7db234-000b-4091-8b50-7f824c9736a8.jpeg @ https://cdn2.tenchat.ru/_nuxt/fVY6jQV9.js:57
[  194923ms] [WARNING] Destination image width or height more than source
src: https://cdn1.tenchat.ru/static/vbc-gostinder/user-picture/af7db234-000b-4091-8b50-7f824c9736a8.jpeg @ https://cdn2.tenchat.ru/_nuxt/fVY6jQV9.js:57
[  194924ms] [WARNING] Destination image width or height more than source
src: https://cdn1.tenchat.ru/static/vbc-gostinder/user-picture/af7db234-000b-4091-8b50-7f824c9736a8.jpeg @ https://cdn2.tenchat.ru/_nuxt/fVY6jQV9.js:57
[  194924ms] [WARNING] Destination image width or height more than source
src: https://cdn1.tenchat.ru/static/vbc-gostinder/user-picture/af7db234-000b-4091-8b50-7f824c9736a8.jpeg @ https://cdn2.tenchat.ru/_nuxt/fVY6jQV9.js:57
[  194924ms] [WARNING] Destination image width or height more than source
src: https://cdn1.tenchat.ru/static/vbc-gostinder/user-picture/af7db234-000b-4091-8b50-7f824c9736a8.jpeg @ https://cdn2.tenchat.ru/_nuxt/fVY6jQV9.js:57
[  194924ms] [WARNING] Destination image width or height more than source
src: https://cdn1.tenchat.ru/static/vbc-gostinder/user-picture/af7db234-000b-4091-8b50-7f824c9736a8.jpeg @ https://cdn2.tenchat.ru/_nuxt/fVY6jQV9.js:57
[  195564ms] [WARNING] Destination image width or height more than source
src: https://cdn1.tenchat.ru/static/vbc-gostinder/user-picture/8a297dae-a2fa-4062-b9de-ee24b4ccb436.jpg @ https://cdn2.tenchat.ru/_nuxt/fVY6jQV9.js:57
[  195564ms] [WARNING] Destination image width or height more than source
src: https://cdn1.tenchat.ru/static/vbc-gostinder/user-picture/8a297dae-a2fa-4062-b9de-ee24b4ccb436.jpg @ https://cdn2.tenchat.ru/_nuxt/fVY6jQV9.js:57
[  195564ms] [WARNING] Destination image width or height more than source
src: https://cdn1.tenchat.ru/static/vbc-gostinder/user-picture/8a297dae-a2fa-4062-b9de-ee24b4ccb436.jpg @ https://cdn2.tenchat.ru/_nuxt/fVY6jQV9.js:57
[  195564ms] [WARNING] Destination image width or height more than source
src: https://cdn1.tenchat.ru/static/vbc-gostinder/user-picture/8a297dae-a2fa-4062-b9de-ee24b4ccb436.jpg @ https://cdn2.tenchat.ru/_nuxt/fVY6jQV9.js:57
[  195565ms] [WARNING] Destination image width or height more than source
src: https://cdn1.tenchat.ru/static/vbc-gostinder/user-picture/8a297dae-a2fa-4062-b9de-ee24b4ccb436.jpg @ https://cdn2.tenchat.ru/_nuxt/fVY6jQV9.js:57
[  195565ms] [WARNING] Destination image width or height more than source
src: https://cdn1.tenchat.ru/static/vbc-gostinder/user-picture/8a297dae-a2fa-4062-b9de-ee24b4ccb436.jpg @ https://cdn2.tenchat.ru/_nuxt/fVY6jQV9.js:57
[  195565ms] [WARNING] Destination image width or height more than source
src: https://cdn1.tenchat.ru/static/vbc-gostinder/user-picture/8a297dae-a2fa-4062-b9de-ee24b4ccb436.jpg @ https://cdn2.tenchat.ru/_nuxt/fVY6jQV9.js:57
[  195566ms] [WARNING] Destination image width or height more than source
src: https://cdn1.tenchat.ru/static/vbc-gostinder/user-picture/8a297dae-a2fa-4062-b9de-ee24b4ccb436.jpg @ https://cdn2.tenchat.ru/_nuxt/fVY6jQV9.js:57
[  195566ms] [WARNING] Destination image width or height more than source
src: https://cdn1.tenchat.ru/static/vbc-gostinder/user-picture/8a297dae-a2fa-4062-b9de-ee24b4ccb436.jpg @ https://cdn2.tenchat.ru/_nuxt/fVY6jQV9.js:57
[  195566ms] [WARNING] Destination image width or height more than source
src: https://cdn1.tenchat.ru/static/vbc-gostinder/user-picture/8a297dae-a2fa-4062-b9de-ee24b4ccb436.jpg @ https://cdn2.tenchat.ru/_nuxt/fVY6jQV9.js:57
[  195566ms] [WARNING] Destination image width or height more than source
src: https://cdn1.tenchat.ru/static/vbc-gostinder/user-picture/8a297dae-a2fa-4062-b9de-ee24b4ccb436.jpg @ https://cdn2.tenchat.ru/_nuxt/fVY6jQV9.js:57
[  195566ms] [WARNING] Destination image width or height more than source
src: https://cdn1.tenchat.ru/static/vbc-gostinder/user-picture/8a297dae-a2fa-4062-b9de-ee24b4ccb436.jpg @ https://cdn2.tenchat.ru/_nuxt/fVY6jQV9.js:57
[  195566ms] [WARNING] Destination image width or height more than source
src: https://cdn1.tenchat.ru/static/vbc-gostinder/user-picture/8a297dae-a2fa-4062-b9de-ee24b4ccb436.jpg @ https://cdn2.tenchat.ru/_nuxt/fVY6jQV9.js:57
[  195567ms] [WARNING] Destination image width or height more than source
src: https://cdn1.tenchat.ru/static/vbc-gostinder/user-picture/8a297dae-a2fa-4062-b9de-ee24b4ccb436.jpg @ https://cdn2.tenchat.ru/_nuxt/fVY6jQV9.js:57
[  195567ms] [WARNING] Destination image width or height more than source
src: https://cdn1.tenchat.ru/static/vbc-gostinder/user-picture/8a297dae-a2fa-4062-b9de-ee24b4ccb436.jpg @ https://cdn2.tenchat.ru/_nuxt/fVY6jQV9.js:57
[  195567ms] [WARNING] Destination image width or height more than source
src: https://cdn1.tenchat.ru/static/vbc-gostinder/user-picture/8a297dae-a2fa-4062-b9de-ee24b4ccb436.jpg @ https://cdn2.tenchat.ru/_nuxt/fVY6jQV9.js:57
[  195567ms] [WARNING] Destination image width or height more than source
src: https://cdn1.tenchat.ru/static/vbc-gostinder/user-picture/8a297dae-a2fa-4062-b9de-ee24b4ccb436.jpg @ https://cdn2.tenchat.ru/_nuxt/fVY6jQV9.js:57
[  195568ms] [WARNING] Destination image width or height more than source
src: https://cdn1.tenchat.ru/static/vbc-gostinder/user-picture/8a297dae-a2fa-4062-b9de-ee24b4ccb436.jpg @ https://cdn2.tenchat.ru/_nuxt/fVY6jQV9.js:57
[  195568ms] [WARNING] Destination image width or height more than source
src: https://cdn1.tenchat.ru/static/vbc-gostinder/user-picture/8a297dae-a2fa-4062-b9de-ee24b4ccb436.jpg @ https://cdn2.tenchat.ru/_nuxt/fVY6jQV9.js:57
[  195568ms] [WARNING] Destination image width or height more than source
src: https://cdn1.tenchat.ru/static/vbc-gostinder/user-picture/8a297dae-a2fa-4062-b9de-ee24b4ccb436.jpg @ https://cdn2.tenchat.ru/_nuxt/fVY6jQV9.js:57
[  195568ms] [WARNING] Destination image width or height more than source
src: https://cdn1.tenchat.ru/static/vbc-gostinder/user-picture/8a297dae-a2fa-4062-b9de-ee24b4ccb436.jpg @ https://cdn2.tenchat.ru/_nuxt/fVY6jQV9.js:57
[  195568ms] [WARNING] Destination image width or height more than source
src: https://cdn1.tenchat.ru/static/vbc-gostinder/user-picture/8a297dae-a2fa-4062-b9de-ee24b4ccb436.jpg @ https://cdn2.tenchat.ru/_nuxt/fVY6jQV9.js:57
[  195568ms] [WARNING] Destination image width or height more than source
src: https://cdn1.tenchat.ru/static/vbc-gostinder/user-picture/8a297dae-a2fa-4062-b9de-ee24b4ccb436.jpg @ https://cdn2.tenchat.ru/_nuxt/fVY6jQV9.js:57
[  195569ms] [WARNING] Destination image width or height more than source
src: https://cdn1.tenchat.ru/static/vbc-gostinder/user-picture/8a297dae-a2fa-4062-b9de-ee24b4ccb436.jpg @ https://cdn2.tenchat.ru/_nuxt/fVY6jQV9.js:57
[  195569ms] [WARNING] Destination image width or height more than source
src: https://cdn1.tenchat.ru/static/vbc-gostinder/user-picture/8a297dae-a2fa-4062-b9de-ee24b4ccb436.jpg @ https://cdn2.tenchat.ru/_nuxt/fVY6jQV9.js:57
[  195569ms] [WARNING] Destination image width or height more than source
src: https://cdn1.tenchat.ru/static/vbc-gostinder/user-picture/8a297dae-a2fa-4062-b9de-ee24b4ccb436.jpg @ https://cdn2.tenchat.ru/_nuxt/fVY6jQV9.js:57
[  195633ms] [WARNING] Destination image width or height more than source
src: https://cdn1.tenchat.ru/static/vbc-gostinder/user-picture/c6f538f6-0f5b-4fe1-a3c1-06623f454157.jpg @ https://cdn2.tenchat.ru/_nuxt/fVY6jQV9.js:57
[  195633ms] [WARNING] Destination image width or height more than source
src: https://cdn1.tenchat.ru/static/vbc-gostinder/user-picture/c6f538f6-0f5b-4fe1-a3c1-06623f454157.jpg @ https://cdn2.tenchat.ru/_nuxt/fVY6jQV9.js:57
[  195633ms] [WARNING] Destination image width or height more than source
src: https://cdn1.tenchat.ru/static/vbc-gostinder/user-picture/c6f538f6-0f5b-4fe1-a3c1-06623f454157.jpg @ https://cdn2.tenchat.ru/_nuxt/fVY6jQV9.js:57
[  195633ms] [WARNING] Destination image width or height more than source
src: https://cdn1.tenchat.ru/static/vbc-gostinder/user-picture/c6f538f6-0f5b-4fe1-a3c1-06623f454157.jpg @ https://cdn2.tenchat.ru/_nuxt/fVY6jQV9.js:57
[  195633ms] [WARNING] Destination image width or height more than source
src: https://cdn1.tenchat.ru/static/vbc-gostinder/user-picture/c6f538f6-0f5b-4fe1-a3c1-06623f454157.jpg @ https://cdn2.tenchat.ru/_nuxt/fVY6jQV9.js:57
[  195634ms] [WARNING] Destination image width or height more than source
src: https://cdn1.tenchat.ru/static/vbc-gostinder/user-picture/c6f538f6-0f5b-4fe1-a3c1-06623f454157.jpg @ https://cdn2.tenchat.ru/_nuxt/fVY6jQV9.js:57
[  195634ms] [WARNING] Destination image width or height more than source
src: https://cdn1.tenchat.ru/static/vbc-gostinder/user-picture/c6f538f6-0f5b-4fe1-a3c1-06623f454157.jpg @ https://cdn2.tenchat.ru/_nuxt/fVY6jQV9.js:57
[  195634ms] [WARNING] Destination image width or height more than source
src: https://cdn1.tenchat.ru/static/vbc-gostinder/user-picture/c6f538f6-0f5b-4fe1-a3c1-06623f454157.jpg @ https://cdn2.tenchat.ru/_nuxt/fVY6jQV9.js:57
[  195634ms] [WARNING] Destination image width or height more than source
src: https://cdn1.tenchat.ru/static/vbc-gostinder/user-picture/c6f538f6-0f5b-4fe1-a3c1-06623f454157.jpg @ https://cdn2.tenchat.ru/_nuxt/fVY6jQV9.js:57
[  195634ms] [WARNING] Destination image width or height more than source
src: https://cdn1.tenchat.ru/static/vbc-gostinder/user-picture/c6f538f6-0f5b-4fe1-a3c1-06623f454157.jpg @ https://cdn2.tenchat.ru/_nuxt/fVY6jQV9.js:57
[  195634ms] [WARNING] Destination image width or height more than source
src: https://cdn1.tenchat.ru/static/vbc-gostinder/user-picture/c6f538f6-0f5b-4fe1-a3c1-06623f454157.jpg @ https://cdn2.tenchat.ru/_nuxt/fVY6jQV9.js:57
[  195634ms] [WARNING] Destination image width or height more than source
src: https://cdn1.tenchat.ru/static/vbc-gostinder/user-picture/c6f538f6-0f5b-4fe1-a3c1-06623f454157.jpg @ https://cdn2.tenchat.ru/_nuxt/fVY6jQV9.js:57
[  195634ms] [WARNING] Destination image width or height more than source
src: https://cdn1.tenchat.ru/static/vbc-gostinder/user-picture/c6f538f6-0f5b-4fe1-a3c1-06623f454157.jpg @ https://cdn2.tenchat.ru/_nuxt/fVY6jQV9.js:57
[  195635ms] [WARNING] Destination image width or height more than source
src: https://cdn1.tenchat.ru/static/vbc-gostinder/user-picture/c6f538f6-0f5b-4fe1-a3c1-06623f454157.jpg @ https://cdn2.tenchat.ru/_nuxt/fVY6jQV9.js:57
[  195635ms] [WARNING] Destination image width or height more than source
src: https://cdn1.tenchat.ru/static/vbc-gostinder/user-picture/c6f538f6-0f5b-4fe1-a3c1-06623f454157.jpg @ https://cdn2.tenchat.ru/_nuxt/fVY6jQV9.js:57
[  195635ms] [WARNING] Destination image width or height more than source
src: https://cdn1.tenchat.ru/static/vbc-gostinder/user-picture/c6f538f6-0f5b-4fe1-a3c1-06623f454157.jpg @ https://cdn2.tenchat.ru/_nuxt/fVY6jQV9.js:57
[  195635ms] [WARNING] Destination image width or height more than source
src: https://cdn1.tenchat.ru/static/vbc-gostinder/user-picture/c6f538f6-0f5b-4fe1-a3c1-06623f454157.jpg @ https://cdn2.tenchat.ru/_nuxt/fVY6jQV9.js:57
[  195635ms] [WARNING] Destination image width or height more than source
src: https://cdn1.tenchat.ru/static/vbc-gostinder/user-picture/c6f538f6-0f5b-4fe1-a3c1-06623f454157.jpg @ https://cdn2.tenchat.ru/_nuxt/fVY6jQV9.js:57
[  195635ms] [WARNING] Destination image width or height more than source
src: https://cdn1.tenchat.ru/static/vbc-gostinder/user-picture/c6f538f6-0f5b-4fe1-a3c1-06623f454157.jpg @ https://cdn2.tenchat.ru/_nuxt/fVY6jQV9.js:57
[  195635ms] [WARNING] Destination image width or height more than source
src: https://cdn1.tenchat.ru/static/vbc-gostinder/user-picture/c6f538f6-0f5b-4fe1-a3c1-06623f454157.jpg @ https://cdn2.tenchat.ru/_nuxt/fVY6jQV9.js:57
[  195636ms] [WARNING] Destination image width or height more than source
src: https://cdn1.tenchat.ru/static/vbc-gostinder/user-picture/c6f538f6-0f5b-4fe1-a3c1-06623f454157.jpg @ https://cdn2.tenchat.ru/_nuxt/fVY6jQV9.js:57
[  195636ms] [WARNING] Destination image width or height more than source
src: https://cdn1.tenchat.ru/static/vbc-gostinder/user-picture/c6f538f6-0f5b-4fe1-a3c1-06623f454157.jpg @ https://cdn2.tenchat.ru/_nuxt/fVY6jQV9.js:57
[  195636ms] [WARNING] Destination image width or height more than source
src: https://cdn1.tenchat.ru/static/vbc-gostinder/user-picture/c6f538f6-0f5b-4fe1-a3c1-06623f454157.jpg @ https://cdn2.tenchat.ru/_nuxt/fVY6jQV9.js:57
[  195636ms] [WARNING] Destination image width or height more than source
src: https://cdn1.tenchat.ru/static/vbc-gostinder/user-picture/c6f538f6-0f5b-4fe1-a3c1-06623f454157.jpg @ https://cdn2.tenchat.ru/_nuxt/fVY6jQV9.js:57
[  195636ms] [WARNING] Destination image width or height more than source
src: https://cdn1.tenchat.ru/static/vbc-gostinder/user-picture/c6f538f6-0f5b-4fe1-a3c1-06623f454157.jpg @ https://cdn2.tenchat.ru/_nuxt/fVY6jQV9.js:57
[  195636ms] [WARNING] Destination image width or height more than source
src: https://cdn1.tenchat.ru/static/vbc-gostinder/user-picture/c6f538f6-0f5b-4fe1-a3c1-06623f454157.jpg @ https://cdn2.tenchat.ru/_nuxt/fVY6jQV9.js:57
[  195637ms] [WARNING] Destination image width or height more than source
src: https://cdn1.tenchat.ru/static/vbc-gostinder/user-picture/bb054bd3-9e83-4e73-9230-348de41760d1.jpeg @ https://cdn2.tenchat.ru/_nuxt/fVY6jQV9.js:57
[  195637ms] [WARNING] Destination image width or height more than source
src: https://cdn1.tenchat.ru/static/vbc-gostinder/user-picture/bb054bd3-9e83-4e73-9230-348de41760d1.jpeg @ https://cdn2.tenchat.ru/_nuxt/fVY6jQV9.js:57
[  195637ms] [WARNING] Destination image width or height more than source
src: https://cdn1.tenchat.ru/static/vbc-gostinder/user-picture/bb054bd3-9e83-4e73-9230-348de41760d1.jpeg @ https://cdn2.tenchat.ru/_nuxt/fVY6jQV9.js:57
[  195637ms] [WARNING] Destination image width or height more than source
src: https://cdn1.tenchat.ru/static/vbc-gostinder/user-picture/bb054bd3-9e83-4e73-9230-348de41760d1.jpeg @ https://cdn2.tenchat.ru/_nuxt/fVY6jQV9.js:57
[  195637ms] [WARNING] Destination image width or height more than source
src: https://cdn1.tenchat.ru/static/vbc-gostinder/user-picture/bb054bd3-9e83-4e73-9230-348de41760d1.jpeg @ https://cdn2.tenchat.ru/_nuxt/fVY6jQV9.js:57
[  195637ms] [WARNING] Destination image width or height more than source
src: https://cdn1.tenchat.ru/static/vbc-gostinder/user-picture/bb054bd3-9e83-4e73-9230-348de41760d1.jpeg @ https://cdn2.tenchat.ru/_nuxt/fVY6jQV9.js:57
[  195637ms] [WARNING] Destination image width or height more than source
src: https://cdn1.tenchat.ru/static/vbc-gostinder/user-picture/bb054bd3-9e83-4e73-9230-348de41760d1.jpeg @ https://cdn2.tenchat.ru/_nuxt/fVY6jQV9.js:57
[  195638ms] [WARNING] Destination image width or height more than source
src: https://cdn1.tenchat.ru/static/vbc-gostinder/user-picture/bb054bd3-9e83-4e73-9230-348de41760d1.jpeg @ https://cdn2.tenchat.ru/_nuxt/fVY6jQV9.js:57
[  195638ms] [WARNING] Destination image width or height more than source
src: https://cdn1.tenchat.ru/static/vbc-gostinder/user-picture/bb054bd3-9e83-4e73-9230-348de41760d1.jpeg @ https://cdn2.tenchat.ru/_nuxt/fVY6jQV9.js:57
[  195638ms] [WARNING] Destination image width or height more than source
src: https://cdn1.tenchat.ru/static/vbc-gostinder/user-picture/bb054bd3-9e83-4e73-9230-348de41760d1.jpeg @ https://cdn2.tenchat.ru/_nuxt/fVY6jQV9.js:57
[  195638ms] [WARNING] Destination image width or height more than source
src: https://cdn1.tenchat.ru/static/vbc-gostinder/user-picture/bb054bd3-9e83-4e73-9230-348de41760d1.jpeg @ https://cdn2.tenchat.ru/_nuxt/fVY6jQV9.js:57
[  195638ms] [WARNING] Destination image width or height more than source
src: https://cdn1.tenchat.ru/static/vbc-gostinder/user-picture/bb054bd3-9e83-4e73-9230-348de41760d1.jpeg @ https://cdn2.tenchat.ru/_nuxt/fVY6jQV9.js:57
[  195638ms] [WARNING] Destination image width or height more than source
src: https://cdn1.tenchat.ru/static/vbc-gostinder/user-picture/bb054bd3-9e83-4e73-9230-348de41760d1.jpeg @ https://cdn2.tenchat.ru/_nuxt/fVY6jQV9.js:57
[  195638ms] [WARNING] Destination image width or height more than source
src: https://cdn1.tenchat.ru/static/vbc-gostinder/user-picture/bb054bd3-9e83-4e73-9230-348de41760d1.jpeg @ https://cdn2.tenchat.ru/_nuxt/fVY6jQV9.js:57
[  195638ms] [WARNING] Destination image width or height more than source
src: https://cdn1.tenchat.ru/static/vbc-gostinder/user-picture/bb054bd3-9e83-4e73-9230-348de41760d1.jpeg @ https://cdn2.tenchat.ru/_nuxt/fVY6jQV9.js:57
[  195638ms] [WARNING] Destination image width or height more than source
src: https://cdn1.tenchat.ru/static/vbc-gostinder/user-picture/bb054bd3-9e83-4e73-9230-348de41760d1.jpeg @ https://cdn2.tenchat.ru/_nuxt/fVY6jQV9.js:57
[  195639ms] [WARNING] Destination image width or height more than source
src: https://cdn1.tenchat.ru/static/vbc-gostinder/user-picture/bb054bd3-9e83-4e73-9230-348de41760d1.jpeg @ https://cdn2.tenchat.ru/_nuxt/fVY6jQV9.js:57
[  195639ms] [WARNING] Destination image width or height more than source
src: https://cdn1.tenchat.ru/static/vbc-gostinder/user-picture/bb054bd3-9e83-4e73-9230-348de41760d1.jpeg @ https://cdn2.tenchat.ru/_nuxt/fVY6jQV9.js:57
[  195639ms] [WARNING] Destination image width or height more than source
src: https://cdn1.tenchat.ru/static/vbc-gostinder/user-picture/bb054bd3-9e83-4e73-9230-348de41760d1.jpeg @ https://cdn2.tenchat.ru/_nuxt/fVY6jQV9.js:57
[  195639ms] [WARNING] Destination image width or height more than source
src: https://cdn1.tenchat.ru/static/vbc-gostinder/user-picture/bb054bd3-9e83-4e73-9230-348de41760d1.jpeg @ https://cdn2.tenchat.ru/_nuxt/fVY6jQV9.js:57
[  195639ms] [WARNING] Destination image width or height more than source
src: https://cdn1.tenchat.ru/static/vbc-gostinder/user-picture/bb054bd3-9e83-4e73-9230-348de41760d1.jpeg @ https://cdn2.tenchat.ru/_nuxt/fVY6jQV9.js:57
[  195639ms] [WARNING] Destination image width or height more than source
src: https://cdn1.tenchat.ru/static/vbc-gostinder/user-picture/bb054bd3-9e83-4e73-9230-348de41760d1.jpeg @ https://cdn2.tenchat.ru/_nuxt/fVY6jQV9.js:57
[  195640ms] [WARNING] Destination image width or height more than source
src: https://cdn1.tenchat.ru/static/vbc-gostinder/user-picture/bb054bd3-9e83-4e73-9230-348de41760d1.jpeg @ https://cdn2.tenchat.ru/_nuxt/fVY6jQV9.js:57
[  195640ms] [WARNING] Destination image width or height more than source
src: https://cdn1.tenchat.ru/static/vbc-gostinder/user-picture/bb054bd3-9e83-4e73-9230-348de41760d1.jpeg @ https://cdn2.tenchat.ru/_nuxt/fVY6jQV9.js:57
[  195640ms] [WARNING] Destination image width or height more than source
src: https://cdn1.tenchat.ru/static/vbc-gostinder/user-picture/bb054bd3-9e83-4e73-9230-348de41760d1.jpeg @ https://cdn2.tenchat.ru/_nuxt/fVY6jQV9.js:57
[  195640ms] [WARNING] Destination image width or height more than source
src: https://cdn1.tenchat.ru/static/vbc-gostinder/user-picture/bb054bd3-9e83-4e73-9230-348de41760d1.jpeg @ https://cdn2.tenchat.ru/_nuxt/fVY6jQV9.js:57
[  195811ms] [WARNING] Destination image width or height more than source
src: https://cdn1.tenchat.ru/static/vbc-gostinder/user-picture/1b0b9682-607d-4f87-9273-ef07b8579c0e.jpeg @ https://cdn2.tenchat.ru/_nuxt/fVY6jQV9.js:57
[  195812ms] [WARNING] Destination image width or height more than source
src: https://cdn1.tenchat.ru/static/vbc-gostinder/user-picture/1b0b9682-607d-4f87-9273-ef07b8579c0e.jpeg @ https://cdn2.tenchat.ru/_nuxt/fVY6jQV9.js:57
[  195812ms] [WARNING] Destination image width or height more than source
src: https://cdn1.tenchat.ru/static/vbc-gostinder/user-picture/1b0b9682-607d-4f87-9273-ef07b8579c0e.jpeg @ https://cdn2.tenchat.ru/_nuxt/fVY6jQV9.js:57
[  195812ms] [WARNING] Destination image width or height more than source
src: https://cdn1.tenchat.ru/static/vbc-gostinder/user-picture/1b0b9682-607d-4f87-9273-ef07b8579c0e.jpeg @ https://cdn2.tenchat.ru/_nuxt/fVY6jQV9.js:57
[  195812ms] [WARNING] Destination image width or height more than source
src: https://cdn1.tenchat.ru/static/vbc-gostinder/user-picture/1b0b9682-607d-4f87-9273-ef07b8579c0e.jpeg @ https://cdn2.tenchat.ru/_nuxt/fVY6jQV9.js:57
[  195813ms] [WARNING] Destination image width or height more than source
src: https://cdn1.tenchat.ru/static/vbc-gostinder/user-picture/1b0b9682-607d-4f87-9273-ef07b8579c0e.jpeg @ https://cdn2.tenchat.ru/_nuxt/fVY6jQV9.js:57
[  195813ms] [WARNING] Destination image width or height more than source
src: https://cdn1.tenchat.ru/static/vbc-gostinder/user-picture/1b0b9682-607d-4f87-9273-ef07b8579c0e.jpeg @ https://cdn2.tenchat.ru/_nuxt/fVY6jQV9.js:57
[  195813ms] [WARNING] Destination image width or height more than source
src: https://cdn1.tenchat.ru/static/vbc-gostinder/user-picture/1b0b9682-607d-4f87-9273-ef07b8579c0e.jpeg @ https://cdn2.tenchat.ru/_nuxt/fVY6jQV9.js:57
[  195814ms] [WARNING] Destination image width or height more than source
src: https://cdn1.tenchat.ru/static/vbc-gostinder/user-picture/1b0b9682-607d-4f87-9273-ef07b8579c0e.jpeg @ https://cdn2.tenchat.ru/_nuxt/fVY6jQV9.js:57
[  195814ms] [WARNING] Destination image width or height more than source
src: https://cdn1.tenchat.ru/static/vbc-gostinder/user-picture/1b0b9682-607d-4f87-9273-ef07b8579c0e.jpeg @ https://cdn2.tenchat.ru/_nuxt/fVY6jQV9.js:57
[  195814ms] [WARNING] Destination image width or height more than source
src: https://cdn1.tenchat.ru/static/vbc-gostinder/user-picture/1b0b9682-607d-4f87-9273-ef07b8579c0e.jpeg @ https://cdn2.tenchat.ru/_nuxt/fVY6jQV9.js:57
[  195814ms] [WARNING] Destination image width or height more than source
src: https://cdn1.tenchat.ru/static/vbc-gostinder/user-picture/1b0b9682-607d-4f87-9273-ef07b8579c0e.jpeg @ https://cdn2.tenchat.ru/_nuxt/fVY6jQV9.js:57
[  195815ms] [WARNING] Destination image width or height more than source
src: https://cdn1.tenchat.ru/static/vbc-gostinder/user-picture/1b0b9682-607d-4f87-9273-ef07b8579c0e.jpeg @ https://cdn2.tenchat.ru/_nuxt/fVY6jQV9.js:57
[  195815ms] [WARNING] Destination image width or height more than source
src: https://cdn1.tenchat.ru/static/vbc-gostinder/user-picture/1b0b9682-607d-4f87-9273-ef07b8579c0e.jpeg @ https://cdn2.tenchat.ru/_nuxt/fVY6jQV9.js:57
[  195815ms] [WARNING] Destination image width or height more than source
src: https://cdn1.tenchat.ru/static/vbc-gostinder/user-picture/1b0b9682-607d-4f87-9273-ef07b8579c0e.jpeg @ https://cdn2.tenchat.ru/_nuxt/fVY6jQV9.js:57
[  195816ms] [WARNING] Destination image width or height more than source
src: https://cdn1.tenchat.ru/static/vbc-gostinder/user-picture/1b0b9682-607d-4f87-9273-ef07b8579c0e.jpeg @ https://cdn2.tenchat.ru/_nuxt/fVY6jQV9.js:57
[  195816ms] [WARNING] Destination image width or height more than source
src: https://cdn1.tenchat.ru/static/vbc-gostinder/user-picture/1b0b9682-607d-4f87-9273-ef07b8579c0e.jpeg @ https://cdn2.tenchat.ru/_nuxt/fVY6jQV9.js:57
[  195817ms] [WARNING] Destination image width or height more than source
src: https://cdn1.tenchat.ru/static/vbc-gostinder/user-picture/1b0b9682-607d-4f87-9273-ef07b8579c0e.jpeg @ https://cdn2.tenchat.ru/_nuxt/fVY6jQV9.js:57
[  195817ms] [WARNING] Destination image width or height more than source
src: https://cdn1.tenchat.ru/static/vbc-gostinder/user-picture/1b0b9682-607d-4f87-9273-ef07b8579c0e.jpeg @ https://cdn2.tenchat.ru/_nuxt/fVY6jQV9.js:57
[  195817ms] [WARNING] Destination image width or height more than source
src: https://cdn1.tenchat.ru/static/vbc-gostinder/user-picture/1b0b9682-607d-4f87-9273-ef07b8579c0e.jpeg @ https://cdn2.tenchat.ru/_nuxt/fVY6jQV9.js:57
[  195817ms] [WARNING] Destination image width or height more than source
src: https://cdn1.tenchat.ru/static/vbc-gostinder/user-picture/1b0b9682-607d-4f87-9273-ef07b8579c0e.jpeg @ https://cdn2.tenchat.ru/_nuxt/fVY6jQV9.js:57
[  195818ms] [WARNING] Destination image width or height more than source
src: https://cdn1.tenchat.ru/static/vbc-gostinder/user-picture/1b0b9682-607d-4f87-9273-ef07b8579c0e.jpeg @ https://cdn2.tenchat.ru/_nuxt/fVY6jQV9.js:57
[  195818ms] [WARNING] Destination image width or height more than source
src: https://cdn1.tenchat.ru/static/vbc-gostinder/user-picture/1b0b9682-607d-4f87-9273-ef07b8579c0e.jpeg @ https://cdn2.tenchat.ru/_nuxt/fVY6jQV9.js:57
[  195818ms] [WARNING] Destination image width or height more than source
src: https://cdn1.tenchat.ru/static/vbc-gostinder/user-picture/1b0b9682-607d-4f87-9273-ef07b8579c0e.jpeg @ https://cdn2.tenchat.ru/_nuxt/fVY6jQV9.js:57
[  195818ms] [WARNING] Destination image width or height more than source
src: https://cdn1.tenchat.ru/static/vbc-gostinder/user-picture/1b0b9682-607d-4f87-9273-ef07b8579c0e.jpeg @ https://cdn2.tenchat.ru/_nuxt/fVY6jQV9.js:57
[  195819ms] [WARNING] Destination image width or height more than source
src: https://cdn1.tenchat.ru/static/vbc-gostinder/user-picture/1b0b9682-607d-4f87-9273-ef07b8579c0e.jpeg @ https://cdn2.tenchat.ru/_nuxt/fVY6jQV9.js:57
[  196241ms] [WARNING] Destination image width or height more than source
src: https://cdn1.tenchat.ru/static/vbc-gostinder/user-picture/c2ad99ad-207d-4db3-8250-68f028bbcc97.jpeg @ https://cdn2.tenchat.ru/_nuxt/fVY6jQV9.js:57
[  196242ms] [WARNING] Destination image width or height more than source
src: https://cdn1.tenchat.ru/static/vbc-gostinder/user-picture/c2ad99ad-207d-4db3-8250-68f028bbcc97.jpeg @ https://cdn2.tenchat.ru/_nuxt/fVY6jQV9.js:57
[  196242ms] [WARNING] Destination image width or height more than source
src: https://cdn1.tenchat.ru/static/vbc-gostinder/user-picture/c2ad99ad-207d-4db3-8250-68f028bbcc97.jpeg @ https://cdn2.tenchat.ru/_nuxt/fVY6jQV9.js:57
[  196242ms] [WARNING] Destination image width or height more than source
src: https://cdn1.tenchat.ru/static/vbc-gostinder/user-picture/c2ad99ad-207d-4db3-8250-68f028bbcc97.jpeg @ https://cdn2.tenchat.ru/_nuxt/fVY6jQV9.js:57
[  196242ms] [WARNING] Destination image width or height more than source
src: https://cdn1.tenchat.ru/static/vbc-gostinder/user-picture/c2ad99ad-207d-4db3-8250-68f028bbcc97.jpeg @ https://cdn2.tenchat.ru/_nuxt/fVY6jQV9.js:57
[  196242ms] [WARNING] Destination image width or height more than source
src: https://cdn1.tenchat.ru/static/vbc-gostinder/user-picture/c2ad99ad-207d-4db3-8250-68f028bbcc97.jpeg @ https://cdn2.tenchat.ru/_nuxt/fVY6jQV9.js:57
[  196242ms] [WARNING] Destination image width or height more than source
src: https://cdn1.tenchat.ru/static/vbc-gostinder/user-picture/c2ad99ad-207d-4db3-8250-68f028bbcc97.jpeg @ https://cdn2.tenchat.ru/_nuxt/fVY6jQV9.js:57
[  196243ms] [WARNING] Destination image width or height more than source
src: https://cdn1.tenchat.ru/static/vbc-gostinder/user-picture/c2ad99ad-207d-4db3-8250-68f028bbcc97.jpeg @ https://cdn2.tenchat.ru/_nuxt/fVY6jQV9.js:57
[  196243ms] [WARNING] Destination image width or height more than source
src: https://cdn1.tenchat.ru/static/vbc-gostinder/user-picture/c2ad99ad-207d-4db3-8250-68f028bbcc97.jpeg @ https://cdn2.tenchat.ru/_nuxt/fVY6jQV9.js:57
[  196243ms] [WARNING] Destination image width or height more than source
src: https://cdn1.tenchat.ru/static/vbc-gostinder/user-picture/c2ad99ad-207d-4db3-8250-68f028bbcc97.jpeg @ https://cdn2.tenchat.ru/_nuxt/fVY6jQV9.js:57
[  196243ms] [WARNING] Destination image width or height more than source
src: https://cdn1.tenchat.ru/static/vbc-gostinder/user-picture/c2ad99ad-207d-4db3-8250-68f028bbcc97.jpeg @ https://cdn2.tenchat.ru/_nuxt/fVY6jQV9.js:57
[  196243ms] [WARNING] Destination image width or height more than source
src: https://cdn1.tenchat.ru/static/vbc-gostinder/user-picture/c2ad99ad-207d-4db3-8250-68f028bbcc97.jpeg @ https://cdn2.tenchat.ru/_nuxt/fVY6jQV9.js:57
[  196243ms] [WARNING] Destination image width or height more than source
src: https://cdn1.tenchat.ru/static/vbc-gostinder/user-picture/c2ad99ad-207d-4db3-8250-68f028bbcc97.jpeg @ https://cdn2.tenchat.ru/_nuxt/fVY6jQV9.js:57
[  196244ms] [WARNING] Destination image width or height more than source
src: https://cdn1.tenchat.ru/static/vbc-gostinder/user-picture/c2ad99ad-207d-4db3-8250-68f028bbcc97.jpeg @ https://cdn2.tenchat.ru/_nuxt/fVY6jQV9.js:57
[  196244ms] [WARNING] Destination image width or height more than source
src: https://cdn1.tenchat.ru/static/vbc-gostinder/user-picture/c2ad99ad-207d-4db3-8250-68f028bbcc97.jpeg @ https://cdn2.tenchat.ru/_nuxt/fVY6jQV9.js:57
[  196244ms] [WARNING] Destination image width or height more than source
src: https://cdn1.tenchat.ru/static/vbc-gostinder/user-picture/c2ad99ad-207d-4db3-8250-68f028bbcc97.jpeg @ https://cdn2.tenchat.ru/_nuxt/fVY6jQV9.js:57
[  196244ms] [WARNING] Destination image width or height more than source
src: https://cdn1.tenchat.ru/static/vbc-gostinder/user-picture/c2ad99ad-207d-4db3-8250-68f028bbcc97.jpeg @ https://cdn2.tenchat.ru/_nuxt/fVY6jQV9.js:57
[  196244ms] [WARNING] Destination image width or height more than source
src: https://cdn1.tenchat.ru/static/vbc-gostinder/user-picture/c2ad99ad-207d-4db3-8250-68f028bbcc97.jpeg @ https://cdn2.tenchat.ru/_nuxt/fVY6jQV9.js:57
[  196245ms] [WARNING] Destination image width or height more than source
src: https://cdn1.tenchat.ru/static/vbc-gostinder/user-picture/c2ad99ad-207d-4db3-8250-68f028bbcc97.jpeg @ https://cdn2.tenchat.ru/_nuxt/fVY6jQV9.js:57
[  196245ms] [WARNING] Destination image width or height more than source
src: https://cdn1.tenchat.ru/static/vbc-gostinder/user-picture/c2ad99ad-207d-4db3-8250-68f028bbcc97.jpeg @ https://cdn2.tenchat.ru/_nuxt/fVY6jQV9.js:57
[  196245ms] [WARNING] Destination image width or height more than source
src: https://cdn1.tenchat.ru/static/vbc-gostinder/user-picture/c2ad99ad-207d-4db3-8250-68f028bbcc97.jpeg @ https://cdn2.tenchat.ru/_nuxt/fVY6jQV9.js:57
[  196245ms] [WARNING] Destination image width or height more than source
src: https://cdn1.tenchat.ru/static/vbc-gostinder/user-picture/c2ad99ad-207d-4db3-8250-68f028bbcc97.jpeg @ https://cdn2.tenchat.ru/_nuxt/fVY6jQV9.js:57
[  196245ms] [WARNING] Destination image width or height more than source
src: https://cdn1.tenchat.ru/static/vbc-gostinder/user-picture/c2ad99ad-207d-4db3-8250-68f028bbcc97.jpeg @ https://cdn2.tenchat.ru/_nuxt/fVY6jQV9.js:57
[  196245ms] [WARNING] Destination image width or height more than source
src: https://cdn1.tenchat.ru/static/vbc-gostinder/user-picture/c2ad99ad-207d-4db3-8250-68f028bbcc97.jpeg @ https://cdn2.tenchat.ru/_nuxt/fVY6jQV9.js:57
[  196246ms] [WARNING] Destination image width or height more than source
src: https://cdn1.tenchat.ru/static/vbc-gostinder/user-picture/c2ad99ad-207d-4db3-8250-68f028bbcc97.jpeg @ https://cdn2.tenchat.ru/_nuxt/fVY6jQV9.js:57
[  196246ms] [WARNING] Destination image width or height more than source
src: https://cdn1.tenchat.ru/static/vbc-gostinder/user-picture/c2ad99ad-207d-4db3-8250-68f028bbcc97.jpeg @ https://cdn2.tenchat.ru/_nuxt/fVY6jQV9.js:57
[  196365ms] [WARNING] Destination image width or height more than source
src: https://cdn1.tenchat.ru/static/vbc-gostinder/user-picture/458f263b-6ecb-4c4a-93e4-f4b0a28f2279.jpeg @ https://cdn2.tenchat.ru/_nuxt/fVY6jQV9.js:57
[  196365ms] [WARNING] Destination image width or height more than source
src: https://cdn1.tenchat.ru/static/vbc-gostinder/user-picture/458f263b-6ecb-4c4a-93e4-f4b0a28f2279.jpeg @ https://cdn2.tenchat.ru/_nuxt/fVY6jQV9.js:57
[  196365ms] [WARNING] Destination image width or height more than source
src: https://cdn1.tenchat.ru/static/vbc-gostinder/user-picture/458f263b-6ecb-4c4a-93e4-f4b0a28f2279.jpeg @ https://cdn2.tenchat.ru/_nuxt/fVY6jQV9.js:57
[  196365ms] [WARNING] Destination image width or height more than source
src: https://cdn1.tenchat.ru/static/vbc-gostinder/user-picture/458f263b-6ecb-4c4a-93e4-f4b0a28f2279.jpeg @ https://cdn2.tenchat.ru/_nuxt/fVY6jQV9.js:57
[  196366ms] [WARNING] Destination image width or height more than source
src: https://cdn1.tenchat.ru/static/vbc-gostinder/user-picture/458f263b-6ecb-4c4a-93e4-f4b0a28f2279.jpeg @ https://cdn2.tenchat.ru/_nuxt/fVY6jQV9.js:57
[  196366ms] [WARNING] Destination image width or height more than source
src: https://cdn1.tenchat.ru/static/vbc-gostinder/user-picture/458f263b-6ecb-4c4a-93e4-f4b0a28f2279.jpeg @ https://cdn2.tenchat.ru/_nuxt/fVY6jQV9.js:57
[  196366ms] [WARNING] Destination image width or height more than source
src: https://cdn1.tenchat.ru/static/vbc-gostinder/user-picture/458f263b-6ecb-4c4a-93e4-f4b0a28f2279.jpeg @ https://cdn2.tenchat.ru/_nuxt/fVY6jQV9.js:57
[  196366ms] [WARNING] Destination image width or height more than source
src: https://cdn1.tenchat.ru/static/vbc-gostinder/user-picture/458f263b-6ecb-4c4a-93e4-f4b0a28f2279.jpeg @ https://cdn2.tenchat.ru/_nuxt/fVY6jQV9.js:57
[  196366ms] [WARNING] Destination image width or height more than source
src: https://cdn1.tenchat.ru/static/vbc-gostinder/user-picture/458f263b-6ecb-4c4a-93e4-f4b0a28f2279.jpeg @ https://cdn2.tenchat.ru/_nuxt/fVY6jQV9.js:57
[  196366ms] [WARNING] Destination image width or height more than source
src: https://cdn1.tenchat.ru/static/vbc-gostinder/user-picture/458f263b-6ecb-4c4a-93e4-f4b0a28f2279.jpeg @ https://cdn2.tenchat.ru/_nuxt/fVY6jQV9.js:57
[  196366ms] [WARNING] Destination image width or height more than source
src: https://cdn1.tenchat.ru/static/vbc-gostinder/user-picture/458f263b-6ecb-4c4a-93e4-f4b0a28f2279.jpeg @ https://cdn2.tenchat.ru/_nuxt/fVY6jQV9.js:57
[  196367ms] [WARNING] Destination image width or height more than source
src: https://cdn1.tenchat.ru/static/vbc-gostinder/user-picture/458f263b-6ecb-4c4a-93e4-f4b0a28f2279.jpeg @ https://cdn2.tenchat.ru/_nuxt/fVY6jQV9.js:57
[  196367ms] [WARNING] Destination image width or height more than source
src: https://cdn1.tenchat.ru/static/vbc-gostinder/user-picture/458f263b-6ecb-4c4a-93e4-f4b0a28f2279.jpeg @ https://cdn2.tenchat.ru/_nuxt/fVY6jQV9.js:57
[  196367ms] [WARNING] Destination image width or height more than source
src: https://cdn1.tenchat.ru/static/vbc-gostinder/user-picture/458f263b-6ecb-4c4a-93e4-f4b0a28f2279.jpeg @ https://cdn2.tenchat.ru/_nuxt/fVY6jQV9.js:57
[  196367ms] [WARNING] Destination image width or height more than source
src: https://cdn1.tenchat.ru/static/vbc-gostinder/user-picture/458f263b-6ecb-4c4a-93e4-f4b0a28f2279.jpeg @ https://cdn2.tenchat.ru/_nuxt/fVY6jQV9.js:57
[  196367ms] [WARNING] Destination image width or height more than source
src: https://cdn1.tenchat.ru/static/vbc-gostinder/user-picture/458f263b-6ecb-4c4a-93e4-f4b0a28f2279.jpeg @ https://cdn2.tenchat.ru/_nuxt/fVY6jQV9.js:57
[  196367ms] [WARNING] Destination image width or height more than source
src: https://cdn1.tenchat.ru/static/vbc-gostinder/user-picture/458f263b-6ecb-4c4a-93e4-f4b0a28f2279.jpeg @ https://cdn2.tenchat.ru/_nuxt/fVY6jQV9.js:57
[  196367ms] [WARNING] Destination image width or height more than source
src: https://cdn1.tenchat.ru/static/vbc-gostinder/user-picture/458f263b-6ecb-4c4a-93e4-f4b0a28f2279.jpeg @ https://cdn2.tenchat.ru/_nuxt/fVY6jQV9.js:57
[  196367ms] [WARNING] Destination image width or height more than source
src: https://cdn1.tenchat.ru/static/vbc-gostinder/user-picture/458f263b-6ecb-4c4a-93e4-f4b0a28f2279.jpeg @ https://cdn2.tenchat.ru/_nuxt/fVY6jQV9.js:57
[  196367ms] [WARNING] Destination image width or height more than source
src: https://cdn1.tenchat.ru/static/vbc-gostinder/user-picture/458f263b-6ecb-4c4a-93e4-f4b0a28f2279.jpeg @ https://cdn2.tenchat.ru/_nuxt/fVY6jQV9.js:57
[  196367ms] [WARNING] Destination image width or height more than source
src: https://cdn1.tenchat.ru/static/vbc-gostinder/user-picture/458f263b-6ecb-4c4a-93e4-f4b0a28f2279.jpeg @ https://cdn2.tenchat.ru/_nuxt/fVY6jQV9.js:57
[  196368ms] [WARNING] Destination image width or height more than source
src: https://cdn1.tenchat.ru/static/vbc-gostinder/user-picture/458f263b-6ecb-4c4a-93e4-f4b0a28f2279.jpeg @ https://cdn2.tenchat.ru/_nuxt/fVY6jQV9.js:57
[  196368ms] [WARNING] Destination image width or height more than source
src: https://cdn1.tenchat.ru/static/vbc-gostinder/user-picture/458f263b-6ecb-4c4a-93e4-f4b0a28f2279.jpeg @ https://cdn2.tenchat.ru/_nuxt/fVY6jQV9.js:57
[  196368ms] [WARNING] Destination image width or height more than source
src: https://cdn1.tenchat.ru/static/vbc-gostinder/user-picture/458f263b-6ecb-4c4a-93e4-f4b0a28f2279.jpeg @ https://cdn2.tenchat.ru/_nuxt/fVY6jQV9.js:57
[  196368ms] [WARNING] Destination image width or height more than source
src: https://cdn1.tenchat.ru/static/vbc-gostinder/user-picture/458f263b-6ecb-4c4a-93e4-f4b0a28f2279.jpeg @ https://cdn2.tenchat.ru/_nuxt/fVY6jQV9.js:57
[  196368ms] [WARNING] Destination image width or height more than source
src: https://cdn1.tenchat.ru/static/vbc-gostinder/user-picture/458f263b-6ecb-4c4a-93e4-f4b0a28f2279.jpeg @ https://cdn2.tenchat.ru/_nuxt/fVY6jQV9.js:57
[  196368ms] [WARNING] Destination image width or height more than source
src: https://cdn1.tenchat.ru/static/vbc-gostinder/user-picture/458f263b-6ecb-4c4a-93e4-f4b0a28f2279.jpeg @ https://cdn2.tenchat.ru/_nuxt/fVY6jQV9.js:57
[  196368ms] [WARNING] Destination image width or height more than source
src: https://cdn1.tenchat.ru/static/vbc-gostinder/user-picture/458f263b-6ecb-4c4a-93e4-f4b0a28f2279.jpeg @ https://cdn2.tenchat.ru/_nuxt/fVY6jQV9.js:57
[  196368ms] [WARNING] Destination image width or height more than source
src: https://cdn1.tenchat.ru/static/vbc-gostinder/user-picture/458f263b-6ecb-4c4a-93e4-f4b0a28f2279.jpeg @ https://cdn2.tenchat.ru/_nuxt/fVY6jQV9.js:57
[  196368ms] [WARNING] Destination image width or height more than source
src: https://cdn1.tenchat.ru/static/vbc-gostinder/user-picture/458f263b-6ecb-4c4a-93e4-f4b0a28f2279.jpeg @ https://cdn2.tenchat.ru/_nuxt/fVY6jQV9.js:57
[  196369ms] [WARNING] Destination image width or height more than source
src: https://cdn1.tenchat.ru/static/vbc-gostinder/user-picture/458f263b-6ecb-4c4a-93e4-f4b0a28f2279.jpeg @ https://cdn2.tenchat.ru/_nuxt/fVY6jQV9.js:57
[  196369ms] [WARNING] Destination image width or height more than source
src: https://cdn1.tenchat.ru/static/vbc-gostinder/user-picture/458f263b-6ecb-4c4a-93e4-f4b0a28f2279.jpeg @ https://cdn2.tenchat.ru/_nuxt/fVY6jQV9.js:57
[  196369ms] [WARNING] Destination image width or height more than source
src: https://cdn1.tenchat.ru/static/vbc-gostinder/user-picture/458f263b-6ecb-4c4a-93e4-f4b0a28f2279.jpeg @ https://cdn2.tenchat.ru/_nuxt/fVY6jQV9.js:57
[  196369ms] [WARNING] Destination image width or height more than source
src: https://cdn1.tenchat.ru/static/vbc-gostinder/user-picture/458f263b-6ecb-4c4a-93e4-f4b0a28f2279.jpeg @ https://cdn2.tenchat.ru/_nuxt/fVY6jQV9.js:57
[  196369ms] [WARNING] Destination image width or height more than source
src: https://cdn1.tenchat.ru/static/vbc-gostinder/user-picture/458f263b-6ecb-4c4a-93e4-f4b0a28f2279.jpeg @ https://cdn2.tenchat.ru/_nuxt/fVY6jQV9.js:57
[  196369ms] [WARNING] Destination image width or height more than source
src: https://cdn1.tenchat.ru/static/vbc-gostinder/user-picture/458f263b-6ecb-4c4a-93e4-f4b0a28f2279.jpeg @ https://cdn2.tenchat.ru/_nuxt/fVY6jQV9.js:57
[  196369ms] [WARNING] Destination image width or height more than source
src: https://cdn1.tenchat.ru/static/vbc-gostinder/user-picture/458f263b-6ecb-4c4a-93e4-f4b0a28f2279.jpeg @ https://cdn2.tenchat.ru/_nuxt/fVY6jQV9.js:57
[  196369ms] [WARNING] Destination image width or height more than source
src: https://cdn1.tenchat.ru/static/vbc-gostinder/user-picture/458f263b-6ecb-4c4a-93e4-f4b0a28f2279.jpeg @ https://cdn2.tenchat.ru/_nuxt/fVY6jQV9.js:57
[  196369ms] [WARNING] Destination image width or height more than source
src: https://cdn1.tenchat.ru/static/vbc-gostinder/user-picture/458f263b-6ecb-4c4a-93e4-f4b0a28f2279.jpeg @ https://cdn2.tenchat.ru/_nuxt/fVY6jQV9.js:57
[  196369ms] [WARNING] Destination image width or height more than source
src: https://cdn1.tenchat.ru/static/vbc-gostinder/user-picture/458f263b-6ecb-4c4a-93e4-f4b0a28f2279.jpeg @ https://cdn2.tenchat.ru/_nuxt/fVY6jQV9.js:57
[  196370ms] [WARNING] Destination image width or height more than source
src: https://cdn1.tenchat.ru/static/vbc-gostinder/user-picture/458f263b-6ecb-4c4a-93e4-f4b0a28f2279.jpeg @ https://cdn2.tenchat.ru/_nuxt/fVY6jQV9.js:57
[  196370ms] [WARNING] Destination image width or height more than source
src: https://cdn1.tenchat.ru/static/vbc-gostinder/user-picture/458f263b-6ecb-4c4a-93e4-f4b0a28f2279.jpeg @ https://cdn2.tenchat.ru/_nuxt/fVY6jQV9.js:57
[  196370ms] [WARNING] Destination image width or height more than source
src: https://cdn1.tenchat.ru/static/vbc-gostinder/user-picture/458f263b-6ecb-4c4a-93e4-f4b0a28f2279.jpeg @ https://cdn2.tenchat.ru/_nuxt/fVY6jQV9.js:57
[  196370ms] [WARNING] Destination image width or height more than source
src: https://cdn1.tenchat.ru/static/vbc-gostinder/user-picture/458f263b-6ecb-4c4a-93e4-f4b0a28f2279.jpeg @ https://cdn2.tenchat.ru/_nuxt/fVY6jQV9.js:57
[  196370ms] [WARNING] Destination image width or height more than source
src: https://cdn1.tenchat.ru/static/vbc-gostinder/user-picture/458f263b-6ecb-4c4a-93e4-f4b0a28f2279.jpeg @ https://cdn2.tenchat.ru/_nuxt/fVY6jQV9.js:57
[  196370ms] [WARNING] Destination image width or height more than source
src: https://cdn1.tenchat.ru/static/vbc-gostinder/user-picture/458f263b-6ecb-4c4a-93e4-f4b0a28f2279.jpeg @ https://cdn2.tenchat.ru/_nuxt/fVY6jQV9.js:57
[  196370ms] [WARNING] Destination image width or height more than source
src: https://cdn1.tenchat.ru/static/vbc-gostinder/user-picture/458f263b-6ecb-4c4a-93e4-f4b0a28f2279.jpeg @ https://cdn2.tenchat.ru/_nuxt/fVY6jQV9.js:57
[  196370ms] [WARNING] Destination image width or height more than source
src: https://cdn1.tenchat.ru/static/vbc-gostinder/user-picture/458f263b-6ecb-4c4a-93e4-f4b0a28f2279.jpeg @ https://cdn2.tenchat.ru/_nuxt/fVY6jQV9.js:57
[  196370ms] [WARNING] Destination image width or height more than source
src: https://cdn1.tenchat.ru/static/vbc-gostinder/user-picture/458f263b-6ecb-4c4a-93e4-f4b0a28f2279.jpeg @ https://cdn2.tenchat.ru/_nuxt/fVY6jQV9.js:57
[  196371ms] [WARNING] Destination image width or height more than source
src: https://cdn1.tenchat.ru/static/vbc-gostinder/user-picture/458f263b-6ecb-4c4a-93e4-f4b0a28f2279.jpeg @ https://cdn2.tenchat.ru/_nuxt/fVY6jQV9.js:57
[  196371ms] [WARNING] Destination image width or height more than source
src: https://cdn1.tenchat.ru/static/vbc-gostinder/user-picture/458f263b-6ecb-4c4a-93e4-f4b0a28f2279.jpeg @ https://cdn2.tenchat.ru/_nuxt/fVY6jQV9.js:57
[  196371ms] [WARNING] Destination image width or height more than source
src: https://cdn1.tenchat.ru/static/vbc-gostinder/user-picture/458f263b-6ecb-4c4a-93e4-f4b0a28f2279.jpeg @ https://cdn2.tenchat.ru/_nuxt/fVY6jQV9.js:57
[  196371ms] [WARNING] Destination image width or height more than source
src: https://cdn1.tenchat.ru/static/vbc-gostinder/user-picture/458f263b-6ecb-4c4a-93e4-f4b0a28f2279.jpeg @ https://cdn2.tenchat.ru/_nuxt/fVY6jQV9.js:57
[  196375ms] [WARNING] Destination image width or height more than source
src: https://cdn1.tenchat.ru/static/vbc-gostinder/user-picture/2ad269f7-363a-489f-b5cf-158dd0b8a0c6.jpg @ https://cdn2.tenchat.ru/_nuxt/fVY6jQV9.js:57
[  196375ms] [WARNING] Destination image width or height more than source
src: https://cdn1.tenchat.ru/static/vbc-gostinder/user-picture/2ad269f7-363a-489f-b5cf-158dd0b8a0c6.jpg @ https://cdn2.tenchat.ru/_nuxt/fVY6jQV9.js:57
[  196375ms] [WARNING] Destination image width or height more than source
src: https://cdn1.tenchat.ru/static/vbc-gostinder/user-picture/2ad269f7-363a-489f-b5cf-158dd0b8a0c6.jpg @ https://cdn2.tenchat.ru/_nuxt/fVY6jQV9.js:57
[  196375ms] [WARNING] Destination image width or height more than source
src: https://cdn1.tenchat.ru/static/vbc-gostinder/user-picture/2ad269f7-363a-489f-b5cf-158dd0b8a0c6.jpg @ https://cdn2.tenchat.ru/_nuxt/fVY6jQV9.js:57
[  196375ms] [WARNING] Destination image width or height more than source
src: https://cdn1.tenchat.ru/static/vbc-gostinder/user-picture/2ad269f7-363a-489f-b5cf-158dd0b8a0c6.jpg @ https://cdn2.tenchat.ru/_nuxt/fVY6jQV9.js:57
[  196375ms] [WARNING] Destination image width or height more than source
src: https://cdn1.tenchat.ru/static/vbc-gostinder/user-picture/2ad269f7-363a-489f-b5cf-158dd0b8a0c6.jpg @ https://cdn2.tenchat.ru/_nuxt/fVY6jQV9.js:57
[  196375ms] [WARNING] Destination image width or height more than source
src: https://cdn1.tenchat.ru/static/vbc-gostinder/user-picture/2ad269f7-363a-489f-b5cf-158dd0b8a0c6.jpg @ https://cdn2.tenchat.ru/_nuxt/fVY6jQV9.js:57
[  196375ms] [WARNING] Destination image width or height more than source
src: https://cdn1.tenchat.ru/static/vbc-gostinder/user-picture/2ad269f7-363a-489f-b5cf-158dd0b8a0c6.jpg @ https://cdn2.tenchat.ru/_nuxt/fVY6jQV9.js:57
[  196375ms] [WARNING] Destination image width or height more than source
src: https://cdn1.tenchat.ru/static/vbc-gostinder/user-picture/2ad269f7-363a-489f-b5cf-158dd0b8a0c6.jpg @ https://cdn2.tenchat.ru/_nuxt/fVY6jQV9.js:57
[  196376ms] [WARNING] Destination image width or height more than source
src: https://cdn1.tenchat.ru/static/vbc-gostinder/user-picture/2ad269f7-363a-489f-b5cf-158dd0b8a0c6.jpg @ https://cdn2.tenchat.ru/_nuxt/fVY6jQV9.js:57
[  196376ms] [WARNING] Destination image width or height more than source
src: https://cdn1.tenchat.ru/static/vbc-gostinder/user-picture/2ad269f7-363a-489f-b5cf-158dd0b8a0c6.jpg @ https://cdn2.tenchat.ru/_nuxt/fVY6jQV9.js:57
[  196376ms] [WARNING] Destination image width or height more than source
src: https://cdn1.tenchat.ru/static/vbc-gostinder/user-picture/2ad269f7-363a-489f-b5cf-158dd0b8a0c6.jpg @ https://cdn2.tenchat.ru/_nuxt/fVY6jQV9.js:57
[  196376ms] [WARNING] Destination image width or height more than source
src: https://cdn1.tenchat.ru/static/vbc-gostinder/user-picture/2ad269f7-363a-489f-b5cf-158dd0b8a0c6.jpg @ https://cdn2.tenchat.ru/_nuxt/fVY6jQV9.js:57
[  196376ms] [WARNING] Destination image width or height more than source
src: https://cdn1.tenchat.ru/static/vbc-gostinder/user-picture/2ad269f7-363a-489f-b5cf-158dd0b8a0c6.jpg @ https://cdn2.tenchat.ru/_nuxt/fVY6jQV9.js:57
[  196376ms] [WARNING] Destination image width or height more than source
src: https://cdn1.tenchat.ru/static/vbc-gostinder/user-picture/2ad269f7-363a-489f-b5cf-158dd0b8a0c6.jpg @ https://cdn2.tenchat.ru/_nuxt/fVY6jQV9.js:57
[  196376ms] [WARNING] Destination image width or height more than source
src: https://cdn1.tenchat.ru/static/vbc-gostinder/user-picture/2ad269f7-363a-489f-b5cf-158dd0b8a0c6.jpg @ https://cdn2.tenchat.ru/_nuxt/fVY6jQV9.js:57
[  196376ms] [WARNING] Destination image width or height more than source
src: https://cdn1.tenchat.ru/static/vbc-gostinder/user-picture/2ad269f7-363a-489f-b5cf-158dd0b8a0c6.jpg @ https://cdn2.tenchat.ru/_nuxt/fVY6jQV9.js:57
[  196376ms] [WARNING] Destination image width or height more than source
src: https://cdn1.tenchat.ru/static/vbc-gostinder/user-picture/2ad269f7-363a-489f-b5cf-158dd0b8a0c6.jpg @ https://cdn2.tenchat.ru/_nuxt/fVY6jQV9.js:57
[  196376ms] [WARNING] Destination image width or height more than source
src: https://cdn1.tenchat.ru/static/vbc-gostinder/user-picture/2ad269f7-363a-489f-b5cf-158dd0b8a0c6.jpg @ https://cdn2.tenchat.ru/_nuxt/fVY6jQV9.js:57
[  196377ms] [WARNING] Destination image width or height more than source
src: https://cdn1.tenchat.ru/static/vbc-gostinder/user-picture/2ad269f7-363a-489f-b5cf-158dd0b8a0c6.jpg @ https://cdn2.tenchat.ru/_nuxt/fVY6jQV9.js:57
[  196377ms] [WARNING] Destination image width or height more than source
src: https://cdn1.tenchat.ru/static/vbc-gostinder/user-picture/2ad269f7-363a-489f-b5cf-158dd0b8a0c6.jpg @ https://cdn2.tenchat.ru/_nuxt/fVY6jQV9.js:57
[  196377ms] [WARNING] Destination image width or height more than source
src: https://cdn1.tenchat.ru/static/vbc-gostinder/user-picture/2ad269f7-363a-489f-b5cf-158dd0b8a0c6.jpg @ https://cdn2.tenchat.ru/_nuxt/fVY6jQV9.js:57
[  196377ms] [WARNING] Destination image width or height more than source
src: https://cdn1.tenchat.ru/static/vbc-gostinder/user-picture/2ad269f7-363a-489f-b5cf-158dd0b8a0c6.jpg @ https://cdn2.tenchat.ru/_nuxt/fVY6jQV9.js:57
[  196377ms] [WARNING] Destination image width or height more than source
src: https://cdn1.tenchat.ru/static/vbc-gostinder/user-picture/2ad269f7-363a-489f-b5cf-158dd0b8a0c6.jpg @ https://cdn2.tenchat.ru/_nuxt/fVY6jQV9.js:57
[  196377ms] [WARNING] Destination image width or height more than source
src: https://cdn1.tenchat.ru/static/vbc-gostinder/user-picture/2ad269f7-363a-489f-b5cf-158dd0b8a0c6.jpg @ https://cdn2.tenchat.ru/_nuxt/fVY6jQV9.js:57
[  196377ms] [WARNING] Destination image width or height more than source
src: https://cdn1.tenchat.ru/static/vbc-gostinder/user-picture/2ad269f7-363a-489f-b5cf-158dd0b8a0c6.jpg @ https://cdn2.tenchat.ru/_nuxt/fVY6jQV9.js:57
[  196377ms] [WARNING] Destination image width or height more than source
src: https://cdn1.tenchat.ru/static/vbc-gostinder/user-picture/2ad269f7-363a-489f-b5cf-158dd0b8a0c6.jpg @ https://cdn2.tenchat.ru/_nuxt/fVY6jQV9.js:57
[  196377ms] [WARNING] Destination image width or height more than source
src: https://cdn1.tenchat.ru/static/vbc-gostinder/user-picture/2ad269f7-363a-489f-b5cf-158dd0b8a0c6.jpg @ https://cdn2.tenchat.ru/_nuxt/fVY6jQV9.js:57
[  196377ms] [WARNING] Destination image width or height more than source
src: https://cdn1.tenchat.ru/static/vbc-gostinder/user-picture/2ad269f7-363a-489f-b5cf-158dd0b8a0c6.jpg @ https://cdn2.tenchat.ru/_nuxt/fVY6jQV9.js:57
[  196378ms] [WARNING] Destination image width or height more than source
src: https://cdn1.tenchat.ru/static/vbc-gostinder/user-picture/2ad269f7-363a-489f-b5cf-158dd0b8a0c6.jpg @ https://cdn2.tenchat.ru/_nuxt/fVY6jQV9.js:57
[  196378ms] [WARNING] Destination image width or height more than source
src: https://cdn1.tenchat.ru/static/vbc-gostinder/user-picture/2ad269f7-363a-489f-b5cf-158dd0b8a0c6.jpg @ https://cdn2.tenchat.ru/_nuxt/fVY6jQV9.js:57
[  196378ms] [WARNING] Destination image width or height more than source
src: https://cdn1.tenchat.ru/static/vbc-gostinder/user-picture/2ad269f7-363a-489f-b5cf-158dd0b8a0c6.jpg @ https://cdn2.tenchat.ru/_nuxt/fVY6jQV9.js:57
[  196378ms] [WARNING] Destination image width or height more than source
src: https://cdn1.tenchat.ru/static/vbc-gostinder/user-picture/2ad269f7-363a-489f-b5cf-158dd0b8a0c6.jpg @ https://cdn2.tenchat.ru/_nuxt/fVY6jQV9.js:57
[  196378ms] [WARNING] Destination image width or height more than source
src: https://cdn1.tenchat.ru/static/vbc-gostinder/user-picture/2ad269f7-363a-489f-b5cf-158dd0b8a0c6.jpg @ https://cdn2.tenchat.ru/_nuxt/fVY6jQV9.js:57
[  196378ms] [WARNING] Destination image width or height more than source
src: https://cdn1.tenchat.ru/static/vbc-gostinder/user-picture/2ad269f7-363a-489f-b5cf-158dd0b8a0c6.jpg @ https://cdn2.tenchat.ru/_nuxt/fVY6jQV9.js:57
[  196378ms] [WARNING] Destination image width or height more than source
src: https://cdn1.tenchat.ru/static/vbc-gostinder/user-picture/2ad269f7-363a-489f-b5cf-158dd0b8a0c6.jpg @ https://cdn2.tenchat.ru/_nuxt/fVY6jQV9.js:57
[  196378ms] [WARNING] Destination image width or height more than source
src: https://cdn1.tenchat.ru/static/vbc-gostinder/user-picture/2ad269f7-363a-489f-b5cf-158dd0b8a0c6.jpg @ https://cdn2.tenchat.ru/_nuxt/fVY6jQV9.js:57
[  196378ms] [WARNING] Destination image width or height more than source
src: https://cdn1.tenchat.ru/static/vbc-gostinder/user-picture/2ad269f7-363a-489f-b5cf-158dd0b8a0c6.jpg @ https://cdn2.tenchat.ru/_nuxt/fVY6jQV9.js:57
[  196378ms] [WARNING] Destination image width or height more than source
src: https://cdn1.tenchat.ru/static/vbc-gostinder/user-picture/2ad269f7-363a-489f-b5cf-158dd0b8a0c6.jpg @ https://cdn2.tenchat.ru/_nuxt/fVY6jQV9.js:57
[  196379ms] [WARNING] Destination image width or height more than source
src: https://cdn1.tenchat.ru/static/vbc-gostinder/user-picture/2ad269f7-363a-489f-b5cf-158dd0b8a0c6.jpg @ https://cdn2.tenchat.ru/_nuxt/fVY6jQV9.js:57
[  196379ms] [WARNING] Destination image width or height more than source
src: https://cdn1.tenchat.ru/static/vbc-gostinder/user-picture/2ad269f7-363a-489f-b5cf-158dd0b8a0c6.jpg @ https://cdn2.tenchat.ru/_nuxt/fVY6jQV9.js:57
[  196379ms] [WARNING] Destination image width or height more than source
src: https://cdn1.tenchat.ru/static/vbc-gostinder/user-picture/2ad269f7-363a-489f-b5cf-158dd0b8a0c6.jpg @ https://cdn2.tenchat.ru/_nuxt/fVY6jQV9.js:57
[  196379ms] [WARNING] Destination image width or height more than source
src: https://cdn1.tenchat.ru/static/vbc-gostinder/user-picture/2ad269f7-363a-489f-b5cf-158dd0b8a0c6.jpg @ https://cdn2.tenchat.ru/_nuxt/fVY6jQV9.js:57
[  196379ms] [WARNING] Destination image width or height more than source
src: https://cdn1.tenchat.ru/static/vbc-gostinder/user-picture/2ad269f7-363a-489f-b5cf-158dd0b8a0c6.jpg @ https://cdn2.tenchat.ru/_nuxt/fVY6jQV9.js:57
[  196379ms] [WARNING] Destination image width or height more than source
src: https://cdn1.tenchat.ru/static/vbc-gostinder/user-picture/2ad269f7-363a-489f-b5cf-158dd0b8a0c6.jpg @ https://cdn2.tenchat.ru/_nuxt/fVY6jQV9.js:57
[  196379ms] [WARNING] Destination image width or height more than source
src: https://cdn1.tenchat.ru/static/vbc-gostinder/user-picture/2ad269f7-363a-489f-b5cf-158dd0b8a0c6.jpg @ https://cdn2.tenchat.ru/_nuxt/fVY6jQV9.js:57
[  196379ms] [WARNING] Destination image width or height more than source
src: https://cdn1.tenchat.ru/static/vbc-gostinder/user-picture/2ad269f7-363a-489f-b5cf-158dd0b8a0c6.jpg @ https://cdn2.tenchat.ru/_nuxt/fVY6jQV9.js:57
[  196379ms] [WARNING] Destination image width or height more than source
src: https://cdn1.tenchat.ru/static/vbc-gostinder/user-picture/2ad269f7-363a-489f-b5cf-158dd0b8a0c6.jpg @ https://cdn2.tenchat.ru/_nuxt/fVY6jQV9.js:57
[  196380ms] [WARNING] Destination image width or height more than source
src: https://cdn1.tenchat.ru/static/vbc-gostinder/user-picture/2ad269f7-363a-489f-b5cf-158dd0b8a0c6.jpg @ https://cdn2.tenchat.ru/_nuxt/fVY6jQV9.js:57
[  196380ms] [WARNING] Destination image width or height more than source
src: https://cdn1.tenchat.ru/static/vbc-gostinder/user-picture/2ad269f7-363a-489f-b5cf-158dd0b8a0c6.jpg @ https://cdn2.tenchat.ru/_nuxt/fVY6jQV9.js:57
[  196380ms] [WARNING] Destination image width or height more than source
src: https://cdn1.tenchat.ru/static/vbc-gostinder/user-picture/2ad269f7-363a-489f-b5cf-158dd0b8a0c6.jpg @ https://cdn2.tenchat.ru/_nuxt/fVY6jQV9.js:57
[  196380ms] [WARNING] Destination image width or height more than source
src: https://cdn1.tenchat.ru/static/vbc-gostinder/user-picture/2ad269f7-363a-489f-b5cf-158dd0b8a0c6.jpg @ https://cdn2.tenchat.ru/_nuxt/fVY6jQV9.js:57
[  196380ms] [WARNING] Destination image width or height more than source
src: https://cdn1.tenchat.ru/static/vbc-gostinder/user-picture/2ad269f7-363a-489f-b5cf-158dd0b8a0c6.jpg @ https://cdn2.tenchat.ru/_nuxt/fVY6jQV9.js:57
[  196384ms] [WARNING] Destination image width or height more than source
src: https://cdn1.tenchat.ru/static/vbc-gostinder/user-picture/30ae3f93-1798-419a-b693-70f654c69ef0.jpeg @ https://cdn2.tenchat.ru/_nuxt/fVY6jQV9.js:57
[  196384ms] [WARNING] Destination image width or height more than source
src: https://cdn1.tenchat.ru/static/vbc-gostinder/user-picture/30ae3f93-1798-419a-b693-70f654c69ef0.jpeg @ https://cdn2.tenchat.ru/_nuxt/fVY6jQV9.js:57
[  196384ms] [WARNING] Destination image width or height more than source
src: https://cdn1.tenchat.ru/static/vbc-gostinder/user-picture/30ae3f93-1798-419a-b693-70f654c69ef0.jpeg @ https://cdn2.tenchat.ru/_nuxt/fVY6jQV9.js:57
[  196384ms] [WARNING] Destination image width or height more than source
src: https://cdn1.tenchat.ru/static/vbc-gostinder/user-picture/30ae3f93-1798-419a-b693-70f654c69ef0.jpeg @ https://cdn2.tenchat.ru/_nuxt/fVY6jQV9.js:57
[  196384ms] [WARNING] Destination image width or height more than source
src: https://cdn1.tenchat.ru/static/vbc-gostinder/user-picture/30ae3f93-1798-419a-b693-70f654c69ef0.jpeg @ https://cdn2.tenchat.ru/_nuxt/fVY6jQV9.js:57
[  196384ms] [WARNING] Destination image width or height more than source
src: https://cdn1.tenchat.ru/static/vbc-gostinder/user-picture/30ae3f93-1798-419a-b693-70f654c69ef0.jpeg @ https://cdn2.tenchat.ru/_nuxt/fVY6jQV9.js:57
[  196384ms] [WARNING] Destination image width or height more than source
src: https://cdn1.tenchat.ru/static/vbc-gostinder/user-picture/30ae3f93-1798-419a-b693-70f654c69ef0.jpeg @ https://cdn2.tenchat.ru/_nuxt/fVY6jQV9.js:57
[  196384ms] [WARNING] Destination image width or height more than source
src: https://cdn1.tenchat.ru/static/vbc-gostinder/user-picture/30ae3f93-1798-419a-b693-70f654c69ef0.jpeg @ https://cdn2.tenchat.ru/_nuxt/fVY6jQV9.js:57
[  196384ms] [WARNING] Destination image width or height more than source
src: https://cdn1.tenchat.ru/static/vbc-gostinder/user-picture/30ae3f93-1798-419a-b693-70f654c69ef0.jpeg @ https://cdn2.tenchat.ru/_nuxt/fVY6jQV9.js:57
[  196385ms] [WARNING] Destination image width or height more than source
src: https://cdn1.tenchat.ru/static/vbc-gostinder/user-picture/30ae3f93-1798-419a-b693-70f654c69ef0.jpeg @ https://cdn2.tenchat.ru/_nuxt/fVY6jQV9.js:57
[  196385ms] [WARNING] Destination image width or height more than source
src: https://cdn1.tenchat.ru/static/vbc-gostinder/user-picture/30ae3f93-1798-419a-b693-70f654c69ef0.jpeg @ https://cdn2.tenchat.ru/_nuxt/fVY6jQV9.js:57
[  196385ms] [WARNING] Destination image width or height more than source
src: https://cdn1.tenchat.ru/static/vbc-gostinder/user-picture/30ae3f93-1798-419a-b693-70f654c69ef0.jpeg @ https://cdn2.tenchat.ru/_nuxt/fVY6jQV9.js:57
[  196385ms] [WARNING] Destination image width or height more than source
src: https://cdn1.tenchat.ru/static/vbc-gostinder/user-picture/30ae3f93-1798-419a-b693-70f654c69ef0.jpeg @ https://cdn2.tenchat.ru/_nuxt/fVY6jQV9.js:57
[  196385ms] [WARNING] Destination image width or height more than source
src: https://cdn1.tenchat.ru/static/vbc-gostinder/user-picture/30ae3f93-1798-419a-b693-70f654c69ef0.jpeg @ https://cdn2.tenchat.ru/_nuxt/fVY6jQV9.js:57
[  196385ms] [WARNING] Destination image width or height more than source
src: https://cdn1.tenchat.ru/static/vbc-gostinder/user-picture/30ae3f93-1798-419a-b693-70f654c69ef0.jpeg @ https://cdn2.tenchat.ru/_nuxt/fVY6jQV9.js:57
[  196385ms] [WARNING] Destination image width or height more than source
src: https://cdn1.tenchat.ru/static/vbc-gostinder/user-picture/30ae3f93-1798-419a-b693-70f654c69ef0.jpeg @ https://cdn2.tenchat.ru/_nuxt/fVY6jQV9.js:57
[  196385ms] [WARNING] Destination image width or height more than source
src: https://cdn1.tenchat.ru/static/vbc-gostinder/user-picture/30ae3f93-1798-419a-b693-70f654c69ef0.jpeg @ https://cdn2.tenchat.ru/_nuxt/fVY6jQV9.js:57
[  196385ms] [WARNING] Destination image width or height more than source
src: https://cdn1.tenchat.ru/static/vbc-gostinder/user-picture/30ae3f93-1798-419a-b693-70f654c69ef0.jpeg @ https://cdn2.tenchat.ru/_nuxt/fVY6jQV9.js:57
[  196386ms] [WARNING] Destination image width or height more than source
src: https://cdn1.tenchat.ru/static/vbc-gostinder/user-picture/30ae3f93-1798-419a-b693-70f654c69ef0.jpeg @ https://cdn2.tenchat.ru/_nuxt/fVY6jQV9.js:57
[  196386ms] [WARNING] Destination image width or height more than source
src: https://cdn1.tenchat.ru/static/vbc-gostinder/user-picture/30ae3f93-1798-419a-b693-70f654c69ef0.jpeg @ https://cdn2.tenchat.ru/_nuxt/fVY6jQV9.js:57
[  196386ms] [WARNING] Destination image width or height more than source
src: https://cdn1.tenchat.ru/static/vbc-gostinder/user-picture/30ae3f93-1798-419a-b693-70f654c69ef0.jpeg @ https://cdn2.tenchat.ru/_nuxt/fVY6jQV9.js:57
[  196386ms] [WARNING] Destination image width or height more than source
src: https://cdn1.tenchat.ru/static/vbc-gostinder/user-picture/30ae3f93-1798-419a-b693-70f654c69ef0.jpeg @ https://cdn2.tenchat.ru/_nuxt/fVY6jQV9.js:57
[  196386ms] [WARNING] Destination image width or height more than source
src: https://cdn1.tenchat.ru/static/vbc-gostinder/user-picture/30ae3f93-1798-419a-b693-70f654c69ef0.jpeg @ https://cdn2.tenchat.ru/_nuxt/fVY6jQV9.js:57
[  196386ms] [WARNING] Destination image width or height more than source
src: https://cdn1.tenchat.ru/static/vbc-gostinder/user-picture/30ae3f93-1798-419a-b693-70f654c69ef0.jpeg @ https://cdn2.tenchat.ru/_nuxt/fVY6jQV9.js:57
[  196386ms] [WARNING] Destination image width or height more than source
src: https://cdn1.tenchat.ru/static/vbc-gostinder/user-picture/30ae3f93-1798-419a-b693-70f654c69ef0.jpeg @ https://cdn2.tenchat.ru/_nuxt/fVY6jQV9.js:57
[  196386ms] [WARNING] Destination image width or height more than source
src: https://cdn1.tenchat.ru/static/vbc-gostinder/user-picture/30ae3f93-1798-419a-b693-70f654c69ef0.jpeg @ https://cdn2.tenchat.ru/_nuxt/fVY6jQV9.js:57
[  197903ms] [WARNING] Destination image width or height more than source
src: https://cdn1.tenchat.ru/static/vbc-gostinder/user-picture/458f263b-6ecb-4c4a-93e4-f4b0a28f2279.jpeg @ https://cdn2.tenchat.ru/_nuxt/fVY6jQV9.js:57
[  197903ms] [WARNING] Destination image width or height more than source
src: https://cdn1.tenchat.ru/static/vbc-gostinder/user-picture/458f263b-6ecb-4c4a-93e4-f4b0a28f2279.jpeg @ https://cdn2.tenchat.ru/_nuxt/fVY6jQV9.js:57
[  197904ms] [WARNING] Destination image width or height more than source
src: https://cdn1.tenchat.ru/static/vbc-gostinder/user-picture/458f263b-6ecb-4c4a-93e4-f4b0a28f2279.jpeg @ https://cdn2.tenchat.ru/_nuxt/fVY6jQV9.js:57
[  197904ms] [WARNING] Destination image width or height more than source
src: https://cdn1.tenchat.ru/static/vbc-gostinder/user-picture/458f263b-6ecb-4c4a-93e4-f4b0a28f2279.jpeg @ https://cdn2.tenchat.ru/_nuxt/fVY6jQV9.js:57
[  197905ms] [WARNING] Destination image width or height more than source
src: https://cdn1.tenchat.ru/static/vbc-gostinder/user-picture/458f263b-6ecb-4c4a-93e4-f4b0a28f2279.jpeg @ https://cdn2.tenchat.ru/_nuxt/fVY6jQV9.js:57
[  197905ms] [WARNING] Destination image width or height more than source
src: https://cdn1.tenchat.ru/static/vbc-gostinder/user-picture/458f263b-6ecb-4c4a-93e4-f4b0a28f2279.jpeg @ https://cdn2.tenchat.ru/_nuxt/fVY6jQV9.js:57
[  197906ms] [WARNING] Destination image width or height more than source
src: https://cdn1.tenchat.ru/static/vbc-gostinder/user-picture/458f263b-6ecb-4c4a-93e4-f4b0a28f2279.jpeg @ https://cdn2.tenchat.ru/_nuxt/fVY6jQV9.js:57
[  197906ms] [WARNING] Destination image width or height more than source
src: https://cdn1.tenchat.ru/static/vbc-gostinder/user-picture/458f263b-6ecb-4c4a-93e4-f4b0a28f2279.jpeg @ https://cdn2.tenchat.ru/_nuxt/fVY6jQV9.js:57
[  197907ms] [WARNING] Destination image width or height more than source
src: https://cdn1.tenchat.ru/static/vbc-gostinder/user-picture/458f263b-6ecb-4c4a-93e4-f4b0a28f2279.jpeg @ https://cdn2.tenchat.ru/_nuxt/fVY6jQV9.js:57
[  197907ms] [WARNING] Destination image width or height more than source
src: https://cdn1.tenchat.ru/static/vbc-gostinder/user-picture/458f263b-6ecb-4c4a-93e4-f4b0a28f2279.jpeg @ https://cdn2.tenchat.ru/_nuxt/fVY6jQV9.js:57
[  197908ms] [WARNING] Destination image width or height more than source
src: https://cdn1.tenchat.ru/static/vbc-gostinder/user-picture/458f263b-6ecb-4c4a-93e4-f4b0a28f2279.jpeg @ https://cdn2.tenchat.ru/_nuxt/fVY6jQV9.js:57
[  197908ms] [WARNING] Destination image width or height more than source
src: https://cdn1.tenchat.ru/static/vbc-gostinder/user-picture/458f263b-6ecb-4c4a-93e4-f4b0a28f2279.jpeg @ https://cdn2.tenchat.ru/_nuxt/fVY6jQV9.js:57
[  197909ms] [WARNING] Destination image width or height more than source
src: https://cdn1.tenchat.ru/static/vbc-gostinder/user-picture/458f263b-6ecb-4c4a-93e4-f4b0a28f2279.jpeg @ https://cdn2.tenchat.ru/_nuxt/fVY6jQV9.js:57
[  197909ms] [WARNING] Destination image width or height more than source
src: https://cdn1.tenchat.ru/static/vbc-gostinder/user-picture/458f263b-6ecb-4c4a-93e4-f4b0a28f2279.jpeg @ https://cdn2.tenchat.ru/_nuxt/fVY6jQV9.js:57
[  197909ms] [WARNING] Destination image width or height more than source
src: https://cdn1.tenchat.ru/static/vbc-gostinder/user-picture/458f263b-6ecb-4c4a-93e4-f4b0a28f2279.jpeg @ https://cdn2.tenchat.ru/_nuxt/fVY6jQV9.js:57
[  197910ms] [WARNING] Destination image width or height more than source
src: https://cdn1.tenchat.ru/static/vbc-gostinder/user-picture/458f263b-6ecb-4c4a-93e4-f4b0a28f2279.jpeg @ https://cdn2.tenchat.ru/_nuxt/fVY6jQV9.js:57
[  197910ms] [WARNING] Destination image width or height more than source
src: https://cdn1.tenchat.ru/static/vbc-gostinder/user-picture/458f263b-6ecb-4c4a-93e4-f4b0a28f2279.jpeg @ https://cdn2.tenchat.ru/_nuxt/fVY6jQV9.js:57
[  197911ms] [WARNING] Destination image width or height more than source
src: https://cdn1.tenchat.ru/static/vbc-gostinder/user-picture/458f263b-6ecb-4c4a-93e4-f4b0a28f2279.jpeg @ https://cdn2.tenchat.ru/_nuxt/fVY6jQV9.js:57
[  197911ms] [WARNING] Destination image width or height more than source
src: https://cdn1.tenchat.ru/static/vbc-gostinder/user-picture/458f263b-6ecb-4c4a-93e4-f4b0a28f2279.jpeg @ https://cdn2.tenchat.ru/_nuxt/fVY6jQV9.js:57
[  197912ms] [WARNING] Destination image width or height more than source
src: https://cdn1.tenchat.ru/static/vbc-gostinder/user-picture/458f263b-6ecb-4c4a-93e4-f4b0a28f2279.jpeg @ https://cdn2.tenchat.ru/_nuxt/fVY6jQV9.js:57
[  197912ms] [WARNING] Destination image width or height more than source
src: https://cdn1.tenchat.ru/static/vbc-gostinder/user-picture/458f263b-6ecb-4c4a-93e4-f4b0a28f2279.jpeg @ https://cdn2.tenchat.ru/_nuxt/fVY6jQV9.js:57
[  197913ms] [WARNING] Destination image width or height more than source
src: https://cdn1.tenchat.ru/static/vbc-gostinder/user-picture/458f263b-6ecb-4c4a-93e4-f4b0a28f2279.jpeg @ https://cdn2.tenchat.ru/_nuxt/fVY6jQV9.js:57
[  197913ms] [WARNING] Destination image width or height more than source
src: https://cdn1.tenchat.ru/static/vbc-gostinder/user-picture/458f263b-6ecb-4c4a-93e4-f4b0a28f2279.jpeg @ https://cdn2.tenchat.ru/_nuxt/fVY6jQV9.js:57
[  197914ms] [WARNING] Destination image width or height more than source
src: https://cdn1.tenchat.ru/static/vbc-gostinder/user-picture/458f263b-6ecb-4c4a-93e4-f4b0a28f2279.jpeg @ https://cdn2.tenchat.ru/_nuxt/fVY6jQV9.js:57
[  197914ms] [WARNING] Destination image width or height more than source
src: https://cdn1.tenchat.ru/static/vbc-gostinder/user-picture/458f263b-6ecb-4c4a-93e4-f4b0a28f2279.jpeg @ https://cdn2.tenchat.ru/_nuxt/fVY6jQV9.js:57
[  197914ms] [WARNING] Destination image width or height more than source
src: https://cdn1.tenchat.ru/static/vbc-gostinder/user-picture/458f263b-6ecb-4c4a-93e4-f4b0a28f2279.jpeg @ https://cdn2.tenchat.ru/_nuxt/fVY6jQV9.js:57
[  197921ms] [WARNING] Destination image width or height more than source
src: https://cdn1.tenchat.ru/static/vbc-gostinder/user-picture/2ad269f7-363a-489f-b5cf-158dd0b8a0c6.jpg @ https://cdn2.tenchat.ru/_nuxt/fVY6jQV9.js:57
[  197921ms] [WARNING] Destination image width or height more than source
src: https://cdn1.tenchat.ru/static/vbc-gostinder/user-picture/2ad269f7-363a-489f-b5cf-158dd0b8a0c6.jpg @ https://cdn2.tenchat.ru/_nuxt/fVY6jQV9.js:57
[  197921ms] [WARNING] Destination image width or height more than source
src: https://cdn1.tenchat.ru/static/vbc-gostinder/user-picture/2ad269f7-363a-489f-b5cf-158dd0b8a0c6.jpg @ https://cdn2.tenchat.ru/_nuxt/fVY6jQV9.js:57
[  197922ms] [WARNING] Destination image width or height more than source
src: https://cdn1.tenchat.ru/static/vbc-gostinder/user-picture/2ad269f7-363a-489f-b5cf-158dd0b8a0c6.jpg @ https://cdn2.tenchat.ru/_nuxt/fVY6jQV9.js:57
[  197922ms] [WARNING] Destination image width or height more than source
src: https://cdn1.tenchat.ru/static/vbc-gostinder/user-picture/2ad269f7-363a-489f-b5cf-158dd0b8a0c6.jpg @ https://cdn2.tenchat.ru/_nuxt/fVY6jQV9.js:57
[  197923ms] [WARNING] Destination image width or height more than source
src: https://cdn1.tenchat.ru/static/vbc-gostinder/user-picture/2ad269f7-363a-489f-b5cf-158dd0b8a0c6.jpg @ https://cdn2.tenchat.ru/_nuxt/fVY6jQV9.js:57
[  197923ms] [WARNING] Destination image width or height more than source
src: https://cdn1.tenchat.ru/static/vbc-gostinder/user-picture/2ad269f7-363a-489f-b5cf-158dd0b8a0c6.jpg @ https://cdn2.tenchat.ru/_nuxt/fVY6jQV9.js:57
[  197924ms] [WARNING] Destination image width or height more than source
src: https://cdn1.tenchat.ru/static/vbc-gostinder/user-picture/2ad269f7-363a-489f-b5cf-158dd0b8a0c6.jpg @ https://cdn2.tenchat.ru/_nuxt/fVY6jQV9.js:57
[  197924ms] [WARNING] Destination image width or height more than source
src: https://cdn1.tenchat.ru/static/vbc-gostinder/user-picture/2ad269f7-363a-489f-b5cf-158dd0b8a0c6.jpg @ https://cdn2.tenchat.ru/_nuxt/fVY6jQV9.js:57
[  197924ms] [WARNING] Destination image width or height more than source
src: https://cdn1.tenchat.ru/static/vbc-gostinder/user-picture/2ad269f7-363a-489f-b5cf-158dd0b8a0c6.jpg @ https://cdn2.tenchat.ru/_nuxt/fVY6jQV9.js:57
[  197925ms] [WARNING] Destination image width or height more than source
src: https://cdn1.tenchat.ru/static/vbc-gostinder/user-picture/2ad269f7-363a-489f-b5cf-158dd0b8a0c6.jpg @ https://cdn2.tenchat.ru/_nuxt/fVY6jQV9.js:57
[  197925ms] [WARNING] Destination image width or height more than source
src: https://cdn1.tenchat.ru/static/vbc-gostinder/user-picture/2ad269f7-363a-489f-b5cf-158dd0b8a0c6.jpg @ https://cdn2.tenchat.ru/_nuxt/fVY6jQV9.js:57
[  197926ms] [WARNING] Destination image width or height more than source
src: https://cdn1.tenchat.ru/static/vbc-gostinder/user-picture/2ad269f7-363a-489f-b5cf-158dd0b8a0c6.jpg @ https://cdn2.tenchat.ru/_nuxt/fVY6jQV9.js:57
[  197926ms] [WARNING] Destination image width or height more than source
src: https://cdn1.tenchat.ru/static/vbc-gostinder/user-picture/2ad269f7-363a-489f-b5cf-158dd0b8a0c6.jpg @ https://cdn2.tenchat.ru/_nuxt/fVY6jQV9.js:57
[  197926ms] [WARNING] Destination image width or height more than source
src: https://cdn1.tenchat.ru/static/vbc-gostinder/user-picture/2ad269f7-363a-489f-b5cf-158dd0b8a0c6.jpg @ https://cdn2.tenchat.ru/_nuxt/fVY6jQV9.js:57
[  197927ms] [WARNING] Destination image width or height more than source
src: https://cdn1.tenchat.ru/static/vbc-gostinder/user-picture/2ad269f7-363a-489f-b5cf-158dd0b8a0c6.jpg @ https://cdn2.tenchat.ru/_nuxt/fVY6jQV9.js:57
[  197927ms] [WARNING] Destination image width or height more than source
src: https://cdn1.tenchat.ru/static/vbc-gostinder/user-picture/2ad269f7-363a-489f-b5cf-158dd0b8a0c6.jpg @ https://cdn2.tenchat.ru/_nuxt/fVY6jQV9.js:57
[  197927ms] [WARNING] Destination image width or height more than source
src: https://cdn1.tenchat.ru/static/vbc-gostinder/user-picture/2ad269f7-363a-489f-b5cf-158dd0b8a0c6.jpg @ https://cdn2.tenchat.ru/_nuxt/fVY6jQV9.js:57
[  197928ms] [WARNING] Destination image width or height more than source
src: https://cdn1.tenchat.ru/static/vbc-gostinder/user-picture/2ad269f7-363a-489f-b5cf-158dd0b8a0c6.jpg @ https://cdn2.tenchat.ru/_nuxt/fVY6jQV9.js:57
[  197928ms] [WARNING] Destination image width or height more than source
src: https://cdn1.tenchat.ru/static/vbc-gostinder/user-picture/2ad269f7-363a-489f-b5cf-158dd0b8a0c6.jpg @ https://cdn2.tenchat.ru/_nuxt/fVY6jQV9.js:57
[  197928ms] [WARNING] Destination image width or height more than source
src: https://cdn1.tenchat.ru/static/vbc-gostinder/user-picture/2ad269f7-363a-489f-b5cf-158dd0b8a0c6.jpg @ https://cdn2.tenchat.ru/_nuxt/fVY6jQV9.js:57
[  197929ms] [WARNING] Destination image width or height more than source
src: https://cdn1.tenchat.ru/static/vbc-gostinder/user-picture/2ad269f7-363a-489f-b5cf-158dd0b8a0c6.jpg @ https://cdn2.tenchat.ru/_nuxt/fVY6jQV9.js:57
[  197929ms] [WARNING] Destination image width or height more than source
src: https://cdn1.tenchat.ru/static/vbc-gostinder/user-picture/2ad269f7-363a-489f-b5cf-158dd0b8a0c6.jpg @ https://cdn2.tenchat.ru/_nuxt/fVY6jQV9.js:57
[  197929ms] [WARNING] Destination image width or height more than source
src: https://cdn1.tenchat.ru/static/vbc-gostinder/user-picture/2ad269f7-363a-489f-b5cf-158dd0b8a0c6.jpg @ https://cdn2.tenchat.ru/_nuxt/fVY6jQV9.js:57
[  197930ms] [WARNING] Destination image width or height more than source
src: https://cdn1.tenchat.ru/static/vbc-gostinder/user-picture/2ad269f7-363a-489f-b5cf-158dd0b8a0c6.jpg @ https://cdn2.tenchat.ru/_nuxt/fVY6jQV9.js:57
[  197930ms] [WARNING] Destination image width or height more than source
src: https://cdn1.tenchat.ru/static/vbc-gostinder/user-picture/2ad269f7-363a-489f-b5cf-158dd0b8a0c6.jpg @ https://cdn2.tenchat.ru/_nuxt/fVY6jQV9.js:57
[  198473ms] [WARNING] Destination image width or height more than source
src: https://cdn1.tenchat.ru/static/vbc-gostinder/user-picture/b2f26f13-3d65-4927-bf45-9cd5cda84b0e.jpeg @ https://cdn2.tenchat.ru/_nuxt/fVY6jQV9.js:57
[  198473ms] [WARNING] Destination image width or height more than source
src: https://cdn1.tenchat.ru/static/vbc-gostinder/user-picture/b2f26f13-3d65-4927-bf45-9cd5cda84b0e.jpeg @ https://cdn2.tenchat.ru/_nuxt/fVY6jQV9.js:57
[  198474ms] [WARNING] Destination image width or height more than source
src: https://cdn1.tenchat.ru/static/vbc-gostinder/user-picture/b2f26f13-3d65-4927-bf45-9cd5cda84b0e.jpeg @ https://cdn2.tenchat.ru/_nuxt/fVY6jQV9.js:57
[  198474ms] [WARNING] Destination image width or height more than source
src: https://cdn1.tenchat.ru/static/vbc-gostinder/user-picture/b2f26f13-3d65-4927-bf45-9cd5cda84b0e.jpeg @ https://cdn2.tenchat.ru/_nuxt/fVY6jQV9.js:57
[  198474ms] [WARNING] Destination image width or height more than source
src: https://cdn1.tenchat.ru/static/vbc-gostinder/user-picture/b2f26f13-3d65-4927-bf45-9cd5cda84b0e.jpeg @ https://cdn2.tenchat.ru/_nuxt/fVY6jQV9.js:57
[  198474ms] [WARNING] Destination image width or height more than source
src: https://cdn1.tenchat.ru/static/vbc-gostinder/user-picture/b2f26f13-3d65-4927-bf45-9cd5cda84b0e.jpeg @ https://cdn2.tenchat.ru/_nuxt/fVY6jQV9.js:57
[  198474ms] [WARNING] Destination image width or height more than source
src: https://cdn1.tenchat.ru/static/vbc-gostinder/user-picture/b2f26f13-3d65-4927-bf45-9cd5cda84b0e.jpeg @ https://cdn2.tenchat.ru/_nuxt/fVY6jQV9.js:57
[  198475ms] [WARNING] Destination image width or height more than source
src: https://cdn1.tenchat.ru/static/vbc-gostinder/user-picture/b2f26f13-3d65-4927-bf45-9cd5cda84b0e.jpeg @ https://cdn2.tenchat.ru/_nuxt/fVY6jQV9.js:57
[  198475ms] [WARNING] Destination image width or height more than source
src: https://cdn1.tenchat.ru/static/vbc-gostinder/user-picture/b2f26f13-3d65-4927-bf45-9cd5cda84b0e.jpeg @ https://cdn2.tenchat.ru/_nuxt/fVY6jQV9.js:57
[  198475ms] [WARNING] Destination image width or height more than source
src: https://cdn1.tenchat.ru/static/vbc-gostinder/user-picture/b2f26f13-3d65-4927-bf45-9cd5cda84b0e.jpeg @ https://cdn2.tenchat.ru/_nuxt/fVY6jQV9.js:57
[  198475ms] [WARNING] Destination image width or height more than source
src: https://cdn1.tenchat.ru/static/vbc-gostinder/user-picture/b2f26f13-3d65-4927-bf45-9cd5cda84b0e.jpeg @ https://cdn2.tenchat.ru/_nuxt/fVY6jQV9.js:57
[  198475ms] [WARNING] Destination image width or height more than source
src: https://cdn1.tenchat.ru/static/vbc-gostinder/user-picture/b2f26f13-3d65-4927-bf45-9cd5cda84b0e.jpeg @ https://cdn2.tenchat.ru/_nuxt/fVY6jQV9.js:57
[  198475ms] [WARNING] Destination image width or height more than source
src: https://cdn1.tenchat.ru/static/vbc-gostinder/user-picture/b2f26f13-3d65-4927-bf45-9cd5cda84b0e.jpeg @ https://cdn2.tenchat.ru/_nuxt/fVY6jQV9.js:57
[  198476ms] [WARNING] Destination image width or height more than source
src: https://cdn1.tenchat.ru/static/vbc-gostinder/user-picture/b2f26f13-3d65-4927-bf45-9cd5cda84b0e.jpeg @ https://cdn2.tenchat.ru/_nuxt/fVY6jQV9.js:57
[  198476ms] [WARNING] Destination image width or height more than source
src: https://cdn1.tenchat.ru/static/vbc-gostinder/user-picture/b2f26f13-3d65-4927-bf45-9cd5cda84b0e.jpeg @ https://cdn2.tenchat.ru/_nuxt/fVY6jQV9.js:57
[  198476ms] [WARNING] Destination image width or height more than source
src: https://cdn1.tenchat.ru/static/vbc-gostinder/user-picture/b2f26f13-3d65-4927-bf45-9cd5cda84b0e.jpeg @ https://cdn2.tenchat.ru/_nuxt/fVY6jQV9.js:57
[  198476ms] [WARNING] Destination image width or height more than source
src: https://cdn1.tenchat.ru/static/vbc-gostinder/user-picture/b2f26f13-3d65-4927-bf45-9cd5cda84b0e.jpeg @ https://cdn2.tenchat.ru/_nuxt/fVY6jQV9.js:57
[  198476ms] [WARNING] Destination image width or height more than source
src: https://cdn1.tenchat.ru/static/vbc-gostinder/user-picture/b2f26f13-3d65-4927-bf45-9cd5cda84b0e.jpeg @ https://cdn2.tenchat.ru/_nuxt/fVY6jQV9.js:57
[  198476ms] [WARNING] Destination image width or height more than source
src: https://cdn1.tenchat.ru/static/vbc-gostinder/user-picture/b2f26f13-3d65-4927-bf45-9cd5cda84b0e.jpeg @ https://cdn2.tenchat.ru/_nuxt/fVY6jQV9.js:57
[  198477ms] [WARNING] Destination image width or height more than source
src: https://cdn1.tenchat.ru/static/vbc-gostinder/user-picture/b2f26f13-3d65-4927-bf45-9cd5cda84b0e.jpeg @ https://cdn2.tenchat.ru/_nuxt/fVY6jQV9.js:57
[  198477ms] [WARNING] Destination image width or height more than source
src: https://cdn1.tenchat.ru/static/vbc-gostinder/user-picture/b2f26f13-3d65-4927-bf45-9cd5cda84b0e.jpeg @ https://cdn2.tenchat.ru/_nuxt/fVY6jQV9.js:57
[  198477ms] [WARNING] Destination image width or height more than source
src: https://cdn1.tenchat.ru/static/vbc-gostinder/user-picture/b2f26f13-3d65-4927-bf45-9cd5cda84b0e.jpeg @ https://cdn2.tenchat.ru/_nuxt/fVY6jQV9.js:57
[  198477ms] [WARNING] Destination image width or height more than source
src: https://cdn1.tenchat.ru/static/vbc-gostinder/user-picture/b2f26f13-3d65-4927-bf45-9cd5cda84b0e.jpeg @ https://cdn2.tenchat.ru/_nuxt/fVY6jQV9.js:57
[  198477ms] [WARNING] Destination image width or height more than source
src: https://cdn1.tenchat.ru/static/vbc-gostinder/user-picture/b2f26f13-3d65-4927-bf45-9cd5cda84b0e.jpeg @ https://cdn2.tenchat.ru/_nuxt/fVY6jQV9.js:57
[  198478ms] [WARNING] Destination image width or height more than source
src: https://cdn1.tenchat.ru/static/vbc-gostinder/user-picture/b2f26f13-3d65-4927-bf45-9cd5cda84b0e.jpeg @ https://cdn2.tenchat.ru/_nuxt/fVY6jQV9.js:57
[  198478ms] [WARNING] Destination image width or height more than source
src: https://cdn1.tenchat.ru/static/vbc-gostinder/user-picture/b2f26f13-3d65-4927-bf45-9cd5cda84b0e.jpeg @ https://cdn2.tenchat.ru/_nuxt/fVY6jQV9.js:57
[  198480ms] [WARNING] Destination image width or height more than source
src: https://cdn1.tenchat.ru/static/vbc-gostinder/user-picture/af7db234-000b-4091-8b50-7f824c9736a8.jpeg @ https://cdn2.tenchat.ru/_nuxt/fVY6jQV9.js:57
[  198480ms] [WARNING] Destination image width or height more than source
src: https://cdn1.tenchat.ru/static/vbc-gostinder/user-picture/af7db234-000b-4091-8b50-7f824c9736a8.jpeg @ https://cdn2.tenchat.ru/_nuxt/fVY6jQV9.js:57
[  198480ms] [WARNING] Destination image width or height more than source
src: https://cdn1.tenchat.ru/static/vbc-gostinder/user-picture/af7db234-000b-4091-8b50-7f824c9736a8.jpeg @ https://cdn2.tenchat.ru/_nuxt/fVY6jQV9.js:57
[  198480ms] [WARNING] Destination image width or height more than source
src: https://cdn1.tenchat.ru/static/vbc-gostinder/user-picture/af7db234-000b-4091-8b50-7f824c9736a8.jpeg @ https://cdn2.tenchat.ru/_nuxt/fVY6jQV9.js:57
[  198480ms] [WARNING] Destination image width or height more than source
src: https://cdn1.tenchat.ru/static/vbc-gostinder/user-picture/af7db234-000b-4091-8b50-7f824c9736a8.jpeg @ https://cdn2.tenchat.ru/_nuxt/fVY6jQV9.js:57
[  198480ms] [WARNING] Destination image width or height more than source
src: https://cdn1.tenchat.ru/static/vbc-gostinder/user-picture/af7db234-000b-4091-8b50-7f824c9736a8.jpeg @ https://cdn2.tenchat.ru/_nuxt/fVY6jQV9.js:57
[  198481ms] [WARNING] Destination image width or height more than source
src: https://cdn1.tenchat.ru/static/vbc-gostinder/user-picture/af7db234-000b-4091-8b50-7f824c9736a8.jpeg @ https://cdn2.tenchat.ru/_nuxt/fVY6jQV9.js:57
[  198481ms] [WARNING] Destination image width or height more than source
src: https://cdn1.tenchat.ru/static/vbc-gostinder/user-picture/af7db234-000b-4091-8b50-7f824c9736a8.jpeg @ https://cdn2.tenchat.ru/_nuxt/fVY6jQV9.js:57
[  198481ms] [WARNING] Destination image width or height more than source
src: https://cdn1.tenchat.ru/static/vbc-gostinder/user-picture/af7db234-000b-4091-8b50-7f824c9736a8.jpeg @ https://cdn2.tenchat.ru/_nuxt/fVY6jQV9.js:57
[  198481ms] [WARNING] Destination image width or height more than source
src: https://cdn1.tenchat.ru/static/vbc-gostinder/user-picture/af7db234-000b-4091-8b50-7f824c9736a8.jpeg @ https://cdn2.tenchat.ru/_nuxt/fVY6jQV9.js:57
[  198482ms] [WARNING] Destination image width or height more than source
src: https://cdn1.tenchat.ru/static/vbc-gostinder/user-picture/af7db234-000b-4091-8b50-7f824c9736a8.jpeg @ https://cdn2.tenchat.ru/_nuxt/fVY6jQV9.js:57
[  198482ms] [WARNING] Destination image width or height more than source
src: https://cdn1.tenchat.ru/static/vbc-gostinder/user-picture/af7db234-000b-4091-8b50-7f824c9736a8.jpeg @ https://cdn2.tenchat.ru/_nuxt/fVY6jQV9.js:57
[  198482ms] [WARNING] Destination image width or height more than source
src: https://cdn1.tenchat.ru/static/vbc-gostinder/user-picture/af7db234-000b-4091-8b50-7f824c9736a8.jpeg @ https://cdn2.tenchat.ru/_nuxt/fVY6jQV9.js:57
[  198482ms] [WARNING] Destination image width or height more than source
src: https://cdn1.tenchat.ru/static/vbc-gostinder/user-picture/af7db234-000b-4091-8b50-7f824c9736a8.jpeg @ https://cdn2.tenchat.ru/_nuxt/fVY6jQV9.js:57
[  198482ms] [WARNING] Destination image width or height more than source
src: https://cdn1.tenchat.ru/static/vbc-gostinder/user-picture/af7db234-000b-4091-8b50-7f824c9736a8.jpeg @ https://cdn2.tenchat.ru/_nuxt/fVY6jQV9.js:57
[  198483ms] [WARNING] Destination image width or height more than source
src: https://cdn1.tenchat.ru/static/vbc-gostinder/user-picture/af7db234-000b-4091-8b50-7f824c9736a8.jpeg @ https://cdn2.tenchat.ru/_nuxt/fVY6jQV9.js:57
[  198483ms] [WARNING] Destination image width or height more than source
src: https://cdn1.tenchat.ru/static/vbc-gostinder/user-picture/af7db234-000b-4091-8b50-7f824c9736a8.jpeg @ https://cdn2.tenchat.ru/_nuxt/fVY6jQV9.js:57
[  198483ms] [WARNING] Destination image width or height more than source
src: https://cdn1.tenchat.ru/static/vbc-gostinder/user-picture/af7db234-000b-4091-8b50-7f824c9736a8.jpeg @ https://cdn2.tenchat.ru/_nuxt/fVY6jQV9.js:57
[  198483ms] [WARNING] Destination image width or height more than source
src: https://cdn1.tenchat.ru/static/vbc-gostinder/user-picture/af7db234-000b-4091-8b50-7f824c9736a8.jpeg @ https://cdn2.tenchat.ru/_nuxt/fVY6jQV9.js:57
[  198483ms] [WARNING] Destination image width or height more than source
src: https://cdn1.tenchat.ru/static/vbc-gostinder/user-picture/af7db234-000b-4091-8b50-7f824c9736a8.jpeg @ https://cdn2.tenchat.ru/_nuxt/fVY6jQV9.js:57
[  198484ms] [WARNING] Destination image width or height more than source
src: https://cdn1.tenchat.ru/static/vbc-gostinder/user-picture/af7db234-000b-4091-8b50-7f824c9736a8.jpeg @ https://cdn2.tenchat.ru/_nuxt/fVY6jQV9.js:57
[  198484ms] [WARNING] Destination image width or height more than source
src: https://cdn1.tenchat.ru/static/vbc-gostinder/user-picture/af7db234-000b-4091-8b50-7f824c9736a8.jpeg @ https://cdn2.tenchat.ru/_nuxt/fVY6jQV9.js:57
[  198484ms] [WARNING] Destination image width or height more than source
src: https://cdn1.tenchat.ru/static/vbc-gostinder/user-picture/af7db234-000b-4091-8b50-7f824c9736a8.jpeg @ https://cdn2.tenchat.ru/_nuxt/fVY6jQV9.js:57
[  198484ms] [WARNING] Destination image width or height more than source
src: https://cdn1.tenchat.ru/static/vbc-gostinder/user-picture/af7db234-000b-4091-8b50-7f824c9736a8.jpeg @ https://cdn2.tenchat.ru/_nuxt/fVY6jQV9.js:57
[  198484ms] [WARNING] Destination image width or height more than source
src: https://cdn1.tenchat.ru/static/vbc-gostinder/user-picture/af7db234-000b-4091-8b50-7f824c9736a8.jpeg @ https://cdn2.tenchat.ru/_nuxt/fVY6jQV9.js:57
[  198485ms] [WARNING] Destination image width or height more than source
src: https://cdn1.tenchat.ru/static/vbc-gostinder/user-picture/af7db234-000b-4091-8b50-7f824c9736a8.jpeg @ https://cdn2.tenchat.ru/_nuxt/fVY6jQV9.js:57
[  198485ms] [WARNING] Destination image width or height more than source
src: https://cdn1.tenchat.ru/static/vbc-gostinder/user-picture/af7db234-000b-4091-8b50-7f824c9736a8.jpeg @ https://cdn2.tenchat.ru/_nuxt/fVY6jQV9.js:57
[  198485ms] [WARNING] Destination image width or height more than source
src: https://cdn1.tenchat.ru/static/vbc-gostinder/user-picture/af7db234-000b-4091-8b50-7f824c9736a8.jpeg @ https://cdn2.tenchat.ru/_nuxt/fVY6jQV9.js:57
[  198485ms] [WARNING] Destination image width or height more than source
src: https://cdn1.tenchat.ru/static/vbc-gostinder/user-picture/af7db234-000b-4091-8b50-7f824c9736a8.jpeg @ https://cdn2.tenchat.ru/_nuxt/fVY6jQV9.js:57
[  198485ms] [WARNING] Destination image width or height more than source
src: https://cdn1.tenchat.ru/static/vbc-gostinder/user-picture/af7db234-000b-4091-8b50-7f824c9736a8.jpeg @ https://cdn2.tenchat.ru/_nuxt/fVY6jQV9.js:57
[  198485ms] [WARNING] Destination image width or height more than source
src: https://cdn1.tenchat.ru/static/vbc-gostinder/user-picture/af7db234-000b-4091-8b50-7f824c9736a8.jpeg @ https://cdn2.tenchat.ru/_nuxt/fVY6jQV9.js:57
[  198485ms] [WARNING] Destination image width or height more than source
src: https://cdn1.tenchat.ru/static/vbc-gostinder/user-picture/af7db234-000b-4091-8b50-7f824c9736a8.jpeg @ https://cdn2.tenchat.ru/_nuxt/fVY6jQV9.js:57
[  198486ms] [WARNING] Destination image width or height more than source
src: https://cdn1.tenchat.ru/static/vbc-gostinder/user-picture/af7db234-000b-4091-8b50-7f824c9736a8.jpeg @ https://cdn2.tenchat.ru/_nuxt/fVY6jQV9.js:57
[  198486ms] [WARNING] Destination image width or height more than source
src: https://cdn1.tenchat.ru/static/vbc-gostinder/user-picture/af7db234-000b-4091-8b50-7f824c9736a8.jpeg @ https://cdn2.tenchat.ru/_nuxt/fVY6jQV9.js:57
[  198486ms] [WARNING] Destination image width or height more than source
src: https://cdn1.tenchat.ru/static/vbc-gostinder/user-picture/af7db234-000b-4091-8b50-7f824c9736a8.jpeg @ https://cdn2.tenchat.ru/_nuxt/fVY6jQV9.js:57
[  198486ms] [WARNING] Destination image width or height more than source
src: https://cdn1.tenchat.ru/static/vbc-gostinder/user-picture/af7db234-000b-4091-8b50-7f824c9736a8.jpeg @ https://cdn2.tenchat.ru/_nuxt/fVY6jQV9.js:57
[  198486ms] [WARNING] Destination image width or height more than source
src: https://cdn1.tenchat.ru/static/vbc-gostinder/user-picture/af7db234-000b-4091-8b50-7f824c9736a8.jpeg @ https://cdn2.tenchat.ru/_nuxt/fVY6jQV9.js:57
[  198486ms] [WARNING] Destination image width or height more than source
src: https://cdn1.tenchat.ru/static/vbc-gostinder/user-picture/af7db234-000b-4091-8b50-7f824c9736a8.jpeg @ https://cdn2.tenchat.ru/_nuxt/fVY6jQV9.js:57
[  198487ms] [WARNING] Destination image width or height more than source
src: https://cdn1.tenchat.ru/static/vbc-gostinder/user-picture/af7db234-000b-4091-8b50-7f824c9736a8.jpeg @ https://cdn2.tenchat.ru/_nuxt/fVY6jQV9.js:57
[  198487ms] [WARNING] Destination image width or height more than source
src: https://cdn1.tenchat.ru/static/vbc-gostinder/user-picture/af7db234-000b-4091-8b50-7f824c9736a8.jpeg @ https://cdn2.tenchat.ru/_nuxt/fVY6jQV9.js:57
[  198487ms] [WARNING] Destination image width or height more than source
src: https://cdn1.tenchat.ru/static/vbc-gostinder/user-picture/af7db234-000b-4091-8b50-7f824c9736a8.jpeg @ https://cdn2.tenchat.ru/_nuxt/fVY6jQV9.js:57
[  198487ms] [WARNING] Destination image width or height more than source
src: https://cdn1.tenchat.ru/static/vbc-gostinder/user-picture/af7db234-000b-4091-8b50-7f824c9736a8.jpeg @ https://cdn2.tenchat.ru/_nuxt/fVY6jQV9.js:57
[  198487ms] [WARNING] Destination image width or height more than source
src: https://cdn1.tenchat.ru/static/vbc-gostinder/user-picture/af7db234-000b-4091-8b50-7f824c9736a8.jpeg @ https://cdn2.tenchat.ru/_nuxt/fVY6jQV9.js:57
[  198487ms] [WARNING] Destination image width or height more than source
src: https://cdn1.tenchat.ru/static/vbc-gostinder/user-picture/af7db234-000b-4091-8b50-7f824c9736a8.jpeg @ https://cdn2.tenchat.ru/_nuxt/fVY6jQV9.js:57
[  198488ms] [WARNING] Destination image width or height more than source
src: https://cdn1.tenchat.ru/static/vbc-gostinder/user-picture/af7db234-000b-4091-8b50-7f824c9736a8.jpeg @ https://cdn2.tenchat.ru/_nuxt/fVY6jQV9.js:57
[  198488ms] [WARNING] Destination image width or height more than source
src: https://cdn1.tenchat.ru/static/vbc-gostinder/user-picture/af7db234-000b-4091-8b50-7f824c9736a8.jpeg @ https://cdn2.tenchat.ru/_nuxt/fVY6jQV9.js:57
[  198488ms] [WARNING] Destination image width or height more than source
src: https://cdn1.tenchat.ru/static/vbc-gostinder/user-picture/af7db234-000b-4091-8b50-7f824c9736a8.jpeg @ https://cdn2.tenchat.ru/_nuxt/fVY6jQV9.js:57
[  198488ms] [WARNING] Destination image width or height more than source
src: https://cdn1.tenchat.ru/static/vbc-gostinder/user-picture/af7db234-000b-4091-8b50-7f824c9736a8.jpeg @ https://cdn2.tenchat.ru/_nuxt/fVY6jQV9.js:57
[  198488ms] [WARNING] Destination image width or height more than source
src: https://cdn1.tenchat.ru/static/vbc-gostinder/user-picture/af7db234-000b-4091-8b50-7f824c9736a8.jpeg @ https://cdn2.tenchat.ru/_nuxt/fVY6jQV9.js:57
[  198488ms] [WARNING] Destination image width or height more than source
src: https://cdn1.tenchat.ru/static/vbc-gostinder/user-picture/af7db234-000b-4091-8b50-7f824c9736a8.jpeg @ https://cdn2.tenchat.ru/_nuxt/fVY6jQV9.js:57
[  198488ms] [WARNING] Destination image width or height more than source
src: https://cdn1.tenchat.ru/static/vbc-gostinder/user-picture/af7db234-000b-4091-8b50-7f824c9736a8.jpeg @ https://cdn2.tenchat.ru/_nuxt/fVY6jQV9.js:57
[  198488ms] [WARNING] Destination image width or height more than source
src: https://cdn1.tenchat.ru/static/vbc-gostinder/user-picture/af7db234-000b-4091-8b50-7f824c9736a8.jpeg @ https://cdn2.tenchat.ru/_nuxt/fVY6jQV9.js:57
[  198489ms] [WARNING] Destination image width or height more than source
src: https://cdn1.tenchat.ru/static/vbc-gostinder/user-picture/af7db234-000b-4091-8b50-7f824c9736a8.jpeg @ https://cdn2.tenchat.ru/_nuxt/fVY6jQV9.js:57
[  207818ms] [WARNING] Destination image width or height more than source
src: https://cdn1.tenchat.ru/static/vbc-gostinder/user-picture/458f263b-6ecb-4c4a-93e4-f4b0a28f2279.jpeg @ https://cdn2.tenchat.ru/_nuxt/fVY6jQV9.js:57
[  207818ms] [WARNING] Destination image width or height more than source
src: https://cdn1.tenchat.ru/static/vbc-gostinder/user-picture/458f263b-6ecb-4c4a-93e4-f4b0a28f2279.jpeg @ https://cdn2.tenchat.ru/_nuxt/fVY6jQV9.js:57
[  207819ms] [WARNING] Destination image width or height more than source
src: https://cdn1.tenchat.ru/static/vbc-gostinder/user-picture/458f263b-6ecb-4c4a-93e4-f4b0a28f2279.jpeg @ https://cdn2.tenchat.ru/_nuxt/fVY6jQV9.js:57
[  207819ms] [WARNING] Destination image width or height more than source
src: https://cdn1.tenchat.ru/static/vbc-gostinder/user-picture/458f263b-6ecb-4c4a-93e4-f4b0a28f2279.jpeg @ https://cdn2.tenchat.ru/_nuxt/fVY6jQV9.js:57
[  207819ms] [WARNING] Destination image width or height more than source
src: https://cdn1.tenchat.ru/static/vbc-gostinder/user-picture/458f263b-6ecb-4c4a-93e4-f4b0a28f2279.jpeg @ https://cdn2.tenchat.ru/_nuxt/fVY6jQV9.js:57
[  207820ms] [WARNING] Destination image width or height more than source
src: https://cdn1.tenchat.ru/static/vbc-gostinder/user-picture/458f263b-6ecb-4c4a-93e4-f4b0a28f2279.jpeg @ https://cdn2.tenchat.ru/_nuxt/fVY6jQV9.js:57
[  207820ms] [WARNING] Destination image width or height more than source
src: https://cdn1.tenchat.ru/static/vbc-gostinder/user-picture/458f263b-6ecb-4c4a-93e4-f4b0a28f2279.jpeg @ https://cdn2.tenchat.ru/_nuxt/fVY6jQV9.js:57
[  207820ms] [WARNING] Destination image width or height more than source
src: https://cdn1.tenchat.ru/static/vbc-gostinder/user-picture/458f263b-6ecb-4c4a-93e4-f4b0a28f2279.jpeg @ https://cdn2.tenchat.ru/_nuxt/fVY6jQV9.js:57
[  207821ms] [WARNING] Destination image width or height more than source
src: https://cdn1.tenchat.ru/static/vbc-gostinder/user-picture/458f263b-6ecb-4c4a-93e4-f4b0a28f2279.jpeg @ https://cdn2.tenchat.ru/_nuxt/fVY6jQV9.js:57
[  207821ms] [WARNING] Destination image width or height more than source
src: https://cdn1.tenchat.ru/static/vbc-gostinder/user-picture/458f263b-6ecb-4c4a-93e4-f4b0a28f2279.jpeg @ https://cdn2.tenchat.ru/_nuxt/fVY6jQV9.js:57
[  207821ms] [WARNING] Destination image width or height more than source
src: https://cdn1.tenchat.ru/static/vbc-gostinder/user-picture/458f263b-6ecb-4c4a-93e4-f4b0a28f2279.jpeg @ https://cdn2.tenchat.ru/_nuxt/fVY6jQV9.js:57
[  207822ms] [WARNING] Destination image width or height more than source
src: https://cdn1.tenchat.ru/static/vbc-gostinder/user-picture/458f263b-6ecb-4c4a-93e4-f4b0a28f2279.jpeg @ https://cdn2.tenchat.ru/_nuxt/fVY6jQV9.js:57
[  207822ms] [WARNING] Destination image width or height more than source
src: https://cdn1.tenchat.ru/static/vbc-gostinder/user-picture/458f263b-6ecb-4c4a-93e4-f4b0a28f2279.jpeg @ https://cdn2.tenchat.ru/_nuxt/fVY6jQV9.js:57
[  207822ms] [WARNING] Destination image width or height more than source
src: https://cdn1.tenchat.ru/static/vbc-gostinder/user-picture/458f263b-6ecb-4c4a-93e4-f4b0a28f2279.jpeg @ https://cdn2.tenchat.ru/_nuxt/fVY6jQV9.js:57
[  207823ms] [WARNING] Destination image width or height more than source
src: https://cdn1.tenchat.ru/static/vbc-gostinder/user-picture/458f263b-6ecb-4c4a-93e4-f4b0a28f2279.jpeg @ https://cdn2.tenchat.ru/_nuxt/fVY6jQV9.js:57
[  207823ms] [WARNING] Destination image width or height more than source
src: https://cdn1.tenchat.ru/static/vbc-gostinder/user-picture/458f263b-6ecb-4c4a-93e4-f4b0a28f2279.jpeg @ https://cdn2.tenchat.ru/_nuxt/fVY6jQV9.js:57
[  207823ms] [WARNING] Destination image width or height more than source
src: https://cdn1.tenchat.ru/static/vbc-gostinder/user-picture/458f263b-6ecb-4c4a-93e4-f4b0a28f2279.jpeg @ https://cdn2.tenchat.ru/_nuxt/fVY6jQV9.js:57
[  207823ms] [WARNING] Destination image width or height more than source
src: https://cdn1.tenchat.ru/static/vbc-gostinder/user-picture/458f263b-6ecb-4c4a-93e4-f4b0a28f2279.jpeg @ https://cdn2.tenchat.ru/_nuxt/fVY6jQV9.js:57
[  207824ms] [WARNING] Destination image width or height more than source
src: https://cdn1.tenchat.ru/static/vbc-gostinder/user-picture/458f263b-6ecb-4c4a-93e4-f4b0a28f2279.jpeg @ https://cdn2.tenchat.ru/_nuxt/fVY6jQV9.js:57
[  207824ms] [WARNING] Destination image width or height more than source
src: https://cdn1.tenchat.ru/static/vbc-gostinder/user-picture/458f263b-6ecb-4c4a-93e4-f4b0a28f2279.jpeg @ https://cdn2.tenchat.ru/_nuxt/fVY6jQV9.js:57
[  207824ms] [WARNING] Destination image width or height more than source
src: https://cdn1.tenchat.ru/static/vbc-gostinder/user-picture/458f263b-6ecb-4c4a-93e4-f4b0a28f2279.jpeg @ https://cdn2.tenchat.ru/_nuxt/fVY6jQV9.js:57
[  207825ms] [WARNING] Destination image width or height more than source
src: https://cdn1.tenchat.ru/static/vbc-gostinder/user-picture/458f263b-6ecb-4c4a-93e4-f4b0a28f2279.jpeg @ https://cdn2.tenchat.ru/_nuxt/fVY6jQV9.js:57
[  207825ms] [WARNING] Destination image width or height more than source
src: https://cdn1.tenchat.ru/static/vbc-gostinder/user-picture/458f263b-6ecb-4c4a-93e4-f4b0a28f2279.jpeg @ https://cdn2.tenchat.ru/_nuxt/fVY6jQV9.js:57
[  207825ms] [WARNING] Destination image width or height more than source
src: https://cdn1.tenchat.ru/static/vbc-gostinder/user-picture/458f263b-6ecb-4c4a-93e4-f4b0a28f2279.jpeg @ https://cdn2.tenchat.ru/_nuxt/fVY6jQV9.js:57
[  207826ms] [WARNING] Destination image width or height more than source
src: https://cdn1.tenchat.ru/static/vbc-gostinder/user-picture/458f263b-6ecb-4c4a-93e4-f4b0a28f2279.jpeg @ https://cdn2.tenchat.ru/_nuxt/fVY6jQV9.js:57
[  207826ms] [WARNING] Destination image width or height more than source
src: https://cdn1.tenchat.ru/static/vbc-gostinder/user-picture/458f263b-6ecb-4c4a-93e4-f4b0a28f2279.jpeg @ https://cdn2.tenchat.ru/_nuxt/fVY6jQV9.js:57
[  207826ms] [WARNING] Destination image width or height more than source
src: https://cdn1.tenchat.ru/static/vbc-gostinder/user-picture/458f263b-6ecb-4c4a-93e4-f4b0a28f2279.jpeg @ https://cdn2.tenchat.ru/_nuxt/fVY6jQV9.js:57
[  207827ms] [WARNING] Destination image width or height more than source
src: https://cdn1.tenchat.ru/static/vbc-gostinder/user-picture/458f263b-6ecb-4c4a-93e4-f4b0a28f2279.jpeg @ https://cdn2.tenchat.ru/_nuxt/fVY6jQV9.js:57
[  207827ms] [WARNING] Destination image width or height more than source
src: https://cdn1.tenchat.ru/static/vbc-gostinder/user-picture/458f263b-6ecb-4c4a-93e4-f4b0a28f2279.jpeg @ https://cdn2.tenchat.ru/_nuxt/fVY6jQV9.js:57
[  207827ms] [WARNING] Destination image width or height more than source
src: https://cdn1.tenchat.ru/static/vbc-gostinder/user-picture/458f263b-6ecb-4c4a-93e4-f4b0a28f2279.jpeg @ https://cdn2.tenchat.ru/_nuxt/fVY6jQV9.js:57
[  207828ms] [WARNING] Destination image width or height more than source
src: https://cdn1.tenchat.ru/static/vbc-gostinder/user-picture/458f263b-6ecb-4c4a-93e4-f4b0a28f2279.jpeg @ https://cdn2.tenchat.ru/_nuxt/fVY6jQV9.js:57
[  207828ms] [WARNING] Destination image width or height more than source
src: https://cdn1.tenchat.ru/static/vbc-gostinder/user-picture/458f263b-6ecb-4c4a-93e4-f4b0a28f2279.jpeg @ https://cdn2.tenchat.ru/_nuxt/fVY6jQV9.js:57
[  207828ms] [WARNING] Destination image width or height more than source
src: https://cdn1.tenchat.ru/static/vbc-gostinder/user-picture/458f263b-6ecb-4c4a-93e4-f4b0a28f2279.jpeg @ https://cdn2.tenchat.ru/_nuxt/fVY6jQV9.js:57
[  207828ms] [WARNING] Destination image width or height more than source
src: https://cdn1.tenchat.ru/static/vbc-gostinder/user-picture/458f263b-6ecb-4c4a-93e4-f4b0a28f2279.jpeg @ https://cdn2.tenchat.ru/_nuxt/fVY6jQV9.js:57
[  207829ms] [WARNING] Destination image width or height more than source
src: https://cdn1.tenchat.ru/static/vbc-gostinder/user-picture/458f263b-6ecb-4c4a-93e4-f4b0a28f2279.jpeg @ https://cdn2.tenchat.ru/_nuxt/fVY6jQV9.js:57
[  207829ms] [WARNING] Destination image width or height more than source
src: https://cdn1.tenchat.ru/static/vbc-gostinder/user-picture/458f263b-6ecb-4c4a-93e4-f4b0a28f2279.jpeg @ https://cdn2.tenchat.ru/_nuxt/fVY6jQV9.js:57
[  207829ms] [WARNING] Destination image width or height more than source
src: https://cdn1.tenchat.ru/static/vbc-gostinder/user-picture/458f263b-6ecb-4c4a-93e4-f4b0a28f2279.jpeg @ https://cdn2.tenchat.ru/_nuxt/fVY6jQV9.js:57
[  207830ms] [WARNING] Destination image width or height more than source
src: https://cdn1.tenchat.ru/static/vbc-gostinder/user-picture/458f263b-6ecb-4c4a-93e4-f4b0a28f2279.jpeg @ https://cdn2.tenchat.ru/_nuxt/fVY6jQV9.js:57
[  207830ms] [WARNING] Destination image width or height more than source
src: https://cdn1.tenchat.ru/static/vbc-gostinder/user-picture/458f263b-6ecb-4c4a-93e4-f4b0a28f2279.jpeg @ https://cdn2.tenchat.ru/_nuxt/fVY6jQV9.js:57
[  207830ms] [WARNING] Destination image width or height more than source
src: https://cdn1.tenchat.ru/static/vbc-gostinder/user-picture/458f263b-6ecb-4c4a-93e4-f4b0a28f2279.jpeg @ https://cdn2.tenchat.ru/_nuxt/fVY6jQV9.js:57
[  207830ms] [WARNING] Destination image width or height more than source
src: https://cdn1.tenchat.ru/static/vbc-gostinder/user-picture/458f263b-6ecb-4c4a-93e4-f4b0a28f2279.jpeg @ https://cdn2.tenchat.ru/_nuxt/fVY6jQV9.js:57
[  207831ms] [WARNING] Destination image width or height more than source
src: https://cdn1.tenchat.ru/static/vbc-gostinder/user-picture/458f263b-6ecb-4c4a-93e4-f4b0a28f2279.jpeg @ https://cdn2.tenchat.ru/_nuxt/fVY6jQV9.js:57
[  207831ms] [WARNING] Destination image width or height more than source
src: https://cdn1.tenchat.ru/static/vbc-gostinder/user-picture/458f263b-6ecb-4c4a-93e4-f4b0a28f2279.jpeg @ https://cdn2.tenchat.ru/_nuxt/fVY6jQV9.js:57
[  207832ms] [WARNING] Destination image width or height more than source
src: https://cdn1.tenchat.ru/static/vbc-gostinder/user-picture/458f263b-6ecb-4c4a-93e4-f4b0a28f2279.jpeg @ https://cdn2.tenchat.ru/_nuxt/fVY6jQV9.js:57
[  207832ms] [WARNING] Destination image width or height more than source
src: https://cdn1.tenchat.ru/static/vbc-gostinder/user-picture/458f263b-6ecb-4c4a-93e4-f4b0a28f2279.jpeg @ https://cdn2.tenchat.ru/_nuxt/fVY6jQV9.js:57
[  207832ms] [WARNING] Destination image width or height more than source
src: https://cdn1.tenchat.ru/static/vbc-gostinder/user-picture/458f263b-6ecb-4c4a-93e4-f4b0a28f2279.jpeg @ https://cdn2.tenchat.ru/_nuxt/fVY6jQV9.js:57
[  207833ms] [WARNING] Destination image width or height more than source
src: https://cdn1.tenchat.ru/static/vbc-gostinder/user-picture/458f263b-6ecb-4c4a-93e4-f4b0a28f2279.jpeg @ https://cdn2.tenchat.ru/_nuxt/fVY6jQV9.js:57
[  207833ms] [WARNING] Destination image width or height more than source
src: https://cdn1.tenchat.ru/static/vbc-gostinder/user-picture/458f263b-6ecb-4c4a-93e4-f4b0a28f2279.jpeg @ https://cdn2.tenchat.ru/_nuxt/fVY6jQV9.js:57
[  207833ms] [WARNING] Destination image width or height more than source
src: https://cdn1.tenchat.ru/static/vbc-gostinder/user-picture/458f263b-6ecb-4c4a-93e4-f4b0a28f2279.jpeg @ https://cdn2.tenchat.ru/_nuxt/fVY6jQV9.js:57
[  207833ms] [WARNING] Destination image width or height more than source
src: https://cdn1.tenchat.ru/static/vbc-gostinder/user-picture/458f263b-6ecb-4c4a-93e4-f4b0a28f2279.jpeg @ https://cdn2.tenchat.ru/_nuxt/fVY6jQV9.js:57
[  207834ms] [WARNING] Destination image width or height more than source
src: https://cdn1.tenchat.ru/static/vbc-gostinder/user-picture/458f263b-6ecb-4c4a-93e4-f4b0a28f2279.jpeg @ https://cdn2.tenchat.ru/_nuxt/fVY6jQV9.js:57
[  207834ms] [WARNING] Destination image width or height more than source
src: https://cdn1.tenchat.ru/static/vbc-gostinder/user-picture/458f263b-6ecb-4c4a-93e4-f4b0a28f2279.jpeg @ https://cdn2.tenchat.ru/_nuxt/fVY6jQV9.js:57
[  207834ms] [WARNING] Destination image width or height more than source
src: https://cdn1.tenchat.ru/static/vbc-gostinder/user-picture/458f263b-6ecb-4c4a-93e4-f4b0a28f2279.jpeg @ https://cdn2.tenchat.ru/_nuxt/fVY6jQV9.js:57
[  207855ms] [WARNING] Destination image width or height more than source
src: https://cdn1.tenchat.ru/static/vbc-gostinder/user-picture/2ad269f7-363a-489f-b5cf-158dd0b8a0c6.jpg @ https://cdn2.tenchat.ru/_nuxt/fVY6jQV9.js:57
[  207856ms] [WARNING] Destination image width or height more than source
src: https://cdn1.tenchat.ru/static/vbc-gostinder/user-picture/2ad269f7-363a-489f-b5cf-158dd0b8a0c6.jpg @ https://cdn2.tenchat.ru/_nuxt/fVY6jQV9.js:57
[  207856ms] [WARNING] Destination image width or height more than source
src: https://cdn1.tenchat.ru/static/vbc-gostinder/user-picture/2ad269f7-363a-489f-b5cf-158dd0b8a0c6.jpg @ https://cdn2.tenchat.ru/_nuxt/fVY6jQV9.js:57
[  207856ms] [WARNING] Destination image width or height more than source
src: https://cdn1.tenchat.ru/static/vbc-gostinder/user-picture/2ad269f7-363a-489f-b5cf-158dd0b8a0c6.jpg @ https://cdn2.tenchat.ru/_nuxt/fVY6jQV9.js:57
[  207856ms] [WARNING] Destination image width or height more than source
src: https://cdn1.tenchat.ru/static/vbc-gostinder/user-picture/2ad269f7-363a-489f-b5cf-158dd0b8a0c6.jpg @ https://cdn2.tenchat.ru/_nuxt/fVY6jQV9.js:57
[  207857ms] [WARNING] Destination image width or height more than source
src: https://cdn1.tenchat.ru/static/vbc-gostinder/user-picture/2ad269f7-363a-489f-b5cf-158dd0b8a0c6.jpg @ https://cdn2.tenchat.ru/_nuxt/fVY6jQV9.js:57
[  207857ms] [WARNING] Destination image width or height more than source
src: https://cdn1.tenchat.ru/static/vbc-gostinder/user-picture/2ad269f7-363a-489f-b5cf-158dd0b8a0c6.jpg @ https://cdn2.tenchat.ru/_nuxt/fVY6jQV9.js:57
[  207857ms] [WARNING] Destination image width or height more than source
src: https://cdn1.tenchat.ru/static/vbc-gostinder/user-picture/2ad269f7-363a-489f-b5cf-158dd0b8a0c6.jpg @ https://cdn2.tenchat.ru/_nuxt/fVY6jQV9.js:57
[  207857ms] [WARNING] Destination image width or height more than source
src: https://cdn1.tenchat.ru/static/vbc-gostinder/user-picture/2ad269f7-363a-489f-b5cf-158dd0b8a0c6.jpg @ https://cdn2.tenchat.ru/_nuxt/fVY6jQV9.js:57
[  207858ms] [WARNING] Destination image width or height more than source
src: https://cdn1.tenchat.ru/static/vbc-gostinder/user-picture/2ad269f7-363a-489f-b5cf-158dd0b8a0c6.jpg @ https://cdn2.tenchat.ru/_nuxt/fVY6jQV9.js:57
[  207858ms] [WARNING] Destination image width or height more than source
src: https://cdn1.tenchat.ru/static/vbc-gostinder/user-picture/2ad269f7-363a-489f-b5cf-158dd0b8a0c6.jpg @ https://cdn2.tenchat.ru/_nuxt/fVY6jQV9.js:57
[  207858ms] [WARNING] Destination image width or height more than source
src: https://cdn1.tenchat.ru/static/vbc-gostinder/user-picture/2ad269f7-363a-489f-b5cf-158dd0b8a0c6.jpg @ https://cdn2.tenchat.ru/_nuxt/fVY6jQV9.js:57
[  207858ms] [WARNING] Destination image width or height more than source
src: https://cdn1.tenchat.ru/static/vbc-gostinder/user-picture/2ad269f7-363a-489f-b5cf-158dd0b8a0c6.jpg @ https://cdn2.tenchat.ru/_nuxt/fVY6jQV9.js:57
[  207859ms] [WARNING] Destination image width or height more than source
src: https://cdn1.tenchat.ru/static/vbc-gostinder/user-picture/2ad269f7-363a-489f-b5cf-158dd0b8a0c6.jpg @ https://cdn2.tenchat.ru/_nuxt/fVY6jQV9.js:57
[  207859ms] [WARNING] Destination image width or height more than source
src: https://cdn1.tenchat.ru/static/vbc-gostinder/user-picture/2ad269f7-363a-489f-b5cf-158dd0b8a0c6.jpg @ https://cdn2.tenchat.ru/_nuxt/fVY6jQV9.js:57
[  207859ms] [WARNING] Destination image width or height more than source
src: https://cdn1.tenchat.ru/static/vbc-gostinder/user-picture/2ad269f7-363a-489f-b5cf-158dd0b8a0c6.jpg @ https://cdn2.tenchat.ru/_nuxt/fVY6jQV9.js:57
[  207859ms] [WARNING] Destination image width or height more than source
src: https://cdn1.tenchat.ru/static/vbc-gostinder/user-picture/2ad269f7-363a-489f-b5cf-158dd0b8a0c6.jpg @ https://cdn2.tenchat.ru/_nuxt/fVY6jQV9.js:57
[  207860ms] [WARNING] Destination image width or height more than source
src: https://cdn1.tenchat.ru/static/vbc-gostinder/user-picture/2ad269f7-363a-489f-b5cf-158dd0b8a0c6.jpg @ https://cdn2.tenchat.ru/_nuxt/fVY6jQV9.js:57
[  207860ms] [WARNING] Destination image width or height more than source
src: https://cdn1.tenchat.ru/static/vbc-gostinder/user-picture/2ad269f7-363a-489f-b5cf-158dd0b8a0c6.jpg @ https://cdn2.tenchat.ru/_nuxt/fVY6jQV9.js:57
[  207860ms] [WARNING] Destination image width or height more than source
src: https://cdn1.tenchat.ru/static/vbc-gostinder/user-picture/2ad269f7-363a-489f-b5cf-158dd0b8a0c6.jpg @ https://cdn2.tenchat.ru/_nuxt/fVY6jQV9.js:57
[  207860ms] [WARNING] Destination image width or height more than source
src: https://cdn1.tenchat.ru/static/vbc-gostinder/user-picture/2ad269f7-363a-489f-b5cf-158dd0b8a0c6.jpg @ https://cdn2.tenchat.ru/_nuxt/fVY6jQV9.js:57
[  207861ms] [WARNING] Destination image width or height more than source
src: https://cdn1.tenchat.ru/static/vbc-gostinder/user-picture/2ad269f7-363a-489f-b5cf-158dd0b8a0c6.jpg @ https://cdn2.tenchat.ru/_nuxt/fVY6jQV9.js:57
[  207861ms] [WARNING] Destination image width or height more than source
src: https://cdn1.tenchat.ru/static/vbc-gostinder/user-picture/2ad269f7-363a-489f-b5cf-158dd0b8a0c6.jpg @ https://cdn2.tenchat.ru/_nuxt/fVY6jQV9.js:57
[  207861ms] [WARNING] Destination image width or height more than source
src: https://cdn1.tenchat.ru/static/vbc-gostinder/user-picture/2ad269f7-363a-489f-b5cf-158dd0b8a0c6.jpg @ https://cdn2.tenchat.ru/_nuxt/fVY6jQV9.js:57
[  207861ms] [WARNING] Destination image width or height more than source
src: https://cdn1.tenchat.ru/static/vbc-gostinder/user-picture/2ad269f7-363a-489f-b5cf-158dd0b8a0c6.jpg @ https://cdn2.tenchat.ru/_nuxt/fVY6jQV9.js:57
[  207862ms] [WARNING] Destination image width or height more than source
src: https://cdn1.tenchat.ru/static/vbc-gostinder/user-picture/2ad269f7-363a-489f-b5cf-158dd0b8a0c6.jpg @ https://cdn2.tenchat.ru/_nuxt/fVY6jQV9.js:57
[  207862ms] [WARNING] Destination image width or height more than source
src: https://cdn1.tenchat.ru/static/vbc-gostinder/user-picture/2ad269f7-363a-489f-b5cf-158dd0b8a0c6.jpg @ https://cdn2.tenchat.ru/_nuxt/fVY6jQV9.js:57
[  207862ms] [WARNING] Destination image width or height more than source
src: https://cdn1.tenchat.ru/static/vbc-gostinder/user-picture/2ad269f7-363a-489f-b5cf-158dd0b8a0c6.jpg @ https://cdn2.tenchat.ru/_nuxt/fVY6jQV9.js:57
[  207862ms] [WARNING] Destination image width or height more than source
src: https://cdn1.tenchat.ru/static/vbc-gostinder/user-picture/2ad269f7-363a-489f-b5cf-158dd0b8a0c6.jpg @ https://cdn2.tenchat.ru/_nuxt/fVY6jQV9.js:57
[  207863ms] [WARNING] Destination image width or height more than source
src: https://cdn1.tenchat.ru/static/vbc-gostinder/user-picture/2ad269f7-363a-489f-b5cf-158dd0b8a0c6.jpg @ https://cdn2.tenchat.ru/_nuxt/fVY6jQV9.js:57
[  207863ms] [WARNING] Destination image width or height more than source
src: https://cdn1.tenchat.ru/static/vbc-gostinder/user-picture/2ad269f7-363a-489f-b5cf-158dd0b8a0c6.jpg @ https://cdn2.tenchat.ru/_nuxt/fVY6jQV9.js:57
[  207863ms] [WARNING] Destination image width or height more than source
src: https://cdn1.tenchat.ru/static/vbc-gostinder/user-picture/2ad269f7-363a-489f-b5cf-158dd0b8a0c6.jpg @ https://cdn2.tenchat.ru/_nuxt/fVY6jQV9.js:57
[  207863ms] [WARNING] Destination image width or height more than source
src: https://cdn1.tenchat.ru/static/vbc-gostinder/user-picture/2ad269f7-363a-489f-b5cf-158dd0b8a0c6.jpg @ https://cdn2.tenchat.ru/_nuxt/fVY6jQV9.js:57
[  207864ms] [WARNING] Destination image width or height more than source
src: https://cdn1.tenchat.ru/static/vbc-gostinder/user-picture/2ad269f7-363a-489f-b5cf-158dd0b8a0c6.jpg @ https://cdn2.tenchat.ru/_nuxt/fVY6jQV9.js:57
[  207864ms] [WARNING] Destination image width or height more than source
src: https://cdn1.tenchat.ru/static/vbc-gostinder/user-picture/2ad269f7-363a-489f-b5cf-158dd0b8a0c6.jpg @ https://cdn2.tenchat.ru/_nuxt/fVY6jQV9.js:57
[  207864ms] [WARNING] Destination image width or height more than source
src: https://cdn1.tenchat.ru/static/vbc-gostinder/user-picture/2ad269f7-363a-489f-b5cf-158dd0b8a0c6.jpg @ https://cdn2.tenchat.ru/_nuxt/fVY6jQV9.js:57
[  207864ms] [WARNING] Destination image width or height more than source
src: https://cdn1.tenchat.ru/static/vbc-gostinder/user-picture/2ad269f7-363a-489f-b5cf-158dd0b8a0c6.jpg @ https://cdn2.tenchat.ru/_nuxt/fVY6jQV9.js:57
[  207865ms] [WARNING] Destination image width or height more than source
src: https://cdn1.tenchat.ru/static/vbc-gostinder/user-picture/2ad269f7-363a-489f-b5cf-158dd0b8a0c6.jpg @ https://cdn2.tenchat.ru/_nuxt/fVY6jQV9.js:57
[  207865ms] [WARNING] Destination image width or height more than source
src: https://cdn1.tenchat.ru/static/vbc-gostinder/user-picture/2ad269f7-363a-489f-b5cf-158dd0b8a0c6.jpg @ https://cdn2.tenchat.ru/_nuxt/fVY6jQV9.js:57
[  207865ms] [WARNING] Destination image width or height more than source
src: https://cdn1.tenchat.ru/static/vbc-gostinder/user-picture/2ad269f7-363a-489f-b5cf-158dd0b8a0c6.jpg @ https://cdn2.tenchat.ru/_nuxt/fVY6jQV9.js:57
[  207865ms] [WARNING] Destination image width or height more than source
src: https://cdn1.tenchat.ru/static/vbc-gostinder/user-picture/2ad269f7-363a-489f-b5cf-158dd0b8a0c6.jpg @ https://cdn2.tenchat.ru/_nuxt/fVY6jQV9.js:57
[  207866ms] [WARNING] Destination image width or height more than source
src: https://cdn1.tenchat.ru/static/vbc-gostinder/user-picture/2ad269f7-363a-489f-b5cf-158dd0b8a0c6.jpg @ https://cdn2.tenchat.ru/_nuxt/fVY6jQV9.js:57
[  207866ms] [WARNING] Destination image width or height more than source
src: https://cdn1.tenchat.ru/static/vbc-gostinder/user-picture/2ad269f7-363a-489f-b5cf-158dd0b8a0c6.jpg @ https://cdn2.tenchat.ru/_nuxt/fVY6jQV9.js:57
[  207866ms] [WARNING] Destination image width or height more than source
src: https://cdn1.tenchat.ru/static/vbc-gostinder/user-picture/2ad269f7-363a-489f-b5cf-158dd0b8a0c6.jpg @ https://cdn2.tenchat.ru/_nuxt/fVY6jQV9.js:57
[  207866ms] [WARNING] Destination image width or height more than source
src: https://cdn1.tenchat.ru/static/vbc-gostinder/user-picture/2ad269f7-363a-489f-b5cf-158dd0b8a0c6.jpg @ https://cdn2.tenchat.ru/_nuxt/fVY6jQV9.js:57
[  207866ms] [WARNING] Destination image width or height more than source
src: https://cdn1.tenchat.ru/static/vbc-gostinder/user-picture/2ad269f7-363a-489f-b5cf-158dd0b8a0c6.jpg @ https://cdn2.tenchat.ru/_nuxt/fVY6jQV9.js:57
[  207867ms] [WARNING] Destination image width or height more than source
src: https://cdn1.tenchat.ru/static/vbc-gostinder/user-picture/2ad269f7-363a-489f-b5cf-158dd0b8a0c6.jpg @ https://cdn2.tenchat.ru/_nuxt/fVY6jQV9.js:57
[  207867ms] [WARNING] Destination image width or height more than source
src: https://cdn1.tenchat.ru/static/vbc-gostinder/user-picture/2ad269f7-363a-489f-b5cf-158dd0b8a0c6.jpg @ https://cdn2.tenchat.ru/_nuxt/fVY6jQV9.js:57
[  207867ms] [WARNING] Destination image width or height more than source
src: https://cdn1.tenchat.ru/static/vbc-gostinder/user-picture/2ad269f7-363a-489f-b5cf-158dd0b8a0c6.jpg @ https://cdn2.tenchat.ru/_nuxt/fVY6jQV9.js:57
[  207867ms] [WARNING] Destination image width or height more than source
src: https://cdn1.tenchat.ru/static/vbc-gostinder/user-picture/2ad269f7-363a-489f-b5cf-158dd0b8a0c6.jpg @ https://cdn2.tenchat.ru/_nuxt/fVY6jQV9.js:57
[  207868ms] [WARNING] Destination image width or height more than source
src: https://cdn1.tenchat.ru/static/vbc-gostinder/user-picture/2ad269f7-363a-489f-b5cf-158dd0b8a0c6.jpg @ https://cdn2.tenchat.ru/_nuxt/fVY6jQV9.js:57
[  207868ms] [WARNING] Destination image width or height more than source
src: https://cdn1.tenchat.ru/static/vbc-gostinder/user-picture/2ad269f7-363a-489f-b5cf-158dd0b8a0c6.jpg @ https://cdn2.tenchat.ru/_nuxt/fVY6jQV9.js:57
[  207868ms] [WARNING] Destination image width or height more than source
src: https://cdn1.tenchat.ru/static/vbc-gostinder/user-picture/2ad269f7-363a-489f-b5cf-158dd0b8a0c6.jpg @ https://cdn2.tenchat.ru/_nuxt/fVY6jQV9.js:57
[  207888ms] [WARNING] Destination image width or height more than source
src: https://cdn1.tenchat.ru/static/vbc-gostinder/user-picture/b2f26f13-3d65-4927-bf45-9cd5cda84b0e.jpeg @ https://cdn2.tenchat.ru/_nuxt/fVY6jQV9.js:57
[  207888ms] [WARNING] Destination image width or height more than source
src: https://cdn1.tenchat.ru/static/vbc-gostinder/user-picture/b2f26f13-3d65-4927-bf45-9cd5cda84b0e.jpeg @ https://cdn2.tenchat.ru/_nuxt/fVY6jQV9.js:57
[  207888ms] [WARNING] Destination image width or height more than source
src: https://cdn1.tenchat.ru/static/vbc-gostinder/user-picture/b2f26f13-3d65-4927-bf45-9cd5cda84b0e.jpeg @ https://cdn2.tenchat.ru/_nuxt/fVY6jQV9.js:57
[  207888ms] [WARNING] Destination image width or height more than source
src: https://cdn1.tenchat.ru/static/vbc-gostinder/user-picture/b2f26f13-3d65-4927-bf45-9cd5cda84b0e.jpeg @ https://cdn2.tenchat.ru/_nuxt/fVY6jQV9.js:57
[  207889ms] [WARNING] Destination image width or height more than source
src: https://cdn1.tenchat.ru/static/vbc-gostinder/user-picture/b2f26f13-3d65-4927-bf45-9cd5cda84b0e.jpeg @ https://cdn2.tenchat.ru/_nuxt/fVY6jQV9.js:57
[  207889ms] [WARNING] Destination image width or height more than source
src: https://cdn1.tenchat.ru/static/vbc-gostinder/user-picture/b2f26f13-3d65-4927-bf45-9cd5cda84b0e.jpeg @ https://cdn2.tenchat.ru/_nuxt/fVY6jQV9.js:57
[  207889ms] [WARNING] Destination image width or height more than source
src: https://cdn1.tenchat.ru/static/vbc-gostinder/user-picture/b2f26f13-3d65-4927-bf45-9cd5cda84b0e.jpeg @ https://cdn2.tenchat.ru/_nuxt/fVY6jQV9.js:57
[  207889ms] [WARNING] Destination image width or height more than source
src: https://cdn1.tenchat.ru/static/vbc-gostinder/user-picture/b2f26f13-3d65-4927-bf45-9cd5cda84b0e.jpeg @ https://cdn2.tenchat.ru/_nuxt/fVY6jQV9.js:57
[  207890ms] [WARNING] Destination image width or height more than source
src: https://cdn1.tenchat.ru/static/vbc-gostinder/user-picture/b2f26f13-3d65-4927-bf45-9cd5cda84b0e.jpeg @ https://cdn2.tenchat.ru/_nuxt/fVY6jQV9.js:57
[  207890ms] [WARNING] Destination image width or height more than source
src: https://cdn1.tenchat.ru/static/vbc-gostinder/user-picture/b2f26f13-3d65-4927-bf45-9cd5cda84b0e.jpeg @ https://cdn2.tenchat.ru/_nuxt/fVY6jQV9.js:57
[  207890ms] [WARNING] Destination image width or height more than source
src: https://cdn1.tenchat.ru/static/vbc-gostinder/user-picture/b2f26f13-3d65-4927-bf45-9cd5cda84b0e.jpeg @ https://cdn2.tenchat.ru/_nuxt/fVY6jQV9.js:57
[  207890ms] [WARNING] Destination image width or height more than source
src: https://cdn1.tenchat.ru/static/vbc-gostinder/user-picture/b2f26f13-3d65-4927-bf45-9cd5cda84b0e.jpeg @ https://cdn2.tenchat.ru/_nuxt/fVY6jQV9.js:57
[  207891ms] [WARNING] Destination image width or height more than source
src: https://cdn1.tenchat.ru/static/vbc-gostinder/user-picture/b2f26f13-3d65-4927-bf45-9cd5cda84b0e.jpeg @ https://cdn2.tenchat.ru/_nuxt/fVY6jQV9.js:57
[  207891ms] [WARNING] Destination image width or height more than source
src: https://cdn1.tenchat.ru/static/vbc-gostinder/user-picture/b2f26f13-3d65-4927-bf45-9cd5cda84b0e.jpeg @ https://cdn2.tenchat.ru/_nuxt/fVY6jQV9.js:57
[  207891ms] [WARNING] Destination image width or height more than source
src: https://cdn1.tenchat.ru/static/vbc-gostinder/user-picture/b2f26f13-3d65-4927-bf45-9cd5cda84b0e.jpeg @ https://cdn2.tenchat.ru/_nuxt/fVY6jQV9.js:57
[  207891ms] [WARNING] Destination image width or height more than source
src: https://cdn1.tenchat.ru/static/vbc-gostinder/user-picture/b2f26f13-3d65-4927-bf45-9cd5cda84b0e.jpeg @ https://cdn2.tenchat.ru/_nuxt/fVY6jQV9.js:57
[  207892ms] [WARNING] Destination image width or height more than source
src: https://cdn1.tenchat.ru/static/vbc-gostinder/user-picture/b2f26f13-3d65-4927-bf45-9cd5cda84b0e.jpeg @ https://cdn2.tenchat.ru/_nuxt/fVY6jQV9.js:57
[  207892ms] [WARNING] Destination image width or height more than source
src: https://cdn1.tenchat.ru/static/vbc-gostinder/user-picture/b2f26f13-3d65-4927-bf45-9cd5cda84b0e.jpeg @ https://cdn2.tenchat.ru/_nuxt/fVY6jQV9.js:57
[  207892ms] [WARNING] Destination image width or height more than source
src: https://cdn1.tenchat.ru/static/vbc-gostinder/user-picture/b2f26f13-3d65-4927-bf45-9cd5cda84b0e.jpeg @ https://cdn2.tenchat.ru/_nuxt/fVY6jQV9.js:57
[  207893ms] [WARNING] Destination image width or height more than source
src: https://cdn1.tenchat.ru/static/vbc-gostinder/user-picture/b2f26f13-3d65-4927-bf45-9cd5cda84b0e.jpeg @ https://cdn2.tenchat.ru/_nuxt/fVY6jQV9.js:57
[  207893ms] [WARNING] Destination image width or height more than source
src: https://cdn1.tenchat.ru/static/vbc-gostinder/user-picture/b2f26f13-3d65-4927-bf45-9cd5cda84b0e.jpeg @ https://cdn2.tenchat.ru/_nuxt/fVY6jQV9.js:57
[  207893ms] [WARNING] Destination image width or height more than source
src: https://cdn1.tenchat.ru/static/vbc-gostinder/user-picture/b2f26f13-3d65-4927-bf45-9cd5cda84b0e.jpeg @ https://cdn2.tenchat.ru/_nuxt/fVY6jQV9.js:57
[  207893ms] [WARNING] Destination image width or height more than source
src: https://cdn1.tenchat.ru/static/vbc-gostinder/user-picture/b2f26f13-3d65-4927-bf45-9cd5cda84b0e.jpeg @ https://cdn2.tenchat.ru/_nuxt/fVY6jQV9.js:57
[  207894ms] [WARNING] Destination image width or height more than source
src: https://cdn1.tenchat.ru/static/vbc-gostinder/user-picture/b2f26f13-3d65-4927-bf45-9cd5cda84b0e.jpeg @ https://cdn2.tenchat.ru/_nuxt/fVY6jQV9.js:57
[  207894ms] [WARNING] Destination image width or height more than source
src: https://cdn1.tenchat.ru/static/vbc-gostinder/user-picture/b2f26f13-3d65-4927-bf45-9cd5cda84b0e.jpeg @ https://cdn2.tenchat.ru/_nuxt/fVY6jQV9.js:57
[  207894ms] [WARNING] Destination image width or height more than source
src: https://cdn1.tenchat.ru/static/vbc-gostinder/user-picture/b2f26f13-3d65-4927-bf45-9cd5cda84b0e.jpeg @ https://cdn2.tenchat.ru/_nuxt/fVY6jQV9.js:57
[  207898ms] [WARNING] Destination image width or height more than source
src: https://cdn1.tenchat.ru/static/vbc-gostinder/user-picture/30ae3f93-1798-419a-b693-70f654c69ef0.jpeg @ https://cdn2.tenchat.ru/_nuxt/fVY6jQV9.js:57
[  207898ms] [WARNING] Destination image width or height more than source
src: https://cdn1.tenchat.ru/static/vbc-gostinder/user-picture/30ae3f93-1798-419a-b693-70f654c69ef0.jpeg @ https://cdn2.tenchat.ru/_nuxt/fVY6jQV9.js:57
[  207898ms] [WARNING] Destination image width or height more than source
src: https://cdn1.tenchat.ru/static/vbc-gostinder/user-picture/30ae3f93-1798-419a-b693-70f654c69ef0.jpeg @ https://cdn2.tenchat.ru/_nuxt/fVY6jQV9.js:57
[  207899ms] [WARNING] Destination image width or height more than source
src: https://cdn1.tenchat.ru/static/vbc-gostinder/user-picture/30ae3f93-1798-419a-b693-70f654c69ef0.jpeg @ https://cdn2.tenchat.ru/_nuxt/fVY6jQV9.js:57
[  207899ms] [WARNING] Destination image width or height more than source
src: https://cdn1.tenchat.ru/static/vbc-gostinder/user-picture/30ae3f93-1798-419a-b693-70f654c69ef0.jpeg @ https://cdn2.tenchat.ru/_nuxt/fVY6jQV9.js:57
[  207899ms] [WARNING] Destination image width or height more than source
src: https://cdn1.tenchat.ru/static/vbc-gostinder/user-picture/30ae3f93-1798-419a-b693-70f654c69ef0.jpeg @ https://cdn2.tenchat.ru/_nuxt/fVY6jQV9.js:57
[  207899ms] [WARNING] Destination image width or height more than source
src: https://cdn1.tenchat.ru/static/vbc-gostinder/user-picture/30ae3f93-1798-419a-b693-70f654c69ef0.jpeg @ https://cdn2.tenchat.ru/_nuxt/fVY6jQV9.js:57
[  207900ms] [WARNING] Destination image width or height more than source
src: https://cdn1.tenchat.ru/static/vbc-gostinder/user-picture/30ae3f93-1798-419a-b693-70f654c69ef0.jpeg @ https://cdn2.tenchat.ru/_nuxt/fVY6jQV9.js:57
[  207900ms] [WARNING] Destination image width or height more than source
src: https://cdn1.tenchat.ru/static/vbc-gostinder/user-picture/30ae3f93-1798-419a-b693-70f654c69ef0.jpeg @ https://cdn2.tenchat.ru/_nuxt/fVY6jQV9.js:57
[  207900ms] [WARNING] Destination image width or height more than source
src: https://cdn1.tenchat.ru/static/vbc-gostinder/user-picture/30ae3f93-1798-419a-b693-70f654c69ef0.jpeg @ https://cdn2.tenchat.ru/_nuxt/fVY6jQV9.js:57
[  207900ms] [WARNING] Destination image width or height more than source
src: https://cdn1.tenchat.ru/static/vbc-gostinder/user-picture/30ae3f93-1798-419a-b693-70f654c69ef0.jpeg @ https://cdn2.tenchat.ru/_nuxt/fVY6jQV9.js:57
[  207901ms] [WARNING] Destination image width or height more than source
src: https://cdn1.tenchat.ru/static/vbc-gostinder/user-picture/30ae3f93-1798-419a-b693-70f654c69ef0.jpeg @ https://cdn2.tenchat.ru/_nuxt/fVY6jQV9.js:57
[  207901ms] [WARNING] Destination image width or height more than source
src: https://cdn1.tenchat.ru/static/vbc-gostinder/user-picture/30ae3f93-1798-419a-b693-70f654c69ef0.jpeg @ https://cdn2.tenchat.ru/_nuxt/fVY6jQV9.js:57
[  207901ms] [WARNING] Destination image width or height more than source
src: https://cdn1.tenchat.ru/static/vbc-gostinder/user-picture/30ae3f93-1798-419a-b693-70f654c69ef0.jpeg @ https://cdn2.tenchat.ru/_nuxt/fVY6jQV9.js:57
[  207902ms] [WARNING] Destination image width or height more than source
src: https://cdn1.tenchat.ru/static/vbc-gostinder/user-picture/30ae3f93-1798-419a-b693-70f654c69ef0.jpeg @ https://cdn2.tenchat.ru/_nuxt/fVY6jQV9.js:57
[  207902ms] [WARNING] Destination image width or height more than source
src: https://cdn1.tenchat.ru/static/vbc-gostinder/user-picture/30ae3f93-1798-419a-b693-70f654c69ef0.jpeg @ https://cdn2.tenchat.ru/_nuxt/fVY6jQV9.js:57
[  207902ms] [WARNING] Destination image width or height more than source
src: https://cdn1.tenchat.ru/static/vbc-gostinder/user-picture/30ae3f93-1798-419a-b693-70f654c69ef0.jpeg @ https://cdn2.tenchat.ru/_nuxt/fVY6jQV9.js:57
[  207902ms] [WARNING] Destination image width or height more than source
src: https://cdn1.tenchat.ru/static/vbc-gostinder/user-picture/30ae3f93-1798-419a-b693-70f654c69ef0.jpeg @ https://cdn2.tenchat.ru/_nuxt/fVY6jQV9.js:57
[  207903ms] [WARNING] Destination image width or height more than source
src: https://cdn1.tenchat.ru/static/vbc-gostinder/user-picture/30ae3f93-1798-419a-b693-70f654c69ef0.jpeg @ https://cdn2.tenchat.ru/_nuxt/fVY6jQV9.js:57
[  207903ms] [WARNING] Destination image width or height more than source
src: https://cdn1.tenchat.ru/static/vbc-gostinder/user-picture/30ae3f93-1798-419a-b693-70f654c69ef0.jpeg @ https://cdn2.tenchat.ru/_nuxt/fVY6jQV9.js:57
[  207903ms] [WARNING] Destination image width or height more than source
src: https://cdn1.tenchat.ru/static/vbc-gostinder/user-picture/30ae3f93-1798-419a-b693-70f654c69ef0.jpeg @ https://cdn2.tenchat.ru/_nuxt/fVY6jQV9.js:57
[  207903ms] [WARNING] Destination image width or height more than source
src: https://cdn1.tenchat.ru/static/vbc-gostinder/user-picture/30ae3f93-1798-419a-b693-70f654c69ef0.jpeg @ https://cdn2.tenchat.ru/_nuxt/fVY6jQV9.js:57
[  207904ms] [WARNING] Destination image width or height more than source
src: https://cdn1.tenchat.ru/static/vbc-gostinder/user-picture/30ae3f93-1798-419a-b693-70f654c69ef0.jpeg @ https://cdn2.tenchat.ru/_nuxt/fVY6jQV9.js:57
[  207904ms] [WARNING] Destination image width or height more than source
src: https://cdn1.tenchat.ru/static/vbc-gostinder/user-picture/30ae3f93-1798-419a-b693-70f654c69ef0.jpeg @ https://cdn2.tenchat.ru/_nuxt/fVY6jQV9.js:57
[  207904ms] [WARNING] Destination image width or height more than source
src: https://cdn1.tenchat.ru/static/vbc-gostinder/user-picture/30ae3f93-1798-419a-b693-70f654c69ef0.jpeg @ https://cdn2.tenchat.ru/_nuxt/fVY6jQV9.js:57
[  207904ms] [WARNING] Destination image width or height more than source
src: https://cdn1.tenchat.ru/static/vbc-gostinder/user-picture/30ae3f93-1798-419a-b693-70f654c69ef0.jpeg @ https://cdn2.tenchat.ru/_nuxt/fVY6jQV9.js:57
[  207912ms] [WARNING] Destination image width or height more than source
src: https://cdn1.tenchat.ru/static/vbc-gostinder/user-picture/c2ad99ad-207d-4db3-8250-68f028bbcc97.jpeg @ https://cdn2.tenchat.ru/_nuxt/fVY6jQV9.js:57
[  207912ms] [WARNING] Destination image width or height more than source
src: https://cdn1.tenchat.ru/static/vbc-gostinder/user-picture/c2ad99ad-207d-4db3-8250-68f028bbcc97.jpeg @ https://cdn2.tenchat.ru/_nuxt/fVY6jQV9.js:57
[  207912ms] [WARNING] Destination image width or height more than source
src: https://cdn1.tenchat.ru/static/vbc-gostinder/user-picture/c2ad99ad-207d-4db3-8250-68f028bbcc97.jpeg @ https://cdn2.tenchat.ru/_nuxt/fVY6jQV9.js:57
[  207912ms] [WARNING] Destination image width or height more than source
src: https://cdn1.tenchat.ru/static/vbc-gostinder/user-picture/c2ad99ad-207d-4db3-8250-68f028bbcc97.jpeg @ https://cdn2.tenchat.ru/_nuxt/fVY6jQV9.js:57
[  207913ms] [WARNING] Destination image width or height more than source
src: https://cdn1.tenchat.ru/static/vbc-gostinder/user-picture/c2ad99ad-207d-4db3-8250-68f028bbcc97.jpeg @ https://cdn2.tenchat.ru/_nuxt/fVY6jQV9.js:57
[  207913ms] [WARNING] Destination image width or height more than source
src: https://cdn1.tenchat.ru/static/vbc-gostinder/user-picture/c2ad99ad-207d-4db3-8250-68f028bbcc97.jpeg @ https://cdn2.tenchat.ru/_nuxt/fVY6jQV9.js:57
[  207913ms] [WARNING] Destination image width or height more than source
src: https://cdn1.tenchat.ru/static/vbc-gostinder/user-picture/c2ad99ad-207d-4db3-8250-68f028bbcc97.jpeg @ https://cdn2.tenchat.ru/_nuxt/fVY6jQV9.js:57
[  207913ms] [WARNING] Destination image width or height more than source
src: https://cdn1.tenchat.ru/static/vbc-gostinder/user-picture/c2ad99ad-207d-4db3-8250-68f028bbcc97.jpeg @ https://cdn2.tenchat.ru/_nuxt/fVY6jQV9.js:57
[  207914ms] [WARNING] Destination image width or height more than source
src: https://cdn1.tenchat.ru/static/vbc-gostinder/user-picture/c2ad99ad-207d-4db3-8250-68f028bbcc97.jpeg @ https://cdn2.tenchat.ru/_nuxt/fVY6jQV9.js:57
[  207914ms] [WARNING] Destination image width or height more than source
src: https://cdn1.tenchat.ru/static/vbc-gostinder/user-picture/c2ad99ad-207d-4db3-8250-68f028bbcc97.jpeg @ https://cdn2.tenchat.ru/_nuxt/fVY6jQV9.js:57
[  207914ms] [WARNING] Destination image width or height more than source
src: https://cdn1.tenchat.ru/static/vbc-gostinder/user-picture/c2ad99ad-207d-4db3-8250-68f028bbcc97.jpeg @ https://cdn2.tenchat.ru/_nuxt/fVY6jQV9.js:57
[  207914ms] [WARNING] Destination image width or height more than source
src: https://cdn1.tenchat.ru/static/vbc-gostinder/user-picture/c2ad99ad-207d-4db3-8250-68f028bbcc97.jpeg @ https://cdn2.tenchat.ru/_nuxt/fVY6jQV9.js:57
[  207915ms] [WARNING] Destination image width or height more than source
src: https://cdn1.tenchat.ru/static/vbc-gostinder/user-picture/c2ad99ad-207d-4db3-8250-68f028bbcc97.jpeg @ https://cdn2.tenchat.ru/_nuxt/fVY6jQV9.js:57
[  207915ms] [WARNING] Destination image width or height more than source
src: https://cdn1.tenchat.ru/static/vbc-gostinder/user-picture/c2ad99ad-207d-4db3-8250-68f028bbcc97.jpeg @ https://cdn2.tenchat.ru/_nuxt/fVY6jQV9.js:57
[  207915ms] [WARNING] Destination image width or height more than source
src: https://cdn1.tenchat.ru/static/vbc-gostinder/user-picture/c2ad99ad-207d-4db3-8250-68f028bbcc97.jpeg @ https://cdn2.tenchat.ru/_nuxt/fVY6jQV9.js:57
[  207915ms] [WARNING] Destination image width or height more than source
src: https://cdn1.tenchat.ru/static/vbc-gostinder/user-picture/c2ad99ad-207d-4db3-8250-68f028bbcc97.jpeg @ https://cdn2.tenchat.ru/_nuxt/fVY6jQV9.js:57
[  207916ms] [WARNING] Destination image width or height more than source
src: https://cdn1.tenchat.ru/static/vbc-gostinder/user-picture/c2ad99ad-207d-4db3-8250-68f028bbcc97.jpeg @ https://cdn2.tenchat.ru/_nuxt/fVY6jQV9.js:57
[  207916ms] [WARNING] Destination image width or height more than source
src: https://cdn1.tenchat.ru/static/vbc-gostinder/user-picture/c2ad99ad-207d-4db3-8250-68f028bbcc97.jpeg @ https://cdn2.tenchat.ru/_nuxt/fVY6jQV9.js:57
[  207916ms] [WARNING] Destination image width or height more than source
src: https://cdn1.tenchat.ru/static/vbc-gostinder/user-picture/c2ad99ad-207d-4db3-8250-68f028bbcc97.jpeg @ https://cdn2.tenchat.ru/_nuxt/fVY6jQV9.js:57
[  207916ms] [WARNING] Destination image width or height more than source
src: https://cdn1.tenchat.ru/static/vbc-gostinder/user-picture/c2ad99ad-207d-4db3-8250-68f028bbcc97.jpeg @ https://cdn2.tenchat.ru/_nuxt/fVY6jQV9.js:57
[  207917ms] [WARNING] Destination image width or height more than source
src: https://cdn1.tenchat.ru/static/vbc-gostinder/user-picture/c2ad99ad-207d-4db3-8250-68f028bbcc97.jpeg @ https://cdn2.tenchat.ru/_nuxt/fVY6jQV9.js:57
[  207917ms] [WARNING] Destination image width or height more than source
src: https://cdn1.tenchat.ru/static/vbc-gostinder/user-picture/c2ad99ad-207d-4db3-8250-68f028bbcc97.jpeg @ https://cdn2.tenchat.ru/_nuxt/fVY6jQV9.js:57
[  207917ms] [WARNING] Destination image width or height more than source
src: https://cdn1.tenchat.ru/static/vbc-gostinder/user-picture/c2ad99ad-207d-4db3-8250-68f028bbcc97.jpeg @ https://cdn2.tenchat.ru/_nuxt/fVY6jQV9.js:57
[  207917ms] [WARNING] Destination image width or height more than source
src: https://cdn1.tenchat.ru/static/vbc-gostinder/user-picture/c2ad99ad-207d-4db3-8250-68f028bbcc97.jpeg @ https://cdn2.tenchat.ru/_nuxt/fVY6jQV9.js:57
[  207918ms] [WARNING] Destination image width or height more than source
src: https://cdn1.tenchat.ru/static/vbc-gostinder/user-picture/c2ad99ad-207d-4db3-8250-68f028bbcc97.jpeg @ https://cdn2.tenchat.ru/_nuxt/fVY6jQV9.js:57
[  207918ms] [WARNING] Destination image width or height more than source
src: https://cdn1.tenchat.ru/static/vbc-gostinder/user-picture/c2ad99ad-207d-4db3-8250-68f028bbcc97.jpeg @ https://cdn2.tenchat.ru/_nuxt/fVY6jQV9.js:57
[  208656ms] [WARNING] It is recommended that a robustness level be specified. Not specifying the robustness level could result in unexpected behavior. @ https://smartcaptcha.yandexcloud.net/captchapgrd:0
[  212316ms] [WARNING] Destination image width or height more than source
src: https://cdn1.tenchat.ru/static/vbc-gostinder/user-picture/8a297dae-a2fa-4062-b9de-ee24b4ccb436.jpg @ https://cdn2.tenchat.ru/_nuxt/fVY6jQV9.js:57
[  212316ms] [WARNING] Destination image width or height more than source
src: https://cdn1.tenchat.ru/static/vbc-gostinder/user-picture/8a297dae-a2fa-4062-b9de-ee24b4ccb436.jpg @ https://cdn2.tenchat.ru/_nuxt/fVY6jQV9.js:57
[  212316ms] [WARNING] Destination image width or height more than source
src: https://cdn1.tenchat.ru/static/vbc-gostinder/user-picture/8a297dae-a2fa-4062-b9de-ee24b4ccb436.jpg @ https://cdn2.tenchat.ru/_nuxt/fVY6jQV9.js:57
[  212317ms] [WARNING] Destination image width or height more than source
src: https://cdn1.tenchat.ru/static/vbc-gostinder/user-picture/8a297dae-a2fa-4062-b9de-ee24b4ccb436.jpg @ https://cdn2.tenchat.ru/_nuxt/fVY6jQV9.js:57
[  212317ms] [WARNING] Destination image width or height more than source
src: https://cdn1.tenchat.ru/static/vbc-gostinder/user-picture/8a297dae-a2fa-4062-b9de-ee24b4ccb436.jpg @ https://cdn2.tenchat.ru/_nuxt/fVY6jQV9.js:57
[  212318ms] [WARNING] Destination image width or height more than source
src: https://cdn1.tenchat.ru/static/vbc-gostinder/user-picture/8a297dae-a2fa-4062-b9de-ee24b4ccb436.jpg @ https://cdn2.tenchat.ru/_nuxt/fVY6jQV9.js:57
[  212318ms] [WARNING] Destination image width or height more than source
src: https://cdn1.tenchat.ru/static/vbc-gostinder/user-picture/8a297dae-a2fa-4062-b9de-ee24b4ccb436.jpg @ https://cdn2.tenchat.ru/_nuxt/fVY6jQV9.js:57
[  212318ms] [WARNING] Destination image width or height more than source
src: https://cdn1.tenchat.ru/static/vbc-gostinder/user-picture/8a297dae-a2fa-4062-b9de-ee24b4ccb436.jpg @ https://cdn2.tenchat.ru/_nuxt/fVY6jQV9.js:57
[  212319ms] [WARNING] Destination image width or height more than source
src: https://cdn1.tenchat.ru/static/vbc-gostinder/user-picture/8a297dae-a2fa-4062-b9de-ee24b4ccb436.jpg @ https://cdn2.tenchat.ru/_nuxt/fVY6jQV9.js:57
[  212319ms] [WARNING] Destination image width or height more than source
src: https://cdn1.tenchat.ru/static/vbc-gostinder/user-picture/8a297dae-a2fa-4062-b9de-ee24b4ccb436.jpg @ https://cdn2.tenchat.ru/_nuxt/fVY6jQV9.js:57
[  212319ms] [WARNING] Destination image width or height more than source
src: https://cdn1.tenchat.ru/static/vbc-gostinder/user-picture/8a297dae-a2fa-4062-b9de-ee24b4ccb436.jpg @ https://cdn2.tenchat.ru/_nuxt/fVY6jQV9.js:57
[  212320ms] [WARNING] Destination image width or height more than source
src: https://cdn1.tenchat.ru/static/vbc-gostinder/user-picture/8a297dae-a2fa-4062-b9de-ee24b4ccb436.jpg @ https://cdn2.tenchat.ru/_nuxt/fVY6jQV9.js:57
[  212320ms] [WARNING] Destination image width or height more than source
src: https://cdn1.tenchat.ru/static/vbc-gostinder/user-picture/8a297dae-a2fa-4062-b9de-ee24b4ccb436.jpg @ https://cdn2.tenchat.ru/_nuxt/fVY6jQV9.js:57
[  212321ms] [WARNING] Destination image width or height more than source
src: https://cdn1.tenchat.ru/static/vbc-gostinder/user-picture/8a297dae-a2fa-4062-b9de-ee24b4ccb436.jpg @ https://cdn2.tenchat.ru/_nuxt/fVY6jQV9.js:57
[  212321ms] [WARNING] Destination image width or height more than source
src: https://cdn1.tenchat.ru/static/vbc-gostinder/user-picture/8a297dae-a2fa-4062-b9de-ee24b4ccb436.jpg @ https://cdn2.tenchat.ru/_nuxt/fVY6jQV9.js:57
[  212321ms] [WARNING] Destination image width or height more than source
src: https://cdn1.tenchat.ru/static/vbc-gostinder/user-picture/8a297dae-a2fa-4062-b9de-ee24b4ccb436.jpg @ https://cdn2.tenchat.ru/_nuxt/fVY6jQV9.js:57
[  212322ms] [WARNING] Destination image width or height more than source
src: https://cdn1.tenchat.ru/static/vbc-gostinder/user-picture/8a297dae-a2fa-4062-b9de-ee24b4ccb436.jpg @ https://cdn2.tenchat.ru/_nuxt/fVY6jQV9.js:57
[  212322ms] [WARNING] Destination image width or height more than source
src: https://cdn1.tenchat.ru/static/vbc-gostinder/user-picture/8a297dae-a2fa-4062-b9de-ee24b4ccb436.jpg @ https://cdn2.tenchat.ru/_nuxt/fVY6jQV9.js:57
[  212323ms] [WARNING] Destination image width or height more than source
src: https://cdn1.tenchat.ru/static/vbc-gostinder/user-picture/8a297dae-a2fa-4062-b9de-ee24b4ccb436.jpg @ https://cdn2.tenchat.ru/_nuxt/fVY6jQV9.js:57
[  212323ms] [WARNING] Destination image width or height more than source
src: https://cdn1.tenchat.ru/static/vbc-gostinder/user-picture/8a297dae-a2fa-4062-b9de-ee24b4ccb436.jpg @ https://cdn2.tenchat.ru/_nuxt/fVY6jQV9.js:57
[  212323ms] [WARNING] Destination image width or height more than source
src: https://cdn1.tenchat.ru/static/vbc-gostinder/user-picture/8a297dae-a2fa-4062-b9de-ee24b4ccb436.jpg @ https://cdn2.tenchat.ru/_nuxt/fVY6jQV9.js:57
[  212324ms] [WARNING] Destination image width or height more than source
src: https://cdn1.tenchat.ru/static/vbc-gostinder/user-picture/8a297dae-a2fa-4062-b9de-ee24b4ccb436.jpg @ https://cdn2.tenchat.ru/_nuxt/fVY6jQV9.js:57
[  212324ms] [WARNING] Destination image width or height more than source
src: https://cdn1.tenchat.ru/static/vbc-gostinder/user-picture/8a297dae-a2fa-4062-b9de-ee24b4ccb436.jpg @ https://cdn2.tenchat.ru/_nuxt/fVY6jQV9.js:57
[  212324ms] [WARNING] Destination image width or height more than source
src: https://cdn1.tenchat.ru/static/vbc-gostinder/user-picture/8a297dae-a2fa-4062-b9de-ee24b4ccb436.jpg @ https://cdn2.tenchat.ru/_nuxt/fVY6jQV9.js:57
[  212325ms] [WARNING] Destination image width or height more than source
src: https://cdn1.tenchat.ru/static/vbc-gostinder/user-picture/8a297dae-a2fa-4062-b9de-ee24b4ccb436.jpg @ https://cdn2.tenchat.ru/_nuxt/fVY6jQV9.js:57
[  212325ms] [WARNING] Destination image width or height more than source
src: https://cdn1.tenchat.ru/static/vbc-gostinder/user-picture/8a297dae-a2fa-4062-b9de-ee24b4ccb436.jpg @ https://cdn2.tenchat.ru/_nuxt/fVY6jQV9.js:57
[  212335ms] [WARNING] Destination image width or height more than source
src: https://cdn1.tenchat.ru/static/vbc-gostinder/user-picture/c6f538f6-0f5b-4fe1-a3c1-06623f454157.jpg @ https://cdn2.tenchat.ru/_nuxt/fVY6jQV9.js:57
[  212335ms] [WARNING] Destination image width or height more than source
src: https://cdn1.tenchat.ru/static/vbc-gostinder/user-picture/c6f538f6-0f5b-4fe1-a3c1-06623f454157.jpg @ https://cdn2.tenchat.ru/_nuxt/fVY6jQV9.js:57
[  212336ms] [WARNING] Destination image width or height more than source
src: https://cdn1.tenchat.ru/static/vbc-gostinder/user-picture/c6f538f6-0f5b-4fe1-a3c1-06623f454157.jpg @ https://cdn2.tenchat.ru/_nuxt/fVY6jQV9.js:57
[  212336ms] [WARNING] Destination image width or height more than source
src: https://cdn1.tenchat.ru/static/vbc-gostinder/user-picture/c6f538f6-0f5b-4fe1-a3c1-06623f454157.jpg @ https://cdn2.tenchat.ru/_nuxt/fVY6jQV9.js:57
[  212336ms] [WARNING] Destination image width or height more than source
src: https://cdn1.tenchat.ru/static/vbc-gostinder/user-picture/c6f538f6-0f5b-4fe1-a3c1-06623f454157.jpg @ https://cdn2.tenchat.ru/_nuxt/fVY6jQV9.js:57
[  212337ms] [WARNING] Destination image width or height more than source
src: https://cdn1.tenchat.ru/static/vbc-gostinder/user-picture/c6f538f6-0f5b-4fe1-a3c1-06623f454157.jpg @ https://cdn2.tenchat.ru/_nuxt/fVY6jQV9.js:57
[  212337ms] [WARNING] Destination image width or height more than source
src: https://cdn1.tenchat.ru/static/vbc-gostinder/user-picture/c6f538f6-0f5b-4fe1-a3c1-06623f454157.jpg @ https://cdn2.tenchat.ru/_nuxt/fVY6jQV9.js:57
[  212337ms] [WARNING] Destination image width or height more than source
src: https://cdn1.tenchat.ru/static/vbc-gostinder/user-picture/c6f538f6-0f5b-4fe1-a3c1-06623f454157.jpg @ https://cdn2.tenchat.ru/_nuxt/fVY6jQV9.js:57
[  212338ms] [WARNING] Destination image width or height more than source
src: https://cdn1.tenchat.ru/static/vbc-gostinder/user-picture/c6f538f6-0f5b-4fe1-a3c1-06623f454157.jpg @ https://cdn2.tenchat.ru/_nuxt/fVY6jQV9.js:57
[  212338ms] [WARNING] Destination image width or height more than source
src: https://cdn1.tenchat.ru/static/vbc-gostinder/user-picture/c6f538f6-0f5b-4fe1-a3c1-06623f454157.jpg @ https://cdn2.tenchat.ru/_nuxt/fVY6jQV9.js:57
[  212339ms] [WARNING] Destination image width or height more than source
src: https://cdn1.tenchat.ru/static/vbc-gostinder/user-picture/c6f538f6-0f5b-4fe1-a3c1-06623f454157.jpg @ https://cdn2.tenchat.ru/_nuxt/fVY6jQV9.js:57
[  212339ms] [WARNING] Destination image width or height more than source
src: https://cdn1.tenchat.ru/static/vbc-gostinder/user-picture/c6f538f6-0f5b-4fe1-a3c1-06623f454157.jpg @ https://cdn2.tenchat.ru/_nuxt/fVY6jQV9.js:57
[  212339ms] [WARNING] Destination image width or height more than source
src: https://cdn1.tenchat.ru/static/vbc-gostinder/user-picture/c6f538f6-0f5b-4fe1-a3c1-06623f454157.jpg @ https://cdn2.tenchat.ru/_nuxt/fVY6jQV9.js:57
[  212339ms] [WARNING] Destination image width or height more than source
src: https://cdn1.tenchat.ru/static/vbc-gostinder/user-picture/c6f538f6-0f5b-4fe1-a3c1-06623f454157.jpg @ https://cdn2.tenchat.ru/_nuxt/fVY6jQV9.js:57
[  212340ms] [WARNING] Destination image width or height more than source
src: https://cdn1.tenchat.ru/static/vbc-gostinder/user-picture/c6f538f6-0f5b-4fe1-a3c1-06623f454157.jpg @ https://cdn2.tenchat.ru/_nuxt/fVY6jQV9.js:57
[  212340ms] [WARNING] Destination image width or height more than source
src: https://cdn1.tenchat.ru/static/vbc-gostinder/user-picture/c6f538f6-0f5b-4fe1-a3c1-06623f454157.jpg @ https://cdn2.tenchat.ru/_nuxt/fVY6jQV9.js:57
[  212340ms] [WARNING] Destination image width or height more than source
src: https://cdn1.tenchat.ru/static/vbc-gostinder/user-picture/c6f538f6-0f5b-4fe1-a3c1-06623f454157.jpg @ https://cdn2.tenchat.ru/_nuxt/fVY6jQV9.js:57
[  212341ms] [WARNING] Destination image width or height more than source
src: https://cdn1.tenchat.ru/static/vbc-gostinder/user-picture/c6f538f6-0f5b-4fe1-a3c1-06623f454157.jpg @ https://cdn2.tenchat.ru/_nuxt/fVY6jQV9.js:57
[  212341ms] [WARNING] Destination image width or height more than source
src: https://cdn1.tenchat.ru/static/vbc-gostinder/user-picture/c6f538f6-0f5b-4fe1-a3c1-06623f454157.jpg @ https://cdn2.tenchat.ru/_nuxt/fVY6jQV9.js:57
[  212341ms] [WARNING] Destination image width or height more than source
src: https://cdn1.tenchat.ru/static/vbc-gostinder/user-picture/c6f538f6-0f5b-4fe1-a3c1-06623f454157.jpg @ https://cdn2.tenchat.ru/_nuxt/fVY6jQV9.js:57
[  212342ms] [WARNING] Destination image width or height more than source
src: https://cdn1.tenchat.ru/static/vbc-gostinder/user-picture/c6f538f6-0f5b-4fe1-a3c1-06623f454157.jpg @ https://cdn2.tenchat.ru/_nuxt/fVY6jQV9.js:57
[  212342ms] [WARNING] Destination image width or height more than source
src: https://cdn1.tenchat.ru/static/vbc-gostinder/user-picture/c6f538f6-0f5b-4fe1-a3c1-06623f454157.jpg @ https://cdn2.tenchat.ru/_nuxt/fVY6jQV9.js:57
[  212342ms] [WARNING] Destination image width or height more than source
src: https://cdn1.tenchat.ru/static/vbc-gostinder/user-picture/c6f538f6-0f5b-4fe1-a3c1-06623f454157.jpg @ https://cdn2.tenchat.ru/_nuxt/fVY6jQV9.js:57
[  212343ms] [WARNING] Destination image width or height more than source
src: https://cdn1.tenchat.ru/static/vbc-gostinder/user-picture/c6f538f6-0f5b-4fe1-a3c1-06623f454157.jpg @ https://cdn2.tenchat.ru/_nuxt/fVY6jQV9.js:57
[  212343ms] [WARNING] Destination image width or height more than source
src: https://cdn1.tenchat.ru/static/vbc-gostinder/user-picture/c6f538f6-0f5b-4fe1-a3c1-06623f454157.jpg @ https://cdn2.tenchat.ru/_nuxt/fVY6jQV9.js:57
[  212343ms] [WARNING] Destination image width or height more than source
src: https://cdn1.tenchat.ru/static/vbc-gostinder/user-picture/c6f538f6-0f5b-4fe1-a3c1-06623f454157.jpg @ https://cdn2.tenchat.ru/_nuxt/fVY6jQV9.js:57
[  212347ms] [WARNING] Destination image width or height more than source
src: https://cdn1.tenchat.ru/static/vbc-gostinder/user-picture/bb054bd3-9e83-4e73-9230-348de41760d1.jpeg @ https://cdn2.tenchat.ru/_nuxt/fVY6jQV9.js:57
[  212347ms] [WARNING] Destination image width or height more than source
src: https://cdn1.tenchat.ru/static/vbc-gostinder/user-picture/bb054bd3-9e83-4e73-9230-348de41760d1.jpeg @ https://cdn2.tenchat.ru/_nuxt/fVY6jQV9.js:57
[  212348ms] [WARNING] Destination image width or height more than source
src: https://cdn1.tenchat.ru/static/vbc-gostinder/user-picture/bb054bd3-9e83-4e73-9230-348de41760d1.jpeg @ https://cdn2.tenchat.ru/_nuxt/fVY6jQV9.js:57
[  212348ms] [WARNING] Destination image width or height more than source
src: https://cdn1.tenchat.ru/static/vbc-gostinder/user-picture/bb054bd3-9e83-4e73-9230-348de41760d1.jpeg @ https://cdn2.tenchat.ru/_nuxt/fVY6jQV9.js:57
[  212348ms] [WARNING] Destination image width or height more than source
src: https://cdn1.tenchat.ru/static/vbc-gostinder/user-picture/bb054bd3-9e83-4e73-9230-348de41760d1.jpeg @ https://cdn2.tenchat.ru/_nuxt/fVY6jQV9.js:57
[  212349ms] [WARNING] Destination image width or height more than source
src: https://cdn1.tenchat.ru/static/vbc-gostinder/user-picture/bb054bd3-9e83-4e73-9230-348de41760d1.jpeg @ https://cdn2.tenchat.ru/_nuxt/fVY6jQV9.js:57
[  212349ms] [WARNING] Destination image width or height more than source
src: https://cdn1.tenchat.ru/static/vbc-gostinder/user-picture/bb054bd3-9e83-4e73-9230-348de41760d1.jpeg @ https://cdn2.tenchat.ru/_nuxt/fVY6jQV9.js:57
[  212349ms] [WARNING] Destination image width or height more than source
src: https://cdn1.tenchat.ru/static/vbc-gostinder/user-picture/bb054bd3-9e83-4e73-9230-348de41760d1.jpeg @ https://cdn2.tenchat.ru/_nuxt/fVY6jQV9.js:57
[  212350ms] [WARNING] Destination image width or height more than source
src: https://cdn1.tenchat.ru/static/vbc-gostinder/user-picture/bb054bd3-9e83-4e73-9230-348de41760d1.jpeg @ https://cdn2.tenchat.ru/_nuxt/fVY6jQV9.js:57
[  212350ms] [WARNING] Destination image width or height more than source
src: https://cdn1.tenchat.ru/static/vbc-gostinder/user-picture/bb054bd3-9e83-4e73-9230-348de41760d1.jpeg @ https://cdn2.tenchat.ru/_nuxt/fVY6jQV9.js:57
[  212350ms] [WARNING] Destination image width or height more than source
src: https://cdn1.tenchat.ru/static/vbc-gostinder/user-picture/bb054bd3-9e83-4e73-9230-348de41760d1.jpeg @ https://cdn2.tenchat.ru/_nuxt/fVY6jQV9.js:57
[  212351ms] [WARNING] Destination image width or height more than source
src: https://cdn1.tenchat.ru/static/vbc-gostinder/user-picture/bb054bd3-9e83-4e73-9230-348de41760d1.jpeg @ https://cdn2.tenchat.ru/_nuxt/fVY6jQV9.js:57
[  212351ms] [WARNING] Destination image width or height more than source
src: https://cdn1.tenchat.ru/static/vbc-gostinder/user-picture/bb054bd3-9e83-4e73-9230-348de41760d1.jpeg @ https://cdn2.tenchat.ru/_nuxt/fVY6jQV9.js:57
[  212351ms] [WARNING] Destination image width or height more than source
src: https://cdn1.tenchat.ru/static/vbc-gostinder/user-picture/bb054bd3-9e83-4e73-9230-348de41760d1.jpeg @ https://cdn2.tenchat.ru/_nuxt/fVY6jQV9.js:57
[  212352ms] [WARNING] Destination image width or height more than source
src: https://cdn1.tenchat.ru/static/vbc-gostinder/user-picture/bb054bd3-9e83-4e73-9230-348de41760d1.jpeg @ https://cdn2.tenchat.ru/_nuxt/fVY6jQV9.js:57
[  212352ms] [WARNING] Destination image width or height more than source
src: https://cdn1.tenchat.ru/static/vbc-gostinder/user-picture/bb054bd3-9e83-4e73-9230-348de41760d1.jpeg @ https://cdn2.tenchat.ru/_nuxt/fVY6jQV9.js:57
[  212352ms] [WARNING] Destination image width or height more than source
src: https://cdn1.tenchat.ru/static/vbc-gostinder/user-picture/bb054bd3-9e83-4e73-9230-348de41760d1.jpeg @ https://cdn2.tenchat.ru/_nuxt/fVY6jQV9.js:57
[  212353ms] [WARNING] Destination image width or height more than source
src: https://cdn1.tenchat.ru/static/vbc-gostinder/user-picture/bb054bd3-9e83-4e73-9230-348de41760d1.jpeg @ https://cdn2.tenchat.ru/_nuxt/fVY6jQV9.js:57
[  212353ms] [WARNING] Destination image width or height more than source
src: https://cdn1.tenchat.ru/static/vbc-gostinder/user-picture/bb054bd3-9e83-4e73-9230-348de41760d1.jpeg @ https://cdn2.tenchat.ru/_nuxt/fVY6jQV9.js:57
[  212353ms] [WARNING] Destination image width or height more than source
src: https://cdn1.tenchat.ru/static/vbc-gostinder/user-picture/bb054bd3-9e83-4e73-9230-348de41760d1.jpeg @ https://cdn2.tenchat.ru/_nuxt/fVY6jQV9.js:57
[  212353ms] [WARNING] Destination image width or height more than source
src: https://cdn1.tenchat.ru/static/vbc-gostinder/user-picture/bb054bd3-9e83-4e73-9230-348de41760d1.jpeg @ https://cdn2.tenchat.ru/_nuxt/fVY6jQV9.js:57
[  212354ms] [WARNING] Destination image width or height more than source
src: https://cdn1.tenchat.ru/static/vbc-gostinder/user-picture/bb054bd3-9e83-4e73-9230-348de41760d1.jpeg @ https://cdn2.tenchat.ru/_nuxt/fVY6jQV9.js:57
[  212354ms] [WARNING] Destination image width or height more than source
src: https://cdn1.tenchat.ru/static/vbc-gostinder/user-picture/bb054bd3-9e83-4e73-9230-348de41760d1.jpeg @ https://cdn2.tenchat.ru/_nuxt/fVY6jQV9.js:57
[  212354ms] [WARNING] Destination image width or height more than source
src: https://cdn1.tenchat.ru/static/vbc-gostinder/user-picture/bb054bd3-9e83-4e73-9230-348de41760d1.jpeg @ https://cdn2.tenchat.ru/_nuxt/fVY6jQV9.js:57
[  212355ms] [WARNING] Destination image width or height more than source
src: https://cdn1.tenchat.ru/static/vbc-gostinder/user-picture/bb054bd3-9e83-4e73-9230-348de41760d1.jpeg @ https://cdn2.tenchat.ru/_nuxt/fVY6jQV9.js:57
[  212355ms] [WARNING] Destination image width or height more than source
src: https://cdn1.tenchat.ru/static/vbc-gostinder/user-picture/bb054bd3-9e83-4e73-9230-348de41760d1.jpeg @ https://cdn2.tenchat.ru/_nuxt/fVY6jQV9.js:57
[  212375ms] [WARNING] Destination image width or height more than source
src: https://cdn1.tenchat.ru/static/vbc-gostinder/user-picture/c2ad99ad-207d-4db3-8250-68f028bbcc97.jpeg @ https://cdn2.tenchat.ru/_nuxt/fVY6jQV9.js:57
[  212375ms] [WARNING] Destination image width or height more than source
src: https://cdn1.tenchat.ru/static/vbc-gostinder/user-picture/c2ad99ad-207d-4db3-8250-68f028bbcc97.jpeg @ https://cdn2.tenchat.ru/_nuxt/fVY6jQV9.js:57
[  212376ms] [WARNING] Destination image width or height more than source
src: https://cdn1.tenchat.ru/static/vbc-gostinder/user-picture/c2ad99ad-207d-4db3-8250-68f028bbcc97.jpeg @ https://cdn2.tenchat.ru/_nuxt/fVY6jQV9.js:57
[  212376ms] [WARNING] Destination image width or height more than source
src: https://cdn1.tenchat.ru/static/vbc-gostinder/user-picture/c2ad99ad-207d-4db3-8250-68f028bbcc97.jpeg @ https://cdn2.tenchat.ru/_nuxt/fVY6jQV9.js:57
[  212377ms] [WARNING] Destination image width or height more than source
src: https://cdn1.tenchat.ru/static/vbc-gostinder/user-picture/c2ad99ad-207d-4db3-8250-68f028bbcc97.jpeg @ https://cdn2.tenchat.ru/_nuxt/fVY6jQV9.js:57
[  212377ms] [WARNING] Destination image width or height more than source
src: https://cdn1.tenchat.ru/static/vbc-gostinder/user-picture/c2ad99ad-207d-4db3-8250-68f028bbcc97.jpeg @ https://cdn2.tenchat.ru/_nuxt/fVY6jQV9.js:57
[  212377ms] [WARNING] Destination image width or height more than source
src: https://cdn1.tenchat.ru/static/vbc-gostinder/user-picture/c2ad99ad-207d-4db3-8250-68f028bbcc97.jpeg @ https://cdn2.tenchat.ru/_nuxt/fVY6jQV9.js:57
[  212377ms] [WARNING] Destination image width or height more than source
src: https://cdn1.tenchat.ru/static/vbc-gostinder/user-picture/c2ad99ad-207d-4db3-8250-68f028bbcc97.jpeg @ https://cdn2.tenchat.ru/_nuxt/fVY6jQV9.js:57
[  212378ms] [WARNING] Destination image width or height more than source
src: https://cdn1.tenchat.ru/static/vbc-gostinder/user-picture/c2ad99ad-207d-4db3-8250-68f028bbcc97.jpeg @ https://cdn2.tenchat.ru/_nuxt/fVY6jQV9.js:57
[  212378ms] [WARNING] Destination image width or height more than source
src: https://cdn1.tenchat.ru/static/vbc-gostinder/user-picture/c2ad99ad-207d-4db3-8250-68f028bbcc97.jpeg @ https://cdn2.tenchat.ru/_nuxt/fVY6jQV9.js:57
[  212379ms] [WARNING] Destination image width or height more than source
src: https://cdn1.tenchat.ru/static/vbc-gostinder/user-picture/c2ad99ad-207d-4db3-8250-68f028bbcc97.jpeg @ https://cdn2.tenchat.ru/_nuxt/fVY6jQV9.js:57
[  212379ms] [WARNING] Destination image width or height more than source
src: https://cdn1.tenchat.ru/static/vbc-gostinder/user-picture/c2ad99ad-207d-4db3-8250-68f028bbcc97.jpeg @ https://cdn2.tenchat.ru/_nuxt/fVY6jQV9.js:57
[  212379ms] [WARNING] Destination image width or height more than source
src: https://cdn1.tenchat.ru/static/vbc-gostinder/user-picture/c2ad99ad-207d-4db3-8250-68f028bbcc97.jpeg @ https://cdn2.tenchat.ru/_nuxt/fVY6jQV9.js:57
[  212379ms] [WARNING] Destination image width or height more than source
src: https://cdn1.tenchat.ru/static/vbc-gostinder/user-picture/c2ad99ad-207d-4db3-8250-68f028bbcc97.jpeg @ https://cdn2.tenchat.ru/_nuxt/fVY6jQV9.js:57
[  212380ms] [WARNING] Destination image width or height more than source
src: https://cdn1.tenchat.ru/static/vbc-gostinder/user-picture/c2ad99ad-207d-4db3-8250-68f028bbcc97.jpeg @ https://cdn2.tenchat.ru/_nuxt/fVY6jQV9.js:57
[  212380ms] [WARNING] Destination image width or height more than source
src: https://cdn1.tenchat.ru/static/vbc-gostinder/user-picture/c2ad99ad-207d-4db3-8250-68f028bbcc97.jpeg @ https://cdn2.tenchat.ru/_nuxt/fVY6jQV9.js:57
[  212380ms] [WARNING] Destination image width or height more than source
src: https://cdn1.tenchat.ru/static/vbc-gostinder/user-picture/c2ad99ad-207d-4db3-8250-68f028bbcc97.jpeg @ https://cdn2.tenchat.ru/_nuxt/fVY6jQV9.js:57
[  212381ms] [WARNING] Destination image width or height more than source
src: https://cdn1.tenchat.ru/static/vbc-gostinder/user-picture/c2ad99ad-207d-4db3-8250-68f028bbcc97.jpeg @ https://cdn2.tenchat.ru/_nuxt/fVY6jQV9.js:57
[  212381ms] [WARNING] Destination image width or height more than source
src: https://cdn1.tenchat.ru/static/vbc-gostinder/user-picture/c2ad99ad-207d-4db3-8250-68f028bbcc97.jpeg @ https://cdn2.tenchat.ru/_nuxt/fVY6jQV9.js:57
[  212381ms] [WARNING] Destination image width or height more than source
src: https://cdn1.tenchat.ru/static/vbc-gostinder/user-picture/c2ad99ad-207d-4db3-8250-68f028bbcc97.jpeg @ https://cdn2.tenchat.ru/_nuxt/fVY6jQV9.js:57
[  212382ms] [WARNING] Destination image width or height more than source
src: https://cdn1.tenchat.ru/static/vbc-gostinder/user-picture/c2ad99ad-207d-4db3-8250-68f028bbcc97.jpeg @ https://cdn2.tenchat.ru/_nuxt/fVY6jQV9.js:57
[  212382ms] [WARNING] Destination image width or height more than source
src: https://cdn1.tenchat.ru/static/vbc-gostinder/user-picture/c2ad99ad-207d-4db3-8250-68f028bbcc97.jpeg @ https://cdn2.tenchat.ru/_nuxt/fVY6jQV9.js:57
[  212382ms] [WARNING] Destination image width or height more than source
src: https://cdn1.tenchat.ru/static/vbc-gostinder/user-picture/c2ad99ad-207d-4db3-8250-68f028bbcc97.jpeg @ https://cdn2.tenchat.ru/_nuxt/fVY6jQV9.js:57
[  212383ms] [WARNING] Destination image width or height more than source
src: https://cdn1.tenchat.ru/static/vbc-gostinder/user-picture/c2ad99ad-207d-4db3-8250-68f028bbcc97.jpeg @ https://cdn2.tenchat.ru/_nuxt/fVY6jQV9.js:57
[  212383ms] [WARNING] Destination image width or height more than source
src: https://cdn1.tenchat.ru/static/vbc-gostinder/user-picture/c2ad99ad-207d-4db3-8250-68f028bbcc97.jpeg @ https://cdn2.tenchat.ru/_nuxt/fVY6jQV9.js:57
[  212383ms] [WARNING] Destination image width or height more than source
src: https://cdn1.tenchat.ru/static/vbc-gostinder/user-picture/c2ad99ad-207d-4db3-8250-68f028bbcc97.jpeg @ https://cdn2.tenchat.ru/_nuxt/fVY6jQV9.js:57
[  212395ms] [WARNING] Destination image width or height more than source
src: https://cdn1.tenchat.ru/static/vbc-gostinder/user-picture/458f263b-6ecb-4c4a-93e4-f4b0a28f2279.jpeg @ https://cdn2.tenchat.ru/_nuxt/fVY6jQV9.js:57
[  212395ms] [WARNING] Destination image width or height more than source
src: https://cdn1.tenchat.ru/static/vbc-gostinder/user-picture/458f263b-6ecb-4c4a-93e4-f4b0a28f2279.jpeg @ https://cdn2.tenchat.ru/_nuxt/fVY6jQV9.js:57
[  212396ms] [WARNING] Destination image width or height more than source
src: https://cdn1.tenchat.ru/static/vbc-gostinder/user-picture/458f263b-6ecb-4c4a-93e4-f4b0a28f2279.jpeg @ https://cdn2.tenchat.ru/_nuxt/fVY6jQV9.js:57
[  212396ms] [WARNING] Destination image width or height more than source
src: https://cdn1.tenchat.ru/static/vbc-gostinder/user-picture/458f263b-6ecb-4c4a-93e4-f4b0a28f2279.jpeg @ https://cdn2.tenchat.ru/_nuxt/fVY6jQV9.js:57
[  212396ms] [WARNING] Destination image width or height more than source
src: https://cdn1.tenchat.ru/static/vbc-gostinder/user-picture/458f263b-6ecb-4c4a-93e4-f4b0a28f2279.jpeg @ https://cdn2.tenchat.ru/_nuxt/fVY6jQV9.js:57
[  212397ms] [WARNING] Destination image width or height more than source
src: https://cdn1.tenchat.ru/static/vbc-gostinder/user-picture/458f263b-6ecb-4c4a-93e4-f4b0a28f2279.jpeg @ https://cdn2.tenchat.ru/_nuxt/fVY6jQV9.js:57
[  212397ms] [WARNING] Destination image width or height more than source
src: https://cdn1.tenchat.ru/static/vbc-gostinder/user-picture/458f263b-6ecb-4c4a-93e4-f4b0a28f2279.jpeg @ https://cdn2.tenchat.ru/_nuxt/fVY6jQV9.js:57
[  212397ms] [WARNING] Destination image width or height more than source
src: https://cdn1.tenchat.ru/static/vbc-gostinder/user-picture/458f263b-6ecb-4c4a-93e4-f4b0a28f2279.jpeg @ https://cdn2.tenchat.ru/_nuxt/fVY6jQV9.js:57
[  212398ms] [WARNING] Destination image width or height more than source
src: https://cdn1.tenchat.ru/static/vbc-gostinder/user-picture/458f263b-6ecb-4c4a-93e4-f4b0a28f2279.jpeg @ https://cdn2.tenchat.ru/_nuxt/fVY6jQV9.js:57
[  212398ms] [WARNING] Destination image width or height more than source
src: https://cdn1.tenchat.ru/static/vbc-gostinder/user-picture/458f263b-6ecb-4c4a-93e4-f4b0a28f2279.jpeg @ https://cdn2.tenchat.ru/_nuxt/fVY6jQV9.js:57
[  212398ms] [WARNING] Destination image width or height more than source
src: https://cdn1.tenchat.ru/static/vbc-gostinder/user-picture/458f263b-6ecb-4c4a-93e4-f4b0a28f2279.jpeg @ https://cdn2.tenchat.ru/_nuxt/fVY6jQV9.js:57
[  212399ms] [WARNING] Destination image width or height more than source
src: https://cdn1.tenchat.ru/static/vbc-gostinder/user-picture/458f263b-6ecb-4c4a-93e4-f4b0a28f2279.jpeg @ https://cdn2.tenchat.ru/_nuxt/fVY6jQV9.js:57
[  212399ms] [WARNING] Destination image width or height more than source
src: https://cdn1.tenchat.ru/static/vbc-gostinder/user-picture/458f263b-6ecb-4c4a-93e4-f4b0a28f2279.jpeg @ https://cdn2.tenchat.ru/_nuxt/fVY6jQV9.js:57
[  212400ms] [WARNING] Destination image width or height more than source
src: https://cdn1.tenchat.ru/static/vbc-gostinder/user-picture/458f263b-6ecb-4c4a-93e4-f4b0a28f2279.jpeg @ https://cdn2.tenchat.ru/_nuxt/fVY6jQV9.js:57
[  212400ms] [WARNING] Destination image width or height more than source
src: https://cdn1.tenchat.ru/static/vbc-gostinder/user-picture/458f263b-6ecb-4c4a-93e4-f4b0a28f2279.jpeg @ https://cdn2.tenchat.ru/_nuxt/fVY6jQV9.js:57
[  212400ms] [WARNING] Destination image width or height more than source
src: https://cdn1.tenchat.ru/static/vbc-gostinder/user-picture/458f263b-6ecb-4c4a-93e4-f4b0a28f2279.jpeg @ https://cdn2.tenchat.ru/_nuxt/fVY6jQV9.js:57
[  212401ms] [WARNING] Destination image width or height more than source
src: https://cdn1.tenchat.ru/static/vbc-gostinder/user-picture/458f263b-6ecb-4c4a-93e4-f4b0a28f2279.jpeg @ https://cdn2.tenchat.ru/_nuxt/fVY6jQV9.js:57
[  212401ms] [WARNING] Destination image width or height more than source
src: https://cdn1.tenchat.ru/static/vbc-gostinder/user-picture/458f263b-6ecb-4c4a-93e4-f4b0a28f2279.jpeg @ https://cdn2.tenchat.ru/_nuxt/fVY6jQV9.js:57
[  212401ms] [WARNING] Destination image width or height more than source
src: https://cdn1.tenchat.ru/static/vbc-gostinder/user-picture/458f263b-6ecb-4c4a-93e4-f4b0a28f2279.jpeg @ https://cdn2.tenchat.ru/_nuxt/fVY6jQV9.js:57
[  212402ms] [WARNING] Destination image width or height more than source
src: https://cdn1.tenchat.ru/static/vbc-gostinder/user-picture/458f263b-6ecb-4c4a-93e4-f4b0a28f2279.jpeg @ https://cdn2.tenchat.ru/_nuxt/fVY6jQV9.js:57
[  212402ms] [WARNING] Destination image width or height more than source
src: https://cdn1.tenchat.ru/static/vbc-gostinder/user-picture/458f263b-6ecb-4c4a-93e4-f4b0a28f2279.jpeg @ https://cdn2.tenchat.ru/_nuxt/fVY6jQV9.js:57
[  212402ms] [WARNING] Destination image width or height more than source
src: https://cdn1.tenchat.ru/static/vbc-gostinder/user-picture/458f263b-6ecb-4c4a-93e4-f4b0a28f2279.jpeg @ https://cdn2.tenchat.ru/_nuxt/fVY6jQV9.js:57
[  212402ms] [WARNING] Destination image width or height more than source
src: https://cdn1.tenchat.ru/static/vbc-gostinder/user-picture/458f263b-6ecb-4c4a-93e4-f4b0a28f2279.jpeg @ https://cdn2.tenchat.ru/_nuxt/fVY6jQV9.js:57
[  212403ms] [WARNING] Destination image width or height more than source
src: https://cdn1.tenchat.ru/static/vbc-gostinder/user-picture/458f263b-6ecb-4c4a-93e4-f4b0a28f2279.jpeg @ https://cdn2.tenchat.ru/_nuxt/fVY6jQV9.js:57
[  212403ms] [WARNING] Destination image width or height more than source
src: https://cdn1.tenchat.ru/static/vbc-gostinder/user-picture/458f263b-6ecb-4c4a-93e4-f4b0a28f2279.jpeg @ https://cdn2.tenchat.ru/_nuxt/fVY6jQV9.js:57
[  212403ms] [WARNING] Destination image width or height more than source
src: https://cdn1.tenchat.ru/static/vbc-gostinder/user-picture/458f263b-6ecb-4c4a-93e4-f4b0a28f2279.jpeg @ https://cdn2.tenchat.ru/_nuxt/fVY6jQV9.js:57
[  212404ms] [WARNING] Destination image width or height more than source
src: https://cdn1.tenchat.ru/static/vbc-gostinder/user-picture/458f263b-6ecb-4c4a-93e4-f4b0a28f2279.jpeg @ https://cdn2.tenchat.ru/_nuxt/fVY6jQV9.js:57
[  212404ms] [WARNING] Destination image width or height more than source
src: https://cdn1.tenchat.ru/static/vbc-gostinder/user-picture/458f263b-6ecb-4c4a-93e4-f4b0a28f2279.jpeg @ https://cdn2.tenchat.ru/_nuxt/fVY6jQV9.js:57
[  212404ms] [WARNING] Destination image width or height more than source
src: https://cdn1.tenchat.ru/static/vbc-gostinder/user-picture/458f263b-6ecb-4c4a-93e4-f4b0a28f2279.jpeg @ https://cdn2.tenchat.ru/_nuxt/fVY6jQV9.js:57
[  212405ms] [WARNING] Destination image width or height more than source
src: https://cdn1.tenchat.ru/static/vbc-gostinder/user-picture/458f263b-6ecb-4c4a-93e4-f4b0a28f2279.jpeg @ https://cdn2.tenchat.ru/_nuxt/fVY6jQV9.js:57
[  212405ms] [WARNING] Destination image width or height more than source
src: https://cdn1.tenchat.ru/static/vbc-gostinder/user-picture/458f263b-6ecb-4c4a-93e4-f4b0a28f2279.jpeg @ https://cdn2.tenchat.ru/_nuxt/fVY6jQV9.js:57
[  212405ms] [WARNING] Destination image width or height more than source
src: https://cdn1.tenchat.ru/static/vbc-gostinder/user-picture/458f263b-6ecb-4c4a-93e4-f4b0a28f2279.jpeg @ https://cdn2.tenchat.ru/_nuxt/fVY6jQV9.js:57
[  212406ms] [WARNING] Destination image width or height more than source
src: https://cdn1.tenchat.ru/static/vbc-gostinder/user-picture/458f263b-6ecb-4c4a-93e4-f4b0a28f2279.jpeg @ https://cdn2.tenchat.ru/_nuxt/fVY6jQV9.js:57
[  212406ms] [WARNING] Destination image width or height more than source
src: https://cdn1.tenchat.ru/static/vbc-gostinder/user-picture/458f263b-6ecb-4c4a-93e4-f4b0a28f2279.jpeg @ https://cdn2.tenchat.ru/_nuxt/fVY6jQV9.js:57
[  212406ms] [WARNING] Destination image width or height more than source
src: https://cdn1.tenchat.ru/static/vbc-gostinder/user-picture/458f263b-6ecb-4c4a-93e4-f4b0a28f2279.jpeg @ https://cdn2.tenchat.ru/_nuxt/fVY6jQV9.js:57
[  212407ms] [WARNING] Destination image width or height more than source
src: https://cdn1.tenchat.ru/static/vbc-gostinder/user-picture/458f263b-6ecb-4c4a-93e4-f4b0a28f2279.jpeg @ https://cdn2.tenchat.ru/_nuxt/fVY6jQV9.js:57
[  212407ms] [WARNING] Destination image width or height more than source
src: https://cdn1.tenchat.ru/static/vbc-gostinder/user-picture/458f263b-6ecb-4c4a-93e4-f4b0a28f2279.jpeg @ https://cdn2.tenchat.ru/_nuxt/fVY6jQV9.js:57
[  212407ms] [WARNING] Destination image width or height more than source
src: https://cdn1.tenchat.ru/static/vbc-gostinder/user-picture/458f263b-6ecb-4c4a-93e4-f4b0a28f2279.jpeg @ https://cdn2.tenchat.ru/_nuxt/fVY6jQV9.js:57
[  212408ms] [WARNING] Destination image width or height more than source
src: https://cdn1.tenchat.ru/static/vbc-gostinder/user-picture/458f263b-6ecb-4c4a-93e4-f4b0a28f2279.jpeg @ https://cdn2.tenchat.ru/_nuxt/fVY6jQV9.js:57
[  212408ms] [WARNING] Destination image width or height more than source
src: https://cdn1.tenchat.ru/static/vbc-gostinder/user-picture/458f263b-6ecb-4c4a-93e4-f4b0a28f2279.jpeg @ https://cdn2.tenchat.ru/_nuxt/fVY6jQV9.js:57
[  212408ms] [WARNING] Destination image width or height more than source
src: https://cdn1.tenchat.ru/static/vbc-gostinder/user-picture/458f263b-6ecb-4c4a-93e4-f4b0a28f2279.jpeg @ https://cdn2.tenchat.ru/_nuxt/fVY6jQV9.js:57
[  212409ms] [WARNING] Destination image width or height more than source
src: https://cdn1.tenchat.ru/static/vbc-gostinder/user-picture/458f263b-6ecb-4c4a-93e4-f4b0a28f2279.jpeg @ https://cdn2.tenchat.ru/_nuxt/fVY6jQV9.js:57
[  212409ms] [WARNING] Destination image width or height more than source
src: https://cdn1.tenchat.ru/static/vbc-gostinder/user-picture/458f263b-6ecb-4c4a-93e4-f4b0a28f2279.jpeg @ https://cdn2.tenchat.ru/_nuxt/fVY6jQV9.js:57
[  212409ms] [WARNING] Destination image width or height more than source
src: https://cdn1.tenchat.ru/static/vbc-gostinder/user-picture/458f263b-6ecb-4c4a-93e4-f4b0a28f2279.jpeg @ https://cdn2.tenchat.ru/_nuxt/fVY6jQV9.js:57
[  212410ms] [WARNING] Destination image width or height more than source
src: https://cdn1.tenchat.ru/static/vbc-gostinder/user-picture/458f263b-6ecb-4c4a-93e4-f4b0a28f2279.jpeg @ https://cdn2.tenchat.ru/_nuxt/fVY6jQV9.js:57
[  212410ms] [WARNING] Destination image width or height more than source
src: https://cdn1.tenchat.ru/static/vbc-gostinder/user-picture/458f263b-6ecb-4c4a-93e4-f4b0a28f2279.jpeg @ https://cdn2.tenchat.ru/_nuxt/fVY6jQV9.js:57
[  212410ms] [WARNING] Destination image width or height more than source
src: https://cdn1.tenchat.ru/static/vbc-gostinder/user-picture/458f263b-6ecb-4c4a-93e4-f4b0a28f2279.jpeg @ https://cdn2.tenchat.ru/_nuxt/fVY6jQV9.js:57
[  212410ms] [WARNING] Destination image width or height more than source
src: https://cdn1.tenchat.ru/static/vbc-gostinder/user-picture/458f263b-6ecb-4c4a-93e4-f4b0a28f2279.jpeg @ https://cdn2.tenchat.ru/_nuxt/fVY6jQV9.js:57
[  212411ms] [WARNING] Destination image width or height more than source
src: https://cdn1.tenchat.ru/static/vbc-gostinder/user-picture/458f263b-6ecb-4c4a-93e4-f4b0a28f2279.jpeg @ https://cdn2.tenchat.ru/_nuxt/fVY6jQV9.js:57
[  212411ms] [WARNING] Destination image width or height more than source
src: https://cdn1.tenchat.ru/static/vbc-gostinder/user-picture/458f263b-6ecb-4c4a-93e4-f4b0a28f2279.jpeg @ https://cdn2.tenchat.ru/_nuxt/fVY6jQV9.js:57
[  212411ms] [WARNING] Destination image width or height more than source
src: https://cdn1.tenchat.ru/static/vbc-gostinder/user-picture/458f263b-6ecb-4c4a-93e4-f4b0a28f2279.jpeg @ https://cdn2.tenchat.ru/_nuxt/fVY6jQV9.js:57
[  212412ms] [WARNING] Destination image width or height more than source
src: https://cdn1.tenchat.ru/static/vbc-gostinder/user-picture/458f263b-6ecb-4c4a-93e4-f4b0a28f2279.jpeg @ https://cdn2.tenchat.ru/_nuxt/fVY6jQV9.js:57
[  212412ms] [WARNING] Destination image width or height more than source
src: https://cdn1.tenchat.ru/static/vbc-gostinder/user-picture/458f263b-6ecb-4c4a-93e4-f4b0a28f2279.jpeg @ https://cdn2.tenchat.ru/_nuxt/fVY6jQV9.js:57
[  212419ms] [WARNING] Destination image width or height more than source
src: https://cdn1.tenchat.ru/static/vbc-gostinder/user-picture/2ad269f7-363a-489f-b5cf-158dd0b8a0c6.jpg @ https://cdn2.tenchat.ru/_nuxt/fVY6jQV9.js:57
[  212420ms] [WARNING] Destination image width or height more than source
src: https://cdn1.tenchat.ru/static/vbc-gostinder/user-picture/2ad269f7-363a-489f-b5cf-158dd0b8a0c6.jpg @ https://cdn2.tenchat.ru/_nuxt/fVY6jQV9.js:57
[  212420ms] [WARNING] Destination image width or height more than source
src: https://cdn1.tenchat.ru/static/vbc-gostinder/user-picture/2ad269f7-363a-489f-b5cf-158dd0b8a0c6.jpg @ https://cdn2.tenchat.ru/_nuxt/fVY6jQV9.js:57
[  212420ms] [WARNING] Destination image width or height more than source
src: https://cdn1.tenchat.ru/static/vbc-gostinder/user-picture/2ad269f7-363a-489f-b5cf-158dd0b8a0c6.jpg @ https://cdn2.tenchat.ru/_nuxt/fVY6jQV9.js:57
[  212421ms] [WARNING] Destination image width or height more than source
src: https://cdn1.tenchat.ru/static/vbc-gostinder/user-picture/2ad269f7-363a-489f-b5cf-158dd0b8a0c6.jpg @ https://cdn2.tenchat.ru/_nuxt/fVY6jQV9.js:57
[  212421ms] [WARNING] Destination image width or height more than source
src: https://cdn1.tenchat.ru/static/vbc-gostinder/user-picture/2ad269f7-363a-489f-b5cf-158dd0b8a0c6.jpg @ https://cdn2.tenchat.ru/_nuxt/fVY6jQV9.js:57
[  212421ms] [WARNING] Destination image width or height more than source
src: https://cdn1.tenchat.ru/static/vbc-gostinder/user-picture/2ad269f7-363a-489f-b5cf-158dd0b8a0c6.jpg @ https://cdn2.tenchat.ru/_nuxt/fVY6jQV9.js:57
[  212422ms] [WARNING] Destination image width or height more than source
src: https://cdn1.tenchat.ru/static/vbc-gostinder/user-picture/2ad269f7-363a-489f-b5cf-158dd0b8a0c6.jpg @ https://cdn2.tenchat.ru/_nuxt/fVY6jQV9.js:57
[  212422ms] [WARNING] Destination image width or height more than source
src: https://cdn1.tenchat.ru/static/vbc-gostinder/user-picture/2ad269f7-363a-489f-b5cf-158dd0b8a0c6.jpg @ https://cdn2.tenchat.ru/_nuxt/fVY6jQV9.js:57
[  212422ms] [WARNING] Destination image width or height more than source
src: https://cdn1.tenchat.ru/static/vbc-gostinder/user-picture/2ad269f7-363a-489f-b5cf-158dd0b8a0c6.jpg @ https://cdn2.tenchat.ru/_nuxt/fVY6jQV9.js:57
[  212423ms] [WARNING] Destination image width or height more than source
src: https://cdn1.tenchat.ru/static/vbc-gostinder/user-picture/2ad269f7-363a-489f-b5cf-158dd0b8a0c6.jpg @ https://cdn2.tenchat.ru/_nuxt/fVY6jQV9.js:57
[  212423ms] [WARNING] Destination image width or height more than source
src: https://cdn1.tenchat.ru/static/vbc-gostinder/user-picture/2ad269f7-363a-489f-b5cf-158dd0b8a0c6.jpg @ https://cdn2.tenchat.ru/_nuxt/fVY6jQV9.js:57
[  212423ms] [WARNING] Destination image width or height more than source
src: https://cdn1.tenchat.ru/static/vbc-gostinder/user-picture/2ad269f7-363a-489f-b5cf-158dd0b8a0c6.jpg @ https://cdn2.tenchat.ru/_nuxt/fVY6jQV9.js:57
[  212423ms] [WARNING] Destination image width or height more than source
src: https://cdn1.tenchat.ru/static/vbc-gostinder/user-picture/2ad269f7-363a-489f-b5cf-158dd0b8a0c6.jpg @ https://cdn2.tenchat.ru/_nuxt/fVY6jQV9.js:57
[  212424ms] [WARNING] Destination image width or height more than source
src: https://cdn1.tenchat.ru/static/vbc-gostinder/user-picture/2ad269f7-363a-489f-b5cf-158dd0b8a0c6.jpg @ https://cdn2.tenchat.ru/_nuxt/fVY6jQV9.js:57
[  212424ms] [WARNING] Destination image width or height more than source
src: https://cdn1.tenchat.ru/static/vbc-gostinder/user-picture/2ad269f7-363a-489f-b5cf-158dd0b8a0c6.jpg @ https://cdn2.tenchat.ru/_nuxt/fVY6jQV9.js:57
[  212424ms] [WARNING] Destination image width or height more than source
src: https://cdn1.tenchat.ru/static/vbc-gostinder/user-picture/2ad269f7-363a-489f-b5cf-158dd0b8a0c6.jpg @ https://cdn2.tenchat.ru/_nuxt/fVY6jQV9.js:57
[  212425ms] [WARNING] Destination image width or height more than source
src: https://cdn1.tenchat.ru/static/vbc-gostinder/user-picture/2ad269f7-363a-489f-b5cf-158dd0b8a0c6.jpg @ https://cdn2.tenchat.ru/_nuxt/fVY6jQV9.js:57
[  212425ms] [WARNING] Destination image width or height more than source
src: https://cdn1.tenchat.ru/static/vbc-gostinder/user-picture/2ad269f7-363a-489f-b5cf-158dd0b8a0c6.jpg @ https://cdn2.tenchat.ru/_nuxt/fVY6jQV9.js:57
[  212425ms] [WARNING] Destination image width or height more than source
src: https://cdn1.tenchat.ru/static/vbc-gostinder/user-picture/2ad269f7-363a-489f-b5cf-158dd0b8a0c6.jpg @ https://cdn2.tenchat.ru/_nuxt/fVY6jQV9.js:57
[  212426ms] [WARNING] Destination image width or height more than source
src: https://cdn1.tenchat.ru/static/vbc-gostinder/user-picture/2ad269f7-363a-489f-b5cf-158dd0b8a0c6.jpg @ https://cdn2.tenchat.ru/_nuxt/fVY6jQV9.js:57
[  212426ms] [WARNING] Destination image width or height more than source
src: https://cdn1.tenchat.ru/static/vbc-gostinder/user-picture/2ad269f7-363a-489f-b5cf-158dd0b8a0c6.jpg @ https://cdn2.tenchat.ru/_nuxt/fVY6jQV9.js:57
[  212426ms] [WARNING] Destination image width or height more than source
src: https://cdn1.tenchat.ru/static/vbc-gostinder/user-picture/2ad269f7-363a-489f-b5cf-158dd0b8a0c6.jpg @ https://cdn2.tenchat.ru/_nuxt/fVY6jQV9.js:57
[  212426ms] [WARNING] Destination image width or height more than source
src: https://cdn1.tenchat.ru/static/vbc-gostinder/user-picture/2ad269f7-363a-489f-b5cf-158dd0b8a0c6.jpg @ https://cdn2.tenchat.ru/_nuxt/fVY6jQV9.js:57
[  212427ms] [WARNING] Destination image width or height more than source
src: https://cdn1.tenchat.ru/static/vbc-gostinder/user-picture/2ad269f7-363a-489f-b5cf-158dd0b8a0c6.jpg @ https://cdn2.tenchat.ru/_nuxt/fVY6jQV9.js:57
[  212427ms] [WARNING] Destination image width or height more than source
src: https://cdn1.tenchat.ru/static/vbc-gostinder/user-picture/2ad269f7-363a-489f-b5cf-158dd0b8a0c6.jpg @ https://cdn2.tenchat.ru/_nuxt/fVY6jQV9.js:57
[  212427ms] [WARNING] Destination image width or height more than source
src: https://cdn1.tenchat.ru/static/vbc-gostinder/user-picture/2ad269f7-363a-489f-b5cf-158dd0b8a0c6.jpg @ https://cdn2.tenchat.ru/_nuxt/fVY6jQV9.js:57
[  212428ms] [WARNING] Destination image width or height more than source
src: https://cdn1.tenchat.ru/static/vbc-gostinder/user-picture/2ad269f7-363a-489f-b5cf-158dd0b8a0c6.jpg @ https://cdn2.tenchat.ru/_nuxt/fVY6jQV9.js:57
[  212428ms] [WARNING] Destination image width or height more than source
src: https://cdn1.tenchat.ru/static/vbc-gostinder/user-picture/2ad269f7-363a-489f-b5cf-158dd0b8a0c6.jpg @ https://cdn2.tenchat.ru/_nuxt/fVY6jQV9.js:57
[  212428ms] [WARNING] Destination image width or height more than source
src: https://cdn1.tenchat.ru/static/vbc-gostinder/user-picture/2ad269f7-363a-489f-b5cf-158dd0b8a0c6.jpg @ https://cdn2.tenchat.ru/_nuxt/fVY6jQV9.js:57
[  212429ms] [WARNING] Destination image width or height more than source
src: https://cdn1.tenchat.ru/static/vbc-gostinder/user-picture/2ad269f7-363a-489f-b5cf-158dd0b8a0c6.jpg @ https://cdn2.tenchat.ru/_nuxt/fVY6jQV9.js:57
[  212429ms] [WARNING] Destination image width or height more than source
src: https://cdn1.tenchat.ru/static/vbc-gostinder/user-picture/2ad269f7-363a-489f-b5cf-158dd0b8a0c6.jpg @ https://cdn2.tenchat.ru/_nuxt/fVY6jQV9.js:57
[  212429ms] [WARNING] Destination image width or height more than source
src: https://cdn1.tenchat.ru/static/vbc-gostinder/user-picture/2ad269f7-363a-489f-b5cf-158dd0b8a0c6.jpg @ https://cdn2.tenchat.ru/_nuxt/fVY6jQV9.js:57
[  212430ms] [WARNING] Destination image width or height more than source
src: https://cdn1.tenchat.ru/static/vbc-gostinder/user-picture/2ad269f7-363a-489f-b5cf-158dd0b8a0c6.jpg @ https://cdn2.tenchat.ru/_nuxt/fVY6jQV9.js:57
[  212430ms] [WARNING] Destination image width or height more than source
src: https://cdn1.tenchat.ru/static/vbc-gostinder/user-picture/2ad269f7-363a-489f-b5cf-158dd0b8a0c6.jpg @ https://cdn2.tenchat.ru/_nuxt/fVY6jQV9.js:57
[  212430ms] [WARNING] Destination image width or height more than source
src: https://cdn1.tenchat.ru/static/vbc-gostinder/user-picture/2ad269f7-363a-489f-b5cf-158dd0b8a0c6.jpg @ https://cdn2.tenchat.ru/_nuxt/fVY6jQV9.js:57
[  212431ms] [WARNING] Destination image width or height more than source
src: https://cdn1.tenchat.ru/static/vbc-gostinder/user-picture/2ad269f7-363a-489f-b5cf-158dd0b8a0c6.jpg @ https://cdn2.tenchat.ru/_nuxt/fVY6jQV9.js:57
[  212431ms] [WARNING] Destination image width or height more than source
src: https://cdn1.tenchat.ru/static/vbc-gostinder/user-picture/2ad269f7-363a-489f-b5cf-158dd0b8a0c6.jpg @ https://cdn2.tenchat.ru/_nuxt/fVY6jQV9.js:57
[  212431ms] [WARNING] Destination image width or height more than source
src: https://cdn1.tenchat.ru/static/vbc-gostinder/user-picture/2ad269f7-363a-489f-b5cf-158dd0b8a0c6.jpg @ https://cdn2.tenchat.ru/_nuxt/fVY6jQV9.js:57
[  212432ms] [WARNING] Destination image width or height more than source
src: https://cdn1.tenchat.ru/static/vbc-gostinder/user-picture/2ad269f7-363a-489f-b5cf-158dd0b8a0c6.jpg @ https://cdn2.tenchat.ru/_nuxt/fVY6jQV9.js:57
[  212432ms] [WARNING] Destination image width or height more than source
src: https://cdn1.tenchat.ru/static/vbc-gostinder/user-picture/2ad269f7-363a-489f-b5cf-158dd0b8a0c6.jpg @ https://cdn2.tenchat.ru/_nuxt/fVY6jQV9.js:57
[  212432ms] [WARNING] Destination image width or height more than source
src: https://cdn1.tenchat.ru/static/vbc-gostinder/user-picture/2ad269f7-363a-489f-b5cf-158dd0b8a0c6.jpg @ https://cdn2.tenchat.ru/_nuxt/fVY6jQV9.js:57
[  212433ms] [WARNING] Destination image width or height more than source
src: https://cdn1.tenchat.ru/static/vbc-gostinder/user-picture/2ad269f7-363a-489f-b5cf-158dd0b8a0c6.jpg @ https://cdn2.tenchat.ru/_nuxt/fVY6jQV9.js:57
[  212433ms] [WARNING] Destination image width or height more than source
src: https://cdn1.tenchat.ru/static/vbc-gostinder/user-picture/2ad269f7-363a-489f-b5cf-158dd0b8a0c6.jpg @ https://cdn2.tenchat.ru/_nuxt/fVY6jQV9.js:57
[  212433ms] [WARNING] Destination image width or height more than source
src: https://cdn1.tenchat.ru/static/vbc-gostinder/user-picture/2ad269f7-363a-489f-b5cf-158dd0b8a0c6.jpg @ https://cdn2.tenchat.ru/_nuxt/fVY6jQV9.js:57
[  212434ms] [WARNING] Destination image width or height more than source
src: https://cdn1.tenchat.ru/static/vbc-gostinder/user-picture/2ad269f7-363a-489f-b5cf-158dd0b8a0c6.jpg @ https://cdn2.tenchat.ru/_nuxt/fVY6jQV9.js:57
[  212434ms] [WARNING] Destination image width or height more than source
src: https://cdn1.tenchat.ru/static/vbc-gostinder/user-picture/2ad269f7-363a-489f-b5cf-158dd0b8a0c6.jpg @ https://cdn2.tenchat.ru/_nuxt/fVY6jQV9.js:57
[  212434ms] [WARNING] Destination image width or height more than source
src: https://cdn1.tenchat.ru/static/vbc-gostinder/user-picture/2ad269f7-363a-489f-b5cf-158dd0b8a0c6.jpg @ https://cdn2.tenchat.ru/_nuxt/fVY6jQV9.js:57
[  212435ms] [WARNING] Destination image width or height more than source
src: https://cdn1.tenchat.ru/static/vbc-gostinder/user-picture/2ad269f7-363a-489f-b5cf-158dd0b8a0c6.jpg @ https://cdn2.tenchat.ru/_nuxt/fVY6jQV9.js:57
[  212435ms] [WARNING] Destination image width or height more than source
src: https://cdn1.tenchat.ru/static/vbc-gostinder/user-picture/2ad269f7-363a-489f-b5cf-158dd0b8a0c6.jpg @ https://cdn2.tenchat.ru/_nuxt/fVY6jQV9.js:57
[  212435ms] [WARNING] Destination image width or height more than source
src: https://cdn1.tenchat.ru/static/vbc-gostinder/user-picture/2ad269f7-363a-489f-b5cf-158dd0b8a0c6.jpg @ https://cdn2.tenchat.ru/_nuxt/fVY6jQV9.js:57
[  212435ms] [WARNING] Destination image width or height more than source
src: https://cdn1.tenchat.ru/static/vbc-gostinder/user-picture/2ad269f7-363a-489f-b5cf-158dd0b8a0c6.jpg @ https://cdn2.tenchat.ru/_nuxt/fVY6jQV9.js:57
[  212436ms] [WARNING] Destination image width or height more than source
src: https://cdn1.tenchat.ru/static/vbc-gostinder/user-picture/2ad269f7-363a-489f-b5cf-158dd0b8a0c6.jpg @ https://cdn2.tenchat.ru/_nuxt/fVY6jQV9.js:57
[  212444ms] [WARNING] Destination image width or height more than source
src: https://cdn1.tenchat.ru/static/vbc-gostinder/user-picture/30ae3f93-1798-419a-b693-70f654c69ef0.jpeg @ https://cdn2.tenchat.ru/_nuxt/fVY6jQV9.js:57
[  212444ms] [WARNING] Destination image width or height more than source
src: https://cdn1.tenchat.ru/static/vbc-gostinder/user-picture/30ae3f93-1798-419a-b693-70f654c69ef0.jpeg @ https://cdn2.tenchat.ru/_nuxt/fVY6jQV9.js:57
[  212445ms] [WARNING] Destination image width or height more than source
src: https://cdn1.tenchat.ru/static/vbc-gostinder/user-picture/30ae3f93-1798-419a-b693-70f654c69ef0.jpeg @ https://cdn2.tenchat.ru/_nuxt/fVY6jQV9.js:57
[  212445ms] [WARNING] Destination image width or height more than source
src: https://cdn1.tenchat.ru/static/vbc-gostinder/user-picture/30ae3f93-1798-419a-b693-70f654c69ef0.jpeg @ https://cdn2.tenchat.ru/_nuxt/fVY6jQV9.js:57
[  212445ms] [WARNING] Destination image width or height more than source
src: https://cdn1.tenchat.ru/static/vbc-gostinder/user-picture/30ae3f93-1798-419a-b693-70f654c69ef0.jpeg @ https://cdn2.tenchat.ru/_nuxt/fVY6jQV9.js:57
[  212446ms] [WARNING] Destination image width or height more than source
src: https://cdn1.tenchat.ru/static/vbc-gostinder/user-picture/30ae3f93-1798-419a-b693-70f654c69ef0.jpeg @ https://cdn2.tenchat.ru/_nuxt/fVY6jQV9.js:57
[  212446ms] [WARNING] Destination image width or height more than source
src: https://cdn1.tenchat.ru/static/vbc-gostinder/user-picture/30ae3f93-1798-419a-b693-70f654c69ef0.jpeg @ https://cdn2.tenchat.ru/_nuxt/fVY6jQV9.js:57
[  212446ms] [WARNING] Destination image width or height more than source
src: https://cdn1.tenchat.ru/static/vbc-gostinder/user-picture/30ae3f93-1798-419a-b693-70f654c69ef0.jpeg @ https://cdn2.tenchat.ru/_nuxt/fVY6jQV9.js:57
[  212447ms] [WARNING] Destination image width or height more than source
src: https://cdn1.tenchat.ru/static/vbc-gostinder/user-picture/30ae3f93-1798-419a-b693-70f654c69ef0.jpeg @ https://cdn2.tenchat.ru/_nuxt/fVY6jQV9.js:57
[  212447ms] [WARNING] Destination image width or height more than source
src: https://cdn1.tenchat.ru/static/vbc-gostinder/user-picture/30ae3f93-1798-419a-b693-70f654c69ef0.jpeg @ https://cdn2.tenchat.ru/_nuxt/fVY6jQV9.js:57
[  212447ms] [WARNING] Destination image width or height more than source
src: https://cdn1.tenchat.ru/static/vbc-gostinder/user-picture/30ae3f93-1798-419a-b693-70f654c69ef0.jpeg @ https://cdn2.tenchat.ru/_nuxt/fVY6jQV9.js:57
[  212448ms] [WARNING] Destination image width or height more than source
src: https://cdn1.tenchat.ru/static/vbc-gostinder/user-picture/30ae3f93-1798-419a-b693-70f654c69ef0.jpeg @ https://cdn2.tenchat.ru/_nuxt/fVY6jQV9.js:57
[  212448ms] [WARNING] Destination image width or height more than source
src: https://cdn1.tenchat.ru/static/vbc-gostinder/user-picture/30ae3f93-1798-419a-b693-70f654c69ef0.jpeg @ https://cdn2.tenchat.ru/_nuxt/fVY6jQV9.js:57
[  212448ms] [WARNING] Destination image width or height more than source
src: https://cdn1.tenchat.ru/static/vbc-gostinder/user-picture/30ae3f93-1798-419a-b693-70f654c69ef0.jpeg @ https://cdn2.tenchat.ru/_nuxt/fVY6jQV9.js:57
[  212449ms] [WARNING] Destination image width or height more than source
src: https://cdn1.tenchat.ru/static/vbc-gostinder/user-picture/30ae3f93-1798-419a-b693-70f654c69ef0.jpeg @ https://cdn2.tenchat.ru/_nuxt/fVY6jQV9.js:57
[  212449ms] [WARNING] Destination image width or height more than source
src: https://cdn1.tenchat.ru/static/vbc-gostinder/user-picture/30ae3f93-1798-419a-b693-70f654c69ef0.jpeg @ https://cdn2.tenchat.ru/_nuxt/fVY6jQV9.js:57
[  212450ms] [WARNING] Destination image width or height more than source
src: https://cdn1.tenchat.ru/static/vbc-gostinder/user-picture/30ae3f93-1798-419a-b693-70f654c69ef0.jpeg @ https://cdn2.tenchat.ru/_nuxt/fVY6jQV9.js:57
[  212450ms] [WARNING] Destination image width or height more than source
src: https://cdn1.tenchat.ru/static/vbc-gostinder/user-picture/30ae3f93-1798-419a-b693-70f654c69ef0.jpeg @ https://cdn2.tenchat.ru/_nuxt/fVY6jQV9.js:57
[  212450ms] [WARNING] Destination image width or height more than source
src: https://cdn1.tenchat.ru/static/vbc-gostinder/user-picture/30ae3f93-1798-419a-b693-70f654c69ef0.jpeg @ https://cdn2.tenchat.ru/_nuxt/fVY6jQV9.js:57
[  212451ms] [WARNING] Destination image width or height more than source
src: https://cdn1.tenchat.ru/static/vbc-gostinder/user-picture/30ae3f93-1798-419a-b693-70f654c69ef0.jpeg @ https://cdn2.tenchat.ru/_nuxt/fVY6jQV9.js:57
[  212451ms] [WARNING] Destination image width or height more than source
src: https://cdn1.tenchat.ru/static/vbc-gostinder/user-picture/30ae3f93-1798-419a-b693-70f654c69ef0.jpeg @ https://cdn2.tenchat.ru/_nuxt/fVY6jQV9.js:57
[  212451ms] [WARNING] Destination image width or height more than source
src: https://cdn1.tenchat.ru/static/vbc-gostinder/user-picture/30ae3f93-1798-419a-b693-70f654c69ef0.jpeg @ https://cdn2.tenchat.ru/_nuxt/fVY6jQV9.js:57
[  212452ms] [WARNING] Destination image width or height more than source
src: https://cdn1.tenchat.ru/static/vbc-gostinder/user-picture/30ae3f93-1798-419a-b693-70f654c69ef0.jpeg @ https://cdn2.tenchat.ru/_nuxt/fVY6jQV9.js:57
[  212452ms] [WARNING] Destination image width or height more than source
src: https://cdn1.tenchat.ru/static/vbc-gostinder/user-picture/30ae3f93-1798-419a-b693-70f654c69ef0.jpeg @ https://cdn2.tenchat.ru/_nuxt/fVY6jQV9.js:57
[  212453ms] [WARNING] Destination image width or height more than source
src: https://cdn1.tenchat.ru/static/vbc-gostinder/user-picture/30ae3f93-1798-419a-b693-70f654c69ef0.jpeg @ https://cdn2.tenchat.ru/_nuxt/fVY6jQV9.js:57
[  212453ms] [WARNING] Destination image width or height more than source
src: https://cdn1.tenchat.ru/static/vbc-gostinder/user-picture/30ae3f93-1798-419a-b693-70f654c69ef0.jpeg @ https://cdn2.tenchat.ru/_nuxt/fVY6jQV9.js:57
[  212464ms] [WARNING] Destination image width or height more than source
src: https://cdn1.tenchat.ru/static/vbc-gostinder/user-picture/b2f26f13-3d65-4927-bf45-9cd5cda84b0e.jpeg @ https://cdn2.tenchat.ru/_nuxt/fVY6jQV9.js:57
[  212465ms] [WARNING] Destination image width or height more than source
src: https://cdn1.tenchat.ru/static/vbc-gostinder/user-picture/b2f26f13-3d65-4927-bf45-9cd5cda84b0e.jpeg @ https://cdn2.tenchat.ru/_nuxt/fVY6jQV9.js:57
[  212465ms] [WARNING] Destination image width or height more than source
src: https://cdn1.tenchat.ru/static/vbc-gostinder/user-picture/b2f26f13-3d65-4927-bf45-9cd5cda84b0e.jpeg @ https://cdn2.tenchat.ru/_nuxt/fVY6jQV9.js:57
[  212465ms] [WARNING] Destination image width or height more than source
src: https://cdn1.tenchat.ru/static/vbc-gostinder/user-picture/b2f26f13-3d65-4927-bf45-9cd5cda84b0e.jpeg @ https://cdn2.tenchat.ru/_nuxt/fVY6jQV9.js:57
[  212466ms] [WARNING] Destination image width or height more than source
src: https://cdn1.tenchat.ru/static/vbc-gostinder/user-picture/b2f26f13-3d65-4927-bf45-9cd5cda84b0e.jpeg @ https://cdn2.tenchat.ru/_nuxt/fVY6jQV9.js:57
[  212466ms] [WARNING] Destination image width or height more than source
src: https://cdn1.tenchat.ru/static/vbc-gostinder/user-picture/b2f26f13-3d65-4927-bf45-9cd5cda84b0e.jpeg @ https://cdn2.tenchat.ru/_nuxt/fVY6jQV9.js:57
[  212466ms] [WARNING] Destination image width or height more than source
src: https://cdn1.tenchat.ru/static/vbc-gostinder/user-picture/b2f26f13-3d65-4927-bf45-9cd5cda84b0e.jpeg @ https://cdn2.tenchat.ru/_nuxt/fVY6jQV9.js:57
[  212467ms] [WARNING] Destination image width or height more than source
src: https://cdn1.tenchat.ru/static/vbc-gostinder/user-picture/b2f26f13-3d65-4927-bf45-9cd5cda84b0e.jpeg @ https://cdn2.tenchat.ru/_nuxt/fVY6jQV9.js:57
[  212467ms] [WARNING] Destination image width or height more than source
src: https://cdn1.tenchat.ru/static/vbc-gostinder/user-picture/b2f26f13-3d65-4927-bf45-9cd5cda84b0e.jpeg @ https://cdn2.tenchat.ru/_nuxt/fVY6jQV9.js:57
[  212467ms] [WARNING] Destination image width or height more than source
src: https://cdn1.tenchat.ru/static/vbc-gostinder/user-picture/b2f26f13-3d65-4927-bf45-9cd5cda84b0e.jpeg @ https://cdn2.tenchat.ru/_nuxt/fVY6jQV9.js:57
[  212468ms] [WARNING] Destination image width or height more than source
src: https://cdn1.tenchat.ru/static/vbc-gostinder/user-picture/b2f26f13-3d65-4927-bf45-9cd5cda84b0e.jpeg @ https://cdn2.tenchat.ru/_nuxt/fVY6jQV9.js:57
[  212468ms] [WARNING] Destination image width or height more than source
src: https://cdn1.tenchat.ru/static/vbc-gostinder/user-picture/b2f26f13-3d65-4927-bf45-9cd5cda84b0e.jpeg @ https://cdn2.tenchat.ru/_nuxt/fVY6jQV9.js:57
[  212468ms] [WARNING] Destination image width or height more than source
src: https://cdn1.tenchat.ru/static/vbc-gostinder/user-picture/b2f26f13-3d65-4927-bf45-9cd5cda84b0e.jpeg @ https://cdn2.tenchat.ru/_nuxt/fVY6jQV9.js:57
[  212469ms] [WARNING] Destination image width or height more than source
src: https://cdn1.tenchat.ru/static/vbc-gostinder/user-picture/b2f26f13-3d65-4927-bf45-9cd5cda84b0e.jpeg @ https://cdn2.tenchat.ru/_nuxt/fVY6jQV9.js:57
[  212469ms] [WARNING] Destination image width or height more than source
src: https://cdn1.tenchat.ru/static/vbc-gostinder/user-picture/b2f26f13-3d65-4927-bf45-9cd5cda84b0e.jpeg @ https://cdn2.tenchat.ru/_nuxt/fVY6jQV9.js:57
[  212469ms] [WARNING] Destination image width or height more than source
src: https://cdn1.tenchat.ru/static/vbc-gostinder/user-picture/b2f26f13-3d65-4927-bf45-9cd5cda84b0e.jpeg @ https://cdn2.tenchat.ru/_nuxt/fVY6jQV9.js:57
[  212470ms] [WARNING] Destination image width or height more than source
src: https://cdn1.tenchat.ru/static/vbc-gostinder/user-picture/b2f26f13-3d65-4927-bf45-9cd5cda84b0e.jpeg @ https://cdn2.tenchat.ru/_nuxt/fVY6jQV9.js:57
[  212470ms] [WARNING] Destination image width or height more than source
src: https://cdn1.tenchat.ru/static/vbc-gostinder/user-picture/b2f26f13-3d65-4927-bf45-9cd5cda84b0e.jpeg @ https://cdn2.tenchat.ru/_nuxt/fVY6jQV9.js:57
[  212470ms] [WARNING] Destination image width or height more than source
src: https://cdn1.tenchat.ru/static/vbc-gostinder/user-picture/b2f26f13-3d65-4927-bf45-9cd5cda84b0e.jpeg @ https://cdn2.tenchat.ru/_nuxt/fVY6jQV9.js:57
[  212471ms] [WARNING] Destination image width or height more than source
src: https://cdn1.tenchat.ru/static/vbc-gostinder/user-picture/b2f26f13-3d65-4927-bf45-9cd5cda84b0e.jpeg @ https://cdn2.tenchat.ru/_nuxt/fVY6jQV9.js:57
[  212471ms] [WARNING] Destination image width or height more than source
src: https://cdn1.tenchat.ru/static/vbc-gostinder/user-picture/b2f26f13-3d65-4927-bf45-9cd5cda84b0e.jpeg @ https://cdn2.tenchat.ru/_nuxt/fVY6jQV9.js:57
[  212471ms] [WARNING] Destination image width or height more than source
src: https://cdn1.tenchat.ru/static/vbc-gostinder/user-picture/b2f26f13-3d65-4927-bf45-9cd5cda84b0e.jpeg @ https://cdn2.tenchat.ru/_nuxt/fVY6jQV9.js:57
[  212472ms] [WARNING] Destination image width or height more than source
src: https://cdn1.tenchat.ru/static/vbc-gostinder/user-picture/b2f26f13-3d65-4927-bf45-9cd5cda84b0e.jpeg @ https://cdn2.tenchat.ru/_nuxt/fVY6jQV9.js:57
[  212472ms] [WARNING] Destination image width or height more than source
src: https://cdn1.tenchat.ru/static/vbc-gostinder/user-picture/b2f26f13-3d65-4927-bf45-9cd5cda84b0e.jpeg @ https://cdn2.tenchat.ru/_nuxt/fVY6jQV9.js:57
[  212472ms] [WARNING] Destination image width or height more than source
src: https://cdn1.tenchat.ru/static/vbc-gostinder/user-picture/b2f26f13-3d65-4927-bf45-9cd5cda84b0e.jpeg @ https://cdn2.tenchat.ru/_nuxt/fVY6jQV9.js:57
[  212473ms] [WARNING] Destination image width or height more than source
src: https://cdn1.tenchat.ru/static/vbc-gostinder/user-picture/b2f26f13-3d65-4927-bf45-9cd5cda84b0e.jpeg @ https://cdn2.tenchat.ru/_nuxt/fVY6jQV9.js:57
[  212480ms] [WARNING] Destination image width or height more than source
src: https://cdn1.tenchat.ru/static/vbc-gostinder/user-picture/af7db234-000b-4091-8b50-7f824c9736a8.jpeg @ https://cdn2.tenchat.ru/_nuxt/fVY6jQV9.js:57
[  212480ms] [WARNING] Destination image width or height more than source
src: https://cdn1.tenchat.ru/static/vbc-gostinder/user-picture/af7db234-000b-4091-8b50-7f824c9736a8.jpeg @ https://cdn2.tenchat.ru/_nuxt/fVY6jQV9.js:57
[  212481ms] [WARNING] Destination image width or height more than source
src: https://cdn1.tenchat.ru/static/vbc-gostinder/user-picture/af7db234-000b-4091-8b50-7f824c9736a8.jpeg @ https://cdn2.tenchat.ru/_nuxt/fVY6jQV9.js:57
[  212481ms] [WARNING] Destination image width or height more than source
src: https://cdn1.tenchat.ru/static/vbc-gostinder/user-picture/af7db234-000b-4091-8b50-7f824c9736a8.jpeg @ https://cdn2.tenchat.ru/_nuxt/fVY6jQV9.js:57
[  212481ms] [WARNING] Destination image width or height more than source
src: https://cdn1.tenchat.ru/static/vbc-gostinder/user-picture/af7db234-000b-4091-8b50-7f824c9736a8.jpeg @ https://cdn2.tenchat.ru/_nuxt/fVY6jQV9.js:57
[  212482ms] [WARNING] Destination image width or height more than source
src: https://cdn1.tenchat.ru/static/vbc-gostinder/user-picture/af7db234-000b-4091-8b50-7f824c9736a8.jpeg @ https://cdn2.tenchat.ru/_nuxt/fVY6jQV9.js:57
[  212482ms] [WARNING] Destination image width or height more than source
src: https://cdn1.tenchat.ru/static/vbc-gostinder/user-picture/af7db234-000b-4091-8b50-7f824c9736a8.jpeg @ https://cdn2.tenchat.ru/_nuxt/fVY6jQV9.js:57
[  212482ms] [WARNING] Destination image width or height more than source
src: https://cdn1.tenchat.ru/static/vbc-gostinder/user-picture/af7db234-000b-4091-8b50-7f824c9736a8.jpeg @ https://cdn2.tenchat.ru/_nuxt/fVY6jQV9.js:57
[  212483ms] [WARNING] Destination image width or height more than source
src: https://cdn1.tenchat.ru/static/vbc-gostinder/user-picture/af7db234-000b-4091-8b50-7f824c9736a8.jpeg @ https://cdn2.tenchat.ru/_nuxt/fVY6jQV9.js:57
[  212483ms] [WARNING] Destination image width or height more than source
src: https://cdn1.tenchat.ru/static/vbc-gostinder/user-picture/af7db234-000b-4091-8b50-7f824c9736a8.jpeg @ https://cdn2.tenchat.ru/_nuxt/fVY6jQV9.js:57
[  212483ms] [WARNING] Destination image width or height more than source
src: https://cdn1.tenchat.ru/static/vbc-gostinder/user-picture/af7db234-000b-4091-8b50-7f824c9736a8.jpeg @ https://cdn2.tenchat.ru/_nuxt/fVY6jQV9.js:57
[  212483ms] [WARNING] Destination image width or height more than source
src: https://cdn1.tenchat.ru/static/vbc-gostinder/user-picture/af7db234-000b-4091-8b50-7f824c9736a8.jpeg @ https://cdn2.tenchat.ru/_nuxt/fVY6jQV9.js:57
[  212484ms] [WARNING] Destination image width or height more than source
src: https://cdn1.tenchat.ru/static/vbc-gostinder/user-picture/af7db234-000b-4091-8b50-7f824c9736a8.jpeg @ https://cdn2.tenchat.ru/_nuxt/fVY6jQV9.js:57
[  212484ms] [WARNING] Destination image width or height more than source
src: https://cdn1.tenchat.ru/static/vbc-gostinder/user-picture/af7db234-000b-4091-8b50-7f824c9736a8.jpeg @ https://cdn2.tenchat.ru/_nuxt/fVY6jQV9.js:57
[  212484ms] [WARNING] Destination image width or height more than source
src: https://cdn1.tenchat.ru/static/vbc-gostinder/user-picture/af7db234-000b-4091-8b50-7f824c9736a8.jpeg @ https://cdn2.tenchat.ru/_nuxt/fVY6jQV9.js:57
[  212485ms] [WARNING] Destination image width or height more than source
src: https://cdn1.tenchat.ru/static/vbc-gostinder/user-picture/af7db234-000b-4091-8b50-7f824c9736a8.jpeg @ https://cdn2.tenchat.ru/_nuxt/fVY6jQV9.js:57
[  212485ms] [WARNING] Destination image width or height more than source
src: https://cdn1.tenchat.ru/static/vbc-gostinder/user-picture/af7db234-000b-4091-8b50-7f824c9736a8.jpeg @ https://cdn2.tenchat.ru/_nuxt/fVY6jQV9.js:57
[  212485ms] [WARNING] Destination image width or height more than source
src: https://cdn1.tenchat.ru/static/vbc-gostinder/user-picture/af7db234-000b-4091-8b50-7f824c9736a8.jpeg @ https://cdn2.tenchat.ru/_nuxt/fVY6jQV9.js:57
[  212486ms] [WARNING] Destination image width or height more than source
src: https://cdn1.tenchat.ru/static/vbc-gostinder/user-picture/af7db234-000b-4091-8b50-7f824c9736a8.jpeg @ https://cdn2.tenchat.ru/_nuxt/fVY6jQV9.js:57
[  212486ms] [WARNING] Destination image width or height more than source
src: https://cdn1.tenchat.ru/static/vbc-gostinder/user-picture/af7db234-000b-4091-8b50-7f824c9736a8.jpeg @ https://cdn2.tenchat.ru/_nuxt/fVY6jQV9.js:57
[  212486ms] [WARNING] Destination image width or height more than source
src: https://cdn1.tenchat.ru/static/vbc-gostinder/user-picture/af7db234-000b-4091-8b50-7f824c9736a8.jpeg @ https://cdn2.tenchat.ru/_nuxt/fVY6jQV9.js:57
[  212487ms] [WARNING] Destination image width or height more than source
src: https://cdn1.tenchat.ru/static/vbc-gostinder/user-picture/af7db234-000b-4091-8b50-7f824c9736a8.jpeg @ https://cdn2.tenchat.ru/_nuxt/fVY6jQV9.js:57
[  212487ms] [WARNING] Destination image width or height more than source
src: https://cdn1.tenchat.ru/static/vbc-gostinder/user-picture/af7db234-000b-4091-8b50-7f824c9736a8.jpeg @ https://cdn2.tenchat.ru/_nuxt/fVY6jQV9.js:57
[  212487ms] [WARNING] Destination image width or height more than source
src: https://cdn1.tenchat.ru/static/vbc-gostinder/user-picture/af7db234-000b-4091-8b50-7f824c9736a8.jpeg @ https://cdn2.tenchat.ru/_nuxt/fVY6jQV9.js:57
[  212488ms] [WARNING] Destination image width or height more than source
src: https://cdn1.tenchat.ru/static/vbc-gostinder/user-picture/af7db234-000b-4091-8b50-7f824c9736a8.jpeg @ https://cdn2.tenchat.ru/_nuxt/fVY6jQV9.js:57
[  212488ms] [WARNING] Destination image width or height more than source
src: https://cdn1.tenchat.ru/static/vbc-gostinder/user-picture/af7db234-000b-4091-8b50-7f824c9736a8.jpeg @ https://cdn2.tenchat.ru/_nuxt/fVY6jQV9.js:57
[  212488ms] [WARNING] Destination image width or height more than source
src: https://cdn1.tenchat.ru/static/vbc-gostinder/user-picture/af7db234-000b-4091-8b50-7f824c9736a8.jpeg @ https://cdn2.tenchat.ru/_nuxt/fVY6jQV9.js:57
[  212488ms] [WARNING] Destination image width or height more than source
src: https://cdn1.tenchat.ru/static/vbc-gostinder/user-picture/af7db234-000b-4091-8b50-7f824c9736a8.jpeg @ https://cdn2.tenchat.ru/_nuxt/fVY6jQV9.js:57
[  212489ms] [WARNING] Destination image width or height more than source
src: https://cdn1.tenchat.ru/static/vbc-gostinder/user-picture/af7db234-000b-4091-8b50-7f824c9736a8.jpeg @ https://cdn2.tenchat.ru/_nuxt/fVY6jQV9.js:57
[  212489ms] [WARNING] Destination image width or height more than source
src: https://cdn1.tenchat.ru/static/vbc-gostinder/user-picture/af7db234-000b-4091-8b50-7f824c9736a8.jpeg @ https://cdn2.tenchat.ru/_nuxt/fVY6jQV9.js:57
[  212489ms] [WARNING] Destination image width or height more than source
src: https://cdn1.tenchat.ru/static/vbc-gostinder/user-picture/af7db234-000b-4091-8b50-7f824c9736a8.jpeg @ https://cdn2.tenchat.ru/_nuxt/fVY6jQV9.js:57
[  212490ms] [WARNING] Destination image width or height more than source
src: https://cdn1.tenchat.ru/static/vbc-gostinder/user-picture/af7db234-000b-4091-8b50-7f824c9736a8.jpeg @ https://cdn2.tenchat.ru/_nuxt/fVY6jQV9.js:57
[  212490ms] [WARNING] Destination image width or height more than source
src: https://cdn1.tenchat.ru/static/vbc-gostinder/user-picture/af7db234-000b-4091-8b50-7f824c9736a8.jpeg @ https://cdn2.tenchat.ru/_nuxt/fVY6jQV9.js:57
[  212490ms] [WARNING] Destination image width or height more than source
src: https://cdn1.tenchat.ru/static/vbc-gostinder/user-picture/af7db234-000b-4091-8b50-7f824c9736a8.jpeg @ https://cdn2.tenchat.ru/_nuxt/fVY6jQV9.js:57
[  212491ms] [WARNING] Destination image width or height more than source
src: https://cdn1.tenchat.ru/static/vbc-gostinder/user-picture/af7db234-000b-4091-8b50-7f824c9736a8.jpeg @ https://cdn2.tenchat.ru/_nuxt/fVY6jQV9.js:57
[  212491ms] [WARNING] Destination image width or height more than source
src: https://cdn1.tenchat.ru/static/vbc-gostinder/user-picture/af7db234-000b-4091-8b50-7f824c9736a8.jpeg @ https://cdn2.tenchat.ru/_nuxt/fVY6jQV9.js:57
[  212491ms] [WARNING] Destination image width or height more than source
src: https://cdn1.tenchat.ru/static/vbc-gostinder/user-picture/af7db234-000b-4091-8b50-7f824c9736a8.jpeg @ https://cdn2.tenchat.ru/_nuxt/fVY6jQV9.js:57
[  212492ms] [WARNING] Destination image width or height more than source
src: https://cdn1.tenchat.ru/static/vbc-gostinder/user-picture/af7db234-000b-4091-8b50-7f824c9736a8.jpeg @ https://cdn2.tenchat.ru/_nuxt/fVY6jQV9.js:57
[  212492ms] [WARNING] Destination image width or height more than source
src: https://cdn1.tenchat.ru/static/vbc-gostinder/user-picture/af7db234-000b-4091-8b50-7f824c9736a8.jpeg @ https://cdn2.tenchat.ru/_nuxt/fVY6jQV9.js:57
[  212492ms] [WARNING] Destination image width or height more than source
src: https://cdn1.tenchat.ru/static/vbc-gostinder/user-picture/af7db234-000b-4091-8b50-7f824c9736a8.jpeg @ https://cdn2.tenchat.ru/_nuxt/fVY6jQV9.js:57
[  212493ms] [WARNING] Destination image width or height more than source
src: https://cdn1.tenchat.ru/static/vbc-gostinder/user-picture/af7db234-000b-4091-8b50-7f824c9736a8.jpeg @ https://cdn2.tenchat.ru/_nuxt/fVY6jQV9.js:57
[  212493ms] [WARNING] Destination image width or height more than source
src: https://cdn1.tenchat.ru/static/vbc-gostinder/user-picture/af7db234-000b-4091-8b50-7f824c9736a8.jpeg @ https://cdn2.tenchat.ru/_nuxt/fVY6jQV9.js:57
[  212493ms] [WARNING] Destination image width or height more than source
src: https://cdn1.tenchat.ru/static/vbc-gostinder/user-picture/af7db234-000b-4091-8b50-7f824c9736a8.jpeg @ https://cdn2.tenchat.ru/_nuxt/fVY6jQV9.js:57
[  212494ms] [WARNING] Destination image width or height more than source
src: https://cdn1.tenchat.ru/static/vbc-gostinder/user-picture/af7db234-000b-4091-8b50-7f824c9736a8.jpeg @ https://cdn2.tenchat.ru/_nuxt/fVY6jQV9.js:57
[  212494ms] [WARNING] Destination image width or height more than source
src: https://cdn1.tenchat.ru/static/vbc-gostinder/user-picture/af7db234-000b-4091-8b50-7f824c9736a8.jpeg @ https://cdn2.tenchat.ru/_nuxt/fVY6jQV9.js:57
[  212494ms] [WARNING] Destination image width or height more than source
src: https://cdn1.tenchat.ru/static/vbc-gostinder/user-picture/af7db234-000b-4091-8b50-7f824c9736a8.jpeg @ https://cdn2.tenchat.ru/_nuxt/fVY6jQV9.js:57
[  212495ms] [WARNING] Destination image width or height more than source
src: https://cdn1.tenchat.ru/static/vbc-gostinder/user-picture/af7db234-000b-4091-8b50-7f824c9736a8.jpeg @ https://cdn2.tenchat.ru/_nuxt/fVY6jQV9.js:57
[  212495ms] [WARNING] Destination image width or height more than source
src: https://cdn1.tenchat.ru/static/vbc-gostinder/user-picture/af7db234-000b-4091-8b50-7f824c9736a8.jpeg @ https://cdn2.tenchat.ru/_nuxt/fVY6jQV9.js:57
[  212495ms] [WARNING] Destination image width or height more than source
src: https://cdn1.tenchat.ru/static/vbc-gostinder/user-picture/af7db234-000b-4091-8b50-7f824c9736a8.jpeg @ https://cdn2.tenchat.ru/_nuxt/fVY6jQV9.js:57
[  212495ms] [WARNING] Destination image width or height more than source
src: https://cdn1.tenchat.ru/static/vbc-gostinder/user-picture/af7db234-000b-4091-8b50-7f824c9736a8.jpeg @ https://cdn2.tenchat.ru/_nuxt/fVY6jQV9.js:57
[  212496ms] [WARNING] Destination image width or height more than source
src: https://cdn1.tenchat.ru/static/vbc-gostinder/user-picture/af7db234-000b-4091-8b50-7f824c9736a8.jpeg @ https://cdn2.tenchat.ru/_nuxt/fVY6jQV9.js:57
[  212496ms] [WARNING] Destination image width or height more than source
src: https://cdn1.tenchat.ru/static/vbc-gostinder/user-picture/af7db234-000b-4091-8b50-7f824c9736a8.jpeg @ https://cdn2.tenchat.ru/_nuxt/fVY6jQV9.js:57
[  212496ms] [WARNING] Destination image width or height more than source
src: https://cdn1.tenchat.ru/static/vbc-gostinder/user-picture/af7db234-000b-4091-8b50-7f824c9736a8.jpeg @ https://cdn2.tenchat.ru/_nuxt/fVY6jQV9.js:57
[  212712ms] [WARNING] It is recommended that a robustness level be specified. Not specifying the robustness level could result in unexpected behavior. @ https://smartcaptcha.yandexcloud.net/captchapgrd:0
[  213110ms] [WARNING] Destination image width or height more than source
src: https://cdn1.tenchat.ru/static/vbc-gostinder/user-picture/8a297dae-a2fa-4062-b9de-ee24b4ccb436.jpg @ https://cdn2.tenchat.ru/_nuxt/fVY6jQV9.js:57
[  213111ms] [WARNING] Destination image width or height more than source
src: https://cdn1.tenchat.ru/static/vbc-gostinder/user-picture/8a297dae-a2fa-4062-b9de-ee24b4ccb436.jpg @ https://cdn2.tenchat.ru/_nuxt/fVY6jQV9.js:57
[  213111ms] [WARNING] Destination image width or height more than source
src: https://cdn1.tenchat.ru/static/vbc-gostinder/user-picture/8a297dae-a2fa-4062-b9de-ee24b4ccb436.jpg @ https://cdn2.tenchat.ru/_nuxt/fVY6jQV9.js:57
[  213111ms] [WARNING] Destination image width or height more than source
src: https://cdn1.tenchat.ru/static/vbc-gostinder/user-picture/8a297dae-a2fa-4062-b9de-ee24b4ccb436.jpg @ https://cdn2.tenchat.ru/_nuxt/fVY6jQV9.js:57
[  213111ms] [WARNING] Destination image width or height more than source
src: https://cdn1.tenchat.ru/static/vbc-gostinder/user-picture/8a297dae-a2fa-4062-b9de-ee24b4ccb436.jpg @ https://cdn2.tenchat.ru/_nuxt/fVY6jQV9.js:57
[  213112ms] [WARNING] Destination image width or height more than source
src: https://cdn1.tenchat.ru/static/vbc-gostinder/user-picture/8a297dae-a2fa-4062-b9de-ee24b4ccb436.jpg @ https://cdn2.tenchat.ru/_nuxt/fVY6jQV9.js:57
[  213112ms] [WARNING] Destination image width or height more than source
src: https://cdn1.tenchat.ru/static/vbc-gostinder/user-picture/8a297dae-a2fa-4062-b9de-ee24b4ccb436.jpg @ https://cdn2.tenchat.ru/_nuxt/fVY6jQV9.js:57
[  213112ms] [WARNING] Destination image width or height more than source
src: https://cdn1.tenchat.ru/static/vbc-gostinder/user-picture/8a297dae-a2fa-4062-b9de-ee24b4ccb436.jpg @ https://cdn2.tenchat.ru/_nuxt/fVY6jQV9.js:57
[  213112ms] [WARNING] Destination image width or height more than source
src: https://cdn1.tenchat.ru/static/vbc-gostinder/user-picture/8a297dae-a2fa-4062-b9de-ee24b4ccb436.jpg @ https://cdn2.tenchat.ru/_nuxt/fVY6jQV9.js:57
[  213112ms] [WARNING] Destination image width or height more than source
src: https://cdn1.tenchat.ru/static/vbc-gostinder/user-picture/8a297dae-a2fa-4062-b9de-ee24b4ccb436.jpg @ https://cdn2.tenchat.ru/_nuxt/fVY6jQV9.js:57
[  213113ms] [WARNING] Destination image width or height more than source
src: https://cdn1.tenchat.ru/static/vbc-gostinder/user-picture/8a297dae-a2fa-4062-b9de-ee24b4ccb436.jpg @ https://cdn2.tenchat.ru/_nuxt/fVY6jQV9.js:57
[  213113ms] [WARNING] Destination image width or height more than source
src: https://cdn1.tenchat.ru/static/vbc-gostinder/user-picture/8a297dae-a2fa-4062-b9de-ee24b4ccb436.jpg @ https://cdn2.tenchat.ru/_nuxt/fVY6jQV9.js:57
[  213113ms] [WARNING] Destination image width or height more than source
src: https://cdn1.tenchat.ru/static/vbc-gostinder/user-picture/8a297dae-a2fa-4062-b9de-ee24b4ccb436.jpg @ https://cdn2.tenchat.ru/_nuxt/fVY6jQV9.js:57
[  213113ms] [WARNING] Destination image width or height more than source
src: https://cdn1.tenchat.ru/static/vbc-gostinder/user-picture/8a297dae-a2fa-4062-b9de-ee24b4ccb436.jpg @ https://cdn2.tenchat.ru/_nuxt/fVY6jQV9.js:57
[  213114ms] [WARNING] Destination image width or height more than source
src: https://cdn1.tenchat.ru/static/vbc-gostinder/user-picture/8a297dae-a2fa-4062-b9de-ee24b4ccb436.jpg @ https://cdn2.tenchat.ru/_nuxt/fVY6jQV9.js:57
[  213114ms] [WARNING] Destination image width or height more than source
src: https://cdn1.tenchat.ru/static/vbc-gostinder/user-picture/8a297dae-a2fa-4062-b9de-ee24b4ccb436.jpg @ https://cdn2.tenchat.ru/_nuxt/fVY6jQV9.js:57
[  213114ms] [WARNING] Destination image width or height more than source
src: https://cdn1.tenchat.ru/static/vbc-gostinder/user-picture/8a297dae-a2fa-4062-b9de-ee24b4ccb436.jpg @ https://cdn2.tenchat.ru/_nuxt/fVY6jQV9.js:57
[  213114ms] [WARNING] Destination image width or height more than source
src: https://cdn1.tenchat.ru/static/vbc-gostinder/user-picture/8a297dae-a2fa-4062-b9de-ee24b4ccb436.jpg @ https://cdn2.tenchat.ru/_nuxt/fVY6jQV9.js:57
[  213114ms] [WARNING] Destination image width or height more than source
src: https://cdn1.tenchat.ru/static/vbc-gostinder/user-picture/8a297dae-a2fa-4062-b9de-ee24b4ccb436.jpg @ https://cdn2.tenchat.ru/_nuxt/fVY6jQV9.js:57
[  213115ms] [WARNING] Destination image width or height more than source
src: https://cdn1.tenchat.ru/static/vbc-gostinder/user-picture/8a297dae-a2fa-4062-b9de-ee24b4ccb436.jpg @ https://cdn2.tenchat.ru/_nuxt/fVY6jQV9.js:57
[  213115ms] [WARNING] Destination image width or height more than source
src: https://cdn1.tenchat.ru/static/vbc-gostinder/user-picture/8a297dae-a2fa-4062-b9de-ee24b4ccb436.jpg @ https://cdn2.tenchat.ru/_nuxt/fVY6jQV9.js:57
[  213115ms] [WARNING] Destination image width or height more than source
src: https://cdn1.tenchat.ru/static/vbc-gostinder/user-picture/8a297dae-a2fa-4062-b9de-ee24b4ccb436.jpg @ https://cdn2.tenchat.ru/_nuxt/fVY6jQV9.js:57
[  213115ms] [WARNING] Destination image width or height more than source
src: https://cdn1.tenchat.ru/static/vbc-gostinder/user-picture/8a297dae-a2fa-4062-b9de-ee24b4ccb436.jpg @ https://cdn2.tenchat.ru/_nuxt/fVY6jQV9.js:57
[  213116ms] [WARNING] Destination image width or height more than source
src: https://cdn1.tenchat.ru/static/vbc-gostinder/user-picture/8a297dae-a2fa-4062-b9de-ee24b4ccb436.jpg @ https://cdn2.tenchat.ru/_nuxt/fVY6jQV9.js:57
[  213116ms] [WARNING] Destination image width or height more than source
src: https://cdn1.tenchat.ru/static/vbc-gostinder/user-picture/8a297dae-a2fa-4062-b9de-ee24b4ccb436.jpg @ https://cdn2.tenchat.ru/_nuxt/fVY6jQV9.js:57
[  213116ms] [WARNING] Destination image width or height more than source
src: https://cdn1.tenchat.ru/static/vbc-gostinder/user-picture/8a297dae-a2fa-4062-b9de-ee24b4ccb436.jpg @ https://cdn2.tenchat.ru/_nuxt/fVY6jQV9.js:57
[  213181ms] [WARNING] Destination image width or height more than source
src: https://cdn1.tenchat.ru/static/vbc-gostinder/user-picture/c6f538f6-0f5b-4fe1-a3c1-06623f454157.jpg @ https://cdn2.tenchat.ru/_nuxt/fVY6jQV9.js:57
[  213181ms] [WARNING] Destination image width or height more than source
src: https://cdn1.tenchat.ru/static/vbc-gostinder/user-picture/c6f538f6-0f5b-4fe1-a3c1-06623f454157.jpg @ https://cdn2.tenchat.ru/_nuxt/fVY6jQV9.js:57
[  213181ms] [WARNING] Destination image width or height more than source
src: https://cdn1.tenchat.ru/static/vbc-gostinder/user-picture/c6f538f6-0f5b-4fe1-a3c1-06623f454157.jpg @ https://cdn2.tenchat.ru/_nuxt/fVY6jQV9.js:57
[  213181ms] [WARNING] Destination image width or height more than source
src: https://cdn1.tenchat.ru/static/vbc-gostinder/user-picture/c6f538f6-0f5b-4fe1-a3c1-06623f454157.jpg @ https://cdn2.tenchat.ru/_nuxt/fVY6jQV9.js:57
[  213182ms] [WARNING] Destination image width or height more than source
src: https://cdn1.tenchat.ru/static/vbc-gostinder/user-picture/c6f538f6-0f5b-4fe1-a3c1-06623f454157.jpg @ https://cdn2.tenchat.ru/_nuxt/fVY6jQV9.js:57
[  213182ms] [WARNING] Destination image width or height more than source
src: https://cdn1.tenchat.ru/static/vbc-gostinder/user-picture/c6f538f6-0f5b-4fe1-a3c1-06623f454157.jpg @ https://cdn2.tenchat.ru/_nuxt/fVY6jQV9.js:57
[  213182ms] [WARNING] Destination image width or height more than source
src: https://cdn1.tenchat.ru/static/vbc-gostinder/user-picture/c6f538f6-0f5b-4fe1-a3c1-06623f454157.jpg @ https://cdn2.tenchat.ru/_nuxt/fVY6jQV9.js:57
[  213182ms] [WARNING] Destination image width or height more than source
src: https://cdn1.tenchat.ru/static/vbc-gostinder/user-picture/c6f538f6-0f5b-4fe1-a3c1-06623f454157.jpg @ https://cdn2.tenchat.ru/_nuxt/fVY6jQV9.js:57
[  213182ms] [WARNING] Destination image width or height more than source
src: https://cdn1.tenchat.ru/static/vbc-gostinder/user-picture/c6f538f6-0f5b-4fe1-a3c1-06623f454157.jpg @ https://cdn2.tenchat.ru/_nuxt/fVY6jQV9.js:57
[  213183ms] [WARNING] Destination image width or height more than source
src: https://cdn1.tenchat.ru/static/vbc-gostinder/user-picture/c6f538f6-0f5b-4fe1-a3c1-06623f454157.jpg @ https://cdn2.tenchat.ru/_nuxt/fVY6jQV9.js:57
[  213183ms] [WARNING] Destination image width or height more than source
src: https://cdn1.tenchat.ru/static/vbc-gostinder/user-picture/c6f538f6-0f5b-4fe1-a3c1-06623f454157.jpg @ https://cdn2.tenchat.ru/_nuxt/fVY6jQV9.js:57
[  213183ms] [WARNING] Destination image width or height more than source
src: https://cdn1.tenchat.ru/static/vbc-gostinder/user-picture/c6f538f6-0f5b-4fe1-a3c1-06623f454157.jpg @ https://cdn2.tenchat.ru/_nuxt/fVY6jQV9.js:57
[  213183ms] [WARNING] Destination image width or height more than source
src: https://cdn1.tenchat.ru/static/vbc-gostinder/user-picture/c6f538f6-0f5b-4fe1-a3c1-06623f454157.jpg @ https://cdn2.tenchat.ru/_nuxt/fVY6jQV9.js:57
[  213183ms] [WARNING] Destination image width or height more than source
src: https://cdn1.tenchat.ru/static/vbc-gostinder/user-picture/c6f538f6-0f5b-4fe1-a3c1-06623f454157.jpg @ https://cdn2.tenchat.ru/_nuxt/fVY6jQV9.js:57
[  213184ms] [WARNING] Destination image width or height more than source
src: https://cdn1.tenchat.ru/static/vbc-gostinder/user-picture/c6f538f6-0f5b-4fe1-a3c1-06623f454157.jpg @ https://cdn2.tenchat.ru/_nuxt/fVY6jQV9.js:57
[  213184ms] [WARNING] Destination image width or height more than source
src: https://cdn1.tenchat.ru/static/vbc-gostinder/user-picture/c6f538f6-0f5b-4fe1-a3c1-06623f454157.jpg @ https://cdn2.tenchat.ru/_nuxt/fVY6jQV9.js:57
[  213184ms] [WARNING] Destination image width or height more than source
src: https://cdn1.tenchat.ru/static/vbc-gostinder/user-picture/c6f538f6-0f5b-4fe1-a3c1-06623f454157.jpg @ https://cdn2.tenchat.ru/_nuxt/fVY6jQV9.js:57
[  213184ms] [WARNING] Destination image width or height more than source
src: https://cdn1.tenchat.ru/static/vbc-gostinder/user-picture/c6f538f6-0f5b-4fe1-a3c1-06623f454157.jpg @ https://cdn2.tenchat.ru/_nuxt/fVY6jQV9.js:57
[  213184ms] [WARNING] Destination image width or height more than source
src: https://cdn1.tenchat.ru/static/vbc-gostinder/user-picture/c6f538f6-0f5b-4fe1-a3c1-06623f454157.jpg @ https://cdn2.tenchat.ru/_nuxt/fVY6jQV9.js:57
[  213184ms] [WARNING] Destination image width or height more than source
src: https://cdn1.tenchat.ru/static/vbc-gostinder/user-picture/c6f538f6-0f5b-4fe1-a3c1-06623f454157.jpg @ https://cdn2.tenchat.ru/_nuxt/fVY6jQV9.js:57
[  213184ms] [WARNING] Destination image width or height more than source
src: https://cdn1.tenchat.ru/static/vbc-gostinder/user-picture/c6f538f6-0f5b-4fe1-a3c1-06623f454157.jpg @ https://cdn2.tenchat.ru/_nuxt/fVY6jQV9.js:57
[  213185ms] [WARNING] Destination image width or height more than source
src: https://cdn1.tenchat.ru/static/vbc-gostinder/user-picture/c6f538f6-0f5b-4fe1-a3c1-06623f454157.jpg @ https://cdn2.tenchat.ru/_nuxt/fVY6jQV9.js:57
[  213185ms] [WARNING] Destination image width or height more than source
src: https://cdn1.tenchat.ru/static/vbc-gostinder/user-picture/c6f538f6-0f5b-4fe1-a3c1-06623f454157.jpg @ https://cdn2.tenchat.ru/_nuxt/fVY6jQV9.js:57
[  213185ms] [WARNING] Destination image width or height more than source
src: https://cdn1.tenchat.ru/static/vbc-gostinder/user-picture/c6f538f6-0f5b-4fe1-a3c1-06623f454157.jpg @ https://cdn2.tenchat.ru/_nuxt/fVY6jQV9.js:57
[  213185ms] [WARNING] Destination image width or height more than source
src: https://cdn1.tenchat.ru/static/vbc-gostinder/user-picture/c6f538f6-0f5b-4fe1-a3c1-06623f454157.jpg @ https://cdn2.tenchat.ru/_nuxt/fVY6jQV9.js:57
[  213185ms] [WARNING] Destination image width or height more than source
src: https://cdn1.tenchat.ru/static/vbc-gostinder/user-picture/c6f538f6-0f5b-4fe1-a3c1-06623f454157.jpg @ https://cdn2.tenchat.ru/_nuxt/fVY6jQV9.js:57
[  213186ms] [WARNING] Destination image width or height more than source
src: https://cdn1.tenchat.ru/static/vbc-gostinder/user-picture/bb054bd3-9e83-4e73-9230-348de41760d1.jpeg @ https://cdn2.tenchat.ru/_nuxt/fVY6jQV9.js:57
[  213186ms] [WARNING] Destination image width or height more than source
src: https://cdn1.tenchat.ru/static/vbc-gostinder/user-picture/bb054bd3-9e83-4e73-9230-348de41760d1.jpeg @ https://cdn2.tenchat.ru/_nuxt/fVY6jQV9.js:57
[  213186ms] [WARNING] Destination image width or height more than source
src: https://cdn1.tenchat.ru/static/vbc-gostinder/user-picture/bb054bd3-9e83-4e73-9230-348de41760d1.jpeg @ https://cdn2.tenchat.ru/_nuxt/fVY6jQV9.js:57
[  213186ms] [WARNING] Destination image width or height more than source
src: https://cdn1.tenchat.ru/static/vbc-gostinder/user-picture/bb054bd3-9e83-4e73-9230-348de41760d1.jpeg @ https://cdn2.tenchat.ru/_nuxt/fVY6jQV9.js:57
[  213186ms] [WARNING] Destination image width or height more than source
src: https://cdn1.tenchat.ru/static/vbc-gostinder/user-picture/bb054bd3-9e83-4e73-9230-348de41760d1.jpeg @ https://cdn2.tenchat.ru/_nuxt/fVY6jQV9.js:57
[  213186ms] [WARNING] Destination image width or height more than source
src: https://cdn1.tenchat.ru/static/vbc-gostinder/user-picture/bb054bd3-9e83-4e73-9230-348de41760d1.jpeg @ https://cdn2.tenchat.ru/_nuxt/fVY6jQV9.js:57
[  213187ms] [WARNING] Destination image width or height more than source
src: https://cdn1.tenchat.ru/static/vbc-gostinder/user-picture/bb054bd3-9e83-4e73-9230-348de41760d1.jpeg @ https://cdn2.tenchat.ru/_nuxt/fVY6jQV9.js:57
[  213187ms] [WARNING] Destination image width or height more than source
src: https://cdn1.tenchat.ru/static/vbc-gostinder/user-picture/bb054bd3-9e83-4e73-9230-348de41760d1.jpeg @ https://cdn2.tenchat.ru/_nuxt/fVY6jQV9.js:57
[  213187ms] [WARNING] Destination image width or height more than source
src: https://cdn1.tenchat.ru/static/vbc-gostinder/user-picture/bb054bd3-9e83-4e73-9230-348de41760d1.jpeg @ https://cdn2.tenchat.ru/_nuxt/fVY6jQV9.js:57
[  213187ms] [WARNING] Destination image width or height more than source
src: https://cdn1.tenchat.ru/static/vbc-gostinder/user-picture/bb054bd3-9e83-4e73-9230-348de41760d1.jpeg @ https://cdn2.tenchat.ru/_nuxt/fVY6jQV9.js:57
[  213187ms] [WARNING] Destination image width or height more than source
src: https://cdn1.tenchat.ru/static/vbc-gostinder/user-picture/bb054bd3-9e83-4e73-9230-348de41760d1.jpeg @ https://cdn2.tenchat.ru/_nuxt/fVY6jQV9.js:57
[  213187ms] [WARNING] Destination image width or height more than source
src: https://cdn1.tenchat.ru/static/vbc-gostinder/user-picture/bb054bd3-9e83-4e73-9230-348de41760d1.jpeg @ https://cdn2.tenchat.ru/_nuxt/fVY6jQV9.js:57
[  213187ms] [WARNING] Destination image width or height more than source
src: https://cdn1.tenchat.ru/static/vbc-gostinder/user-picture/bb054bd3-9e83-4e73-9230-348de41760d1.jpeg @ https://cdn2.tenchat.ru/_nuxt/fVY6jQV9.js:57
[  213188ms] [WARNING] Destination image width or height more than source
src: https://cdn1.tenchat.ru/static/vbc-gostinder/user-picture/bb054bd3-9e83-4e73-9230-348de41760d1.jpeg @ https://cdn2.tenchat.ru/_nuxt/fVY6jQV9.js:57
[  213188ms] [WARNING] Destination image width or height more than source
src: https://cdn1.tenchat.ru/static/vbc-gostinder/user-picture/bb054bd3-9e83-4e73-9230-348de41760d1.jpeg @ https://cdn2.tenchat.ru/_nuxt/fVY6jQV9.js:57
[  213188ms] [WARNING] Destination image width or height more than source
src: https://cdn1.tenchat.ru/static/vbc-gostinder/user-picture/bb054bd3-9e83-4e73-9230-348de41760d1.jpeg @ https://cdn2.tenchat.ru/_nuxt/fVY6jQV9.js:57
[  213188ms] [WARNING] Destination image width or height more than source
src: https://cdn1.tenchat.ru/static/vbc-gostinder/user-picture/bb054bd3-9e83-4e73-9230-348de41760d1.jpeg @ https://cdn2.tenchat.ru/_nuxt/fVY6jQV9.js:57
[  213188ms] [WARNING] Destination image width or height more than source
src: https://cdn1.tenchat.ru/static/vbc-gostinder/user-picture/bb054bd3-9e83-4e73-9230-348de41760d1.jpeg @ https://cdn2.tenchat.ru/_nuxt/fVY6jQV9.js:57
[  213188ms] [WARNING] Destination image width or height more than source
src: https://cdn1.tenchat.ru/static/vbc-gostinder/user-picture/bb054bd3-9e83-4e73-9230-348de41760d1.jpeg @ https://cdn2.tenchat.ru/_nuxt/fVY6jQV9.js:57
[  213188ms] [WARNING] Destination image width or height more than source
src: https://cdn1.tenchat.ru/static/vbc-gostinder/user-picture/bb054bd3-9e83-4e73-9230-348de41760d1.jpeg @ https://cdn2.tenchat.ru/_nuxt/fVY6jQV9.js:57
[  213189ms] [WARNING] Destination image width or height more than source
src: https://cdn1.tenchat.ru/static/vbc-gostinder/user-picture/bb054bd3-9e83-4e73-9230-348de41760d1.jpeg @ https://cdn2.tenchat.ru/_nuxt/fVY6jQV9.js:57
[  213189ms] [WARNING] Destination image width or height more than source
src: https://cdn1.tenchat.ru/static/vbc-gostinder/user-picture/bb054bd3-9e83-4e73-9230-348de41760d1.jpeg @ https://cdn2.tenchat.ru/_nuxt/fVY6jQV9.js:57
[  213189ms] [WARNING] Destination image width or height more than source
src: https://cdn1.tenchat.ru/static/vbc-gostinder/user-picture/bb054bd3-9e83-4e73-9230-348de41760d1.jpeg @ https://cdn2.tenchat.ru/_nuxt/fVY6jQV9.js:57
[  213189ms] [WARNING] Destination image width or height more than source
src: https://cdn1.tenchat.ru/static/vbc-gostinder/user-picture/bb054bd3-9e83-4e73-9230-348de41760d1.jpeg @ https://cdn2.tenchat.ru/_nuxt/fVY6jQV9.js:57
[  213189ms] [WARNING] Destination image width or height more than source
src: https://cdn1.tenchat.ru/static/vbc-gostinder/user-picture/bb054bd3-9e83-4e73-9230-348de41760d1.jpeg @ https://cdn2.tenchat.ru/_nuxt/fVY6jQV9.js:57
[  213189ms] [WARNING] Destination image width or height more than source
src: https://cdn1.tenchat.ru/static/vbc-gostinder/user-picture/bb054bd3-9e83-4e73-9230-348de41760d1.jpeg @ https://cdn2.tenchat.ru/_nuxt/fVY6jQV9.js:57
[  213403ms] [WARNING] Destination image width or height more than source
src: https://cdn1.tenchat.ru/static/vbc-gostinder/user-picture/1b0b9682-607d-4f87-9273-ef07b8579c0e.jpeg @ https://cdn2.tenchat.ru/_nuxt/fVY6jQV9.js:57
[  213403ms] [WARNING] Destination image width or height more than source
src: https://cdn1.tenchat.ru/static/vbc-gostinder/user-picture/1b0b9682-607d-4f87-9273-ef07b8579c0e.jpeg @ https://cdn2.tenchat.ru/_nuxt/fVY6jQV9.js:57
[  213404ms] [WARNING] Destination image width or height more than source
src: https://cdn1.tenchat.ru/static/vbc-gostinder/user-picture/1b0b9682-607d-4f87-9273-ef07b8579c0e.jpeg @ https://cdn2.tenchat.ru/_nuxt/fVY6jQV9.js:57
[  213404ms] [WARNING] Destination image width or height more than source
src: https://cdn1.tenchat.ru/static/vbc-gostinder/user-picture/1b0b9682-607d-4f87-9273-ef07b8579c0e.jpeg @ https://cdn2.tenchat.ru/_nuxt/fVY6jQV9.js:57
[  213404ms] [WARNING] Destination image width or height more than source
src: https://cdn1.tenchat.ru/static/vbc-gostinder/user-picture/1b0b9682-607d-4f87-9273-ef07b8579c0e.jpeg @ https://cdn2.tenchat.ru/_nuxt/fVY6jQV9.js:57
[  213404ms] [WARNING] Destination image width or height more than source
src: https://cdn1.tenchat.ru/static/vbc-gostinder/user-picture/1b0b9682-607d-4f87-9273-ef07b8579c0e.jpeg @ https://cdn2.tenchat.ru/_nuxt/fVY6jQV9.js:57
[  213405ms] [WARNING] Destination image width or height more than source
src: https://cdn1.tenchat.ru/static/vbc-gostinder/user-picture/1b0b9682-607d-4f87-9273-ef07b8579c0e.jpeg @ https://cdn2.tenchat.ru/_nuxt/fVY6jQV9.js:57
[  213405ms] [WARNING] Destination image width or height more than source
src: https://cdn1.tenchat.ru/static/vbc-gostinder/user-picture/1b0b9682-607d-4f87-9273-ef07b8579c0e.jpeg @ https://cdn2.tenchat.ru/_nuxt/fVY6jQV9.js:57
[  213405ms] [WARNING] Destination image width or height more than source
src: https://cdn1.tenchat.ru/static/vbc-gostinder/user-picture/1b0b9682-607d-4f87-9273-ef07b8579c0e.jpeg @ https://cdn2.tenchat.ru/_nuxt/fVY6jQV9.js:57
[  213406ms] [WARNING] Destination image width or height more than source
src: https://cdn1.tenchat.ru/static/vbc-gostinder/user-picture/1b0b9682-607d-4f87-9273-ef07b8579c0e.jpeg @ https://cdn2.tenchat.ru/_nuxt/fVY6jQV9.js:57
[  213406ms] [WARNING] Destination image width or height more than source
src: https://cdn1.tenchat.ru/static/vbc-gostinder/user-picture/1b0b9682-607d-4f87-9273-ef07b8579c0e.jpeg @ https://cdn2.tenchat.ru/_nuxt/fVY6jQV9.js:57
[  213406ms] [WARNING] Destination image width or height more than source
src: https://cdn1.tenchat.ru/static/vbc-gostinder/user-picture/1b0b9682-607d-4f87-9273-ef07b8579c0e.jpeg @ https://cdn2.tenchat.ru/_nuxt/fVY6jQV9.js:57
[  213407ms] [WARNING] Destination image width or height more than source
src: https://cdn1.tenchat.ru/static/vbc-gostinder/user-picture/1b0b9682-607d-4f87-9273-ef07b8579c0e.jpeg @ https://cdn2.tenchat.ru/_nuxt/fVY6jQV9.js:57
[  213407ms] [WARNING] Destination image width or height more than source
src: https://cdn1.tenchat.ru/static/vbc-gostinder/user-picture/1b0b9682-607d-4f87-9273-ef07b8579c0e.jpeg @ https://cdn2.tenchat.ru/_nuxt/fVY6jQV9.js:57
[  213407ms] [WARNING] Destination image width or height more than source
src: https://cdn1.tenchat.ru/static/vbc-gostinder/user-picture/1b0b9682-607d-4f87-9273-ef07b8579c0e.jpeg @ https://cdn2.tenchat.ru/_nuxt/fVY6jQV9.js:57
[  213407ms] [WARNING] Destination image width or height more than source
src: https://cdn1.tenchat.ru/static/vbc-gostinder/user-picture/1b0b9682-607d-4f87-9273-ef07b8579c0e.jpeg @ https://cdn2.tenchat.ru/_nuxt/fVY6jQV9.js:57
[  213408ms] [WARNING] Destination image width or height more than source
src: https://cdn1.tenchat.ru/static/vbc-gostinder/user-picture/1b0b9682-607d-4f87-9273-ef07b8579c0e.jpeg @ https://cdn2.tenchat.ru/_nuxt/fVY6jQV9.js:57
[  213408ms] [WARNING] Destination image width or height more than source
src: https://cdn1.tenchat.ru/static/vbc-gostinder/user-picture/1b0b9682-607d-4f87-9273-ef07b8579c0e.jpeg @ https://cdn2.tenchat.ru/_nuxt/fVY6jQV9.js:57
[  213408ms] [WARNING] Destination image width or height more than source
src: https://cdn1.tenchat.ru/static/vbc-gostinder/user-picture/1b0b9682-607d-4f87-9273-ef07b8579c0e.jpeg @ https://cdn2.tenchat.ru/_nuxt/fVY6jQV9.js:57
[  213409ms] [WARNING] Destination image width or height more than source
src: https://cdn1.tenchat.ru/static/vbc-gostinder/user-picture/1b0b9682-607d-4f87-9273-ef07b8579c0e.jpeg @ https://cdn2.tenchat.ru/_nuxt/fVY6jQV9.js:57
[  213409ms] [WARNING] Destination image width or height more than source
src: https://cdn1.tenchat.ru/static/vbc-gostinder/user-picture/1b0b9682-607d-4f87-9273-ef07b8579c0e.jpeg @ https://cdn2.tenchat.ru/_nuxt/fVY6jQV9.js:57
[  213409ms] [WARNING] Destination image width or height more than source
src: https://cdn1.tenchat.ru/static/vbc-gostinder/user-picture/1b0b9682-607d-4f87-9273-ef07b8579c0e.jpeg @ https://cdn2.tenchat.ru/_nuxt/fVY6jQV9.js:57
[  213410ms] [WARNING] Destination image width or height more than source
src: https://cdn1.tenchat.ru/static/vbc-gostinder/user-picture/1b0b9682-607d-4f87-9273-ef07b8579c0e.jpeg @ https://cdn2.tenchat.ru/_nuxt/fVY6jQV9.js:57
[  213410ms] [WARNING] Destination image width or height more than source
src: https://cdn1.tenchat.ru/static/vbc-gostinder/user-picture/1b0b9682-607d-4f87-9273-ef07b8579c0e.jpeg @ https://cdn2.tenchat.ru/_nuxt/fVY6jQV9.js:57
[  213410ms] [WARNING] Destination image width or height more than source
src: https://cdn1.tenchat.ru/static/vbc-gostinder/user-picture/1b0b9682-607d-4f87-9273-ef07b8579c0e.jpeg @ https://cdn2.tenchat.ru/_nuxt/fVY6jQV9.js:57
[  213411ms] [WARNING] Destination image width or height more than source
src: https://cdn1.tenchat.ru/static/vbc-gostinder/user-picture/1b0b9682-607d-4f87-9273-ef07b8579c0e.jpeg @ https://cdn2.tenchat.ru/_nuxt/fVY6jQV9.js:57
[  213865ms] [WARNING] Destination image width or height more than source
src: https://cdn1.tenchat.ru/static/vbc-gostinder/user-picture/c2ad99ad-207d-4db3-8250-68f028bbcc97.jpeg @ https://cdn2.tenchat.ru/_nuxt/fVY6jQV9.js:57
[  213865ms] [WARNING] Destination image width or height more than source
src: https://cdn1.tenchat.ru/static/vbc-gostinder/user-picture/c2ad99ad-207d-4db3-8250-68f028bbcc97.jpeg @ https://cdn2.tenchat.ru/_nuxt/fVY6jQV9.js:57
[  213866ms] [WARNING] Destination image width or height more than source
src: https://cdn1.tenchat.ru/static/vbc-gostinder/user-picture/c2ad99ad-207d-4db3-8250-68f028bbcc97.jpeg @ https://cdn2.tenchat.ru/_nuxt/fVY6jQV9.js:57
[  213866ms] [WARNING] Destination image width or height more than source
src: https://cdn1.tenchat.ru/static/vbc-gostinder/user-picture/c2ad99ad-207d-4db3-8250-68f028bbcc97.jpeg @ https://cdn2.tenchat.ru/_nuxt/fVY6jQV9.js:57
[  213866ms] [WARNING] Destination image width or height more than source
src: https://cdn1.tenchat.ru/static/vbc-gostinder/user-picture/c2ad99ad-207d-4db3-8250-68f028bbcc97.jpeg @ https://cdn2.tenchat.ru/_nuxt/fVY6jQV9.js:57
[  213866ms] [WARNING] Destination image width or height more than source
src: https://cdn1.tenchat.ru/static/vbc-gostinder/user-picture/c2ad99ad-207d-4db3-8250-68f028bbcc97.jpeg @ https://cdn2.tenchat.ru/_nuxt/fVY6jQV9.js:57
[  213867ms] [WARNING] Destination image width or height more than source
src: https://cdn1.tenchat.ru/static/vbc-gostinder/user-picture/c2ad99ad-207d-4db3-8250-68f028bbcc97.jpeg @ https://cdn2.tenchat.ru/_nuxt/fVY6jQV9.js:57
[  213867ms] [WARNING] Destination image width or height more than source
src: https://cdn1.tenchat.ru/static/vbc-gostinder/user-picture/c2ad99ad-207d-4db3-8250-68f028bbcc97.jpeg @ https://cdn2.tenchat.ru/_nuxt/fVY6jQV9.js:57
[  213867ms] [WARNING] Destination image width or height more than source
src: https://cdn1.tenchat.ru/static/vbc-gostinder/user-picture/c2ad99ad-207d-4db3-8250-68f028bbcc97.jpeg @ https://cdn2.tenchat.ru/_nuxt/fVY6jQV9.js:57
[  213867ms] [WARNING] Destination image width or height more than source
src: https://cdn1.tenchat.ru/static/vbc-gostinder/user-picture/c2ad99ad-207d-4db3-8250-68f028bbcc97.jpeg @ https://cdn2.tenchat.ru/_nuxt/fVY6jQV9.js:57
[  213868ms] [WARNING] Destination image width or height more than source
src: https://cdn1.tenchat.ru/static/vbc-gostinder/user-picture/c2ad99ad-207d-4db3-8250-68f028bbcc97.jpeg @ https://cdn2.tenchat.ru/_nuxt/fVY6jQV9.js:57
[  213868ms] [WARNING] Destination image width or height more than source
src: https://cdn1.tenchat.ru/static/vbc-gostinder/user-picture/c2ad99ad-207d-4db3-8250-68f028bbcc97.jpeg @ https://cdn2.tenchat.ru/_nuxt/fVY6jQV9.js:57
[  213868ms] [WARNING] Destination image width or height more than source
src: https://cdn1.tenchat.ru/static/vbc-gostinder/user-picture/c2ad99ad-207d-4db3-8250-68f028bbcc97.jpeg @ https://cdn2.tenchat.ru/_nuxt/fVY6jQV9.js:57
[  213868ms] [WARNING] Destination image width or height more than source
src: https://cdn1.tenchat.ru/static/vbc-gostinder/user-picture/c2ad99ad-207d-4db3-8250-68f028bbcc97.jpeg @ https://cdn2.tenchat.ru/_nuxt/fVY6jQV9.js:57
[  213868ms] [WARNING] Destination image width or height more than source
src: https://cdn1.tenchat.ru/static/vbc-gostinder/user-picture/c2ad99ad-207d-4db3-8250-68f028bbcc97.jpeg @ https://cdn2.tenchat.ru/_nuxt/fVY6jQV9.js:57
[  213869ms] [WARNING] Destination image width or height more than source
src: https://cdn1.tenchat.ru/static/vbc-gostinder/user-picture/c2ad99ad-207d-4db3-8250-68f028bbcc97.jpeg @ https://cdn2.tenchat.ru/_nuxt/fVY6jQV9.js:57
[  213869ms] [WARNING] Destination image width or height more than source
src: https://cdn1.tenchat.ru/static/vbc-gostinder/user-picture/c2ad99ad-207d-4db3-8250-68f028bbcc97.jpeg @ https://cdn2.tenchat.ru/_nuxt/fVY6jQV9.js:57
[  213869ms] [WARNING] Destination image width or height more than source
src: https://cdn1.tenchat.ru/static/vbc-gostinder/user-picture/c2ad99ad-207d-4db3-8250-68f028bbcc97.jpeg @ https://cdn2.tenchat.ru/_nuxt/fVY6jQV9.js:57
[  213869ms] [WARNING] Destination image width or height more than source
src: https://cdn1.tenchat.ru/static/vbc-gostinder/user-picture/c2ad99ad-207d-4db3-8250-68f028bbcc97.jpeg @ https://cdn2.tenchat.ru/_nuxt/fVY6jQV9.js:57
[  213869ms] [WARNING] Destination image width or height more than source
src: https://cdn1.tenchat.ru/static/vbc-gostinder/user-picture/c2ad99ad-207d-4db3-8250-68f028bbcc97.jpeg @ https://cdn2.tenchat.ru/_nuxt/fVY6jQV9.js:57
[  213870ms] [WARNING] Destination image width or height more than source
src: https://cdn1.tenchat.ru/static/vbc-gostinder/user-picture/c2ad99ad-207d-4db3-8250-68f028bbcc97.jpeg @ https://cdn2.tenchat.ru/_nuxt/fVY6jQV9.js:57
[  213870ms] [WARNING] Destination image width or height more than source
src: https://cdn1.tenchat.ru/static/vbc-gostinder/user-picture/c2ad99ad-207d-4db3-8250-68f028bbcc97.jpeg @ https://cdn2.tenchat.ru/_nuxt/fVY6jQV9.js:57
[  213870ms] [WARNING] Destination image width or height more than source
src: https://cdn1.tenchat.ru/static/vbc-gostinder/user-picture/c2ad99ad-207d-4db3-8250-68f028bbcc97.jpeg @ https://cdn2.tenchat.ru/_nuxt/fVY6jQV9.js:57
[  213870ms] [WARNING] Destination image width or height more than source
src: https://cdn1.tenchat.ru/static/vbc-gostinder/user-picture/c2ad99ad-207d-4db3-8250-68f028bbcc97.jpeg @ https://cdn2.tenchat.ru/_nuxt/fVY6jQV9.js:57
[  213870ms] [WARNING] Destination image width or height more than source
src: https://cdn1.tenchat.ru/static/vbc-gostinder/user-picture/c2ad99ad-207d-4db3-8250-68f028bbcc97.jpeg @ https://cdn2.tenchat.ru/_nuxt/fVY6jQV9.js:57
[  213870ms] [WARNING] Destination image width or height more than source
src: https://cdn1.tenchat.ru/static/vbc-gostinder/user-picture/c2ad99ad-207d-4db3-8250-68f028bbcc97.jpeg @ https://cdn2.tenchat.ru/_nuxt/fVY6jQV9.js:57
[  213908ms] [WARNING] Destination image width or height more than source
src: https://cdn1.tenchat.ru/static/vbc-gostinder/user-picture/458f263b-6ecb-4c4a-93e4-f4b0a28f2279.jpeg @ https://cdn2.tenchat.ru/_nuxt/fVY6jQV9.js:57
[  213908ms] [WARNING] Destination image width or height more than source
src: https://cdn1.tenchat.ru/static/vbc-gostinder/user-picture/458f263b-6ecb-4c4a-93e4-f4b0a28f2279.jpeg @ https://cdn2.tenchat.ru/_nuxt/fVY6jQV9.js:57
[  213908ms] [WARNING] Destination image width or height more than source
src: https://cdn1.tenchat.ru/static/vbc-gostinder/user-picture/458f263b-6ecb-4c4a-93e4-f4b0a28f2279.jpeg @ https://cdn2.tenchat.ru/_nuxt/fVY6jQV9.js:57
[  213908ms] [WARNING] Destination image width or height more than source
src: https://cdn1.tenchat.ru/static/vbc-gostinder/user-picture/458f263b-6ecb-4c4a-93e4-f4b0a28f2279.jpeg @ https://cdn2.tenchat.ru/_nuxt/fVY6jQV9.js:57
[  213908ms] [WARNING] Destination image width or height more than source
src: https://cdn1.tenchat.ru/static/vbc-gostinder/user-picture/458f263b-6ecb-4c4a-93e4-f4b0a28f2279.jpeg @ https://cdn2.tenchat.ru/_nuxt/fVY6jQV9.js:57
[  213908ms] [WARNING] Destination image width or height more than source
src: https://cdn1.tenchat.ru/static/vbc-gostinder/user-picture/458f263b-6ecb-4c4a-93e4-f4b0a28f2279.jpeg @ https://cdn2.tenchat.ru/_nuxt/fVY6jQV9.js:57
[  213908ms] [WARNING] Destination image width or height more than source
src: https://cdn1.tenchat.ru/static/vbc-gostinder/user-picture/458f263b-6ecb-4c4a-93e4-f4b0a28f2279.jpeg @ https://cdn2.tenchat.ru/_nuxt/fVY6jQV9.js:57
[  213908ms] [WARNING] Destination image width or height more than source
src: https://cdn1.tenchat.ru/static/vbc-gostinder/user-picture/458f263b-6ecb-4c4a-93e4-f4b0a28f2279.jpeg @ https://cdn2.tenchat.ru/_nuxt/fVY6jQV9.js:57
[  213908ms] [WARNING] Destination image width or height more than source
src: https://cdn1.tenchat.ru/static/vbc-gostinder/user-picture/458f263b-6ecb-4c4a-93e4-f4b0a28f2279.jpeg @ https://cdn2.tenchat.ru/_nuxt/fVY6jQV9.js:57
[  213909ms] [WARNING] Destination image width or height more than source
src: https://cdn1.tenchat.ru/static/vbc-gostinder/user-picture/458f263b-6ecb-4c4a-93e4-f4b0a28f2279.jpeg @ https://cdn2.tenchat.ru/_nuxt/fVY6jQV9.js:57
[  213909ms] [WARNING] Destination image width or height more than source
src: https://cdn1.tenchat.ru/static/vbc-gostinder/user-picture/458f263b-6ecb-4c4a-93e4-f4b0a28f2279.jpeg @ https://cdn2.tenchat.ru/_nuxt/fVY6jQV9.js:57
[  213909ms] [WARNING] Destination image width or height more than source
src: https://cdn1.tenchat.ru/static/vbc-gostinder/user-picture/458f263b-6ecb-4c4a-93e4-f4b0a28f2279.jpeg @ https://cdn2.tenchat.ru/_nuxt/fVY6jQV9.js:57
[  213909ms] [WARNING] Destination image width or height more than source
src: https://cdn1.tenchat.ru/static/vbc-gostinder/user-picture/458f263b-6ecb-4c4a-93e4-f4b0a28f2279.jpeg @ https://cdn2.tenchat.ru/_nuxt/fVY6jQV9.js:57
[  213909ms] [WARNING] Destination image width or height more than source
src: https://cdn1.tenchat.ru/static/vbc-gostinder/user-picture/458f263b-6ecb-4c4a-93e4-f4b0a28f2279.jpeg @ https://cdn2.tenchat.ru/_nuxt/fVY6jQV9.js:57
[  213909ms] [WARNING] Destination image width or height more than source
src: https://cdn1.tenchat.ru/static/vbc-gostinder/user-picture/458f263b-6ecb-4c4a-93e4-f4b0a28f2279.jpeg @ https://cdn2.tenchat.ru/_nuxt/fVY6jQV9.js:57
[  213909ms] [WARNING] Destination image width or height more than source
src: https://cdn1.tenchat.ru/static/vbc-gostinder/user-picture/458f263b-6ecb-4c4a-93e4-f4b0a28f2279.jpeg @ https://cdn2.tenchat.ru/_nuxt/fVY6jQV9.js:57
[  213909ms] [WARNING] Destination image width or height more than source
src: https://cdn1.tenchat.ru/static/vbc-gostinder/user-picture/458f263b-6ecb-4c4a-93e4-f4b0a28f2279.jpeg @ https://cdn2.tenchat.ru/_nuxt/fVY6jQV9.js:57
[  213909ms] [WARNING] Destination image width or height more than source
src: https://cdn1.tenchat.ru/static/vbc-gostinder/user-picture/458f263b-6ecb-4c4a-93e4-f4b0a28f2279.jpeg @ https://cdn2.tenchat.ru/_nuxt/fVY6jQV9.js:57
[  213909ms] [WARNING] Destination image width or height more than source
src: https://cdn1.tenchat.ru/static/vbc-gostinder/user-picture/458f263b-6ecb-4c4a-93e4-f4b0a28f2279.jpeg @ https://cdn2.tenchat.ru/_nuxt/fVY6jQV9.js:57
[  213909ms] [WARNING] Destination image width or height more than source
src: https://cdn1.tenchat.ru/static/vbc-gostinder/user-picture/458f263b-6ecb-4c4a-93e4-f4b0a28f2279.jpeg @ https://cdn2.tenchat.ru/_nuxt/fVY6jQV9.js:57
[  213910ms] [WARNING] Destination image width or height more than source
src: https://cdn1.tenchat.ru/static/vbc-gostinder/user-picture/458f263b-6ecb-4c4a-93e4-f4b0a28f2279.jpeg @ https://cdn2.tenchat.ru/_nuxt/fVY6jQV9.js:57
[  213910ms] [WARNING] Destination image width or height more than source
src: https://cdn1.tenchat.ru/static/vbc-gostinder/user-picture/458f263b-6ecb-4c4a-93e4-f4b0a28f2279.jpeg @ https://cdn2.tenchat.ru/_nuxt/fVY6jQV9.js:57
[  213910ms] [WARNING] Destination image width or height more than source
src: https://cdn1.tenchat.ru/static/vbc-gostinder/user-picture/458f263b-6ecb-4c4a-93e4-f4b0a28f2279.jpeg @ https://cdn2.tenchat.ru/_nuxt/fVY6jQV9.js:57
[  213910ms] [WARNING] Destination image width or height more than source
src: https://cdn1.tenchat.ru/static/vbc-gostinder/user-picture/458f263b-6ecb-4c4a-93e4-f4b0a28f2279.jpeg @ https://cdn2.tenchat.ru/_nuxt/fVY6jQV9.js:57
[  213910ms] [WARNING] Destination image width or height more than source
src: https://cdn1.tenchat.ru/static/vbc-gostinder/user-picture/458f263b-6ecb-4c4a-93e4-f4b0a28f2279.jpeg @ https://cdn2.tenchat.ru/_nuxt/fVY6jQV9.js:57
[  213910ms] [WARNING] Destination image width or height more than source
src: https://cdn1.tenchat.ru/static/vbc-gostinder/user-picture/458f263b-6ecb-4c4a-93e4-f4b0a28f2279.jpeg @ https://cdn2.tenchat.ru/_nuxt/fVY6jQV9.js:57
[  213910ms] [WARNING] Destination image width or height more than source
src: https://cdn1.tenchat.ru/static/vbc-gostinder/user-picture/458f263b-6ecb-4c4a-93e4-f4b0a28f2279.jpeg @ https://cdn2.tenchat.ru/_nuxt/fVY6jQV9.js:57
[  213910ms] [WARNING] Destination image width or height more than source
src: https://cdn1.tenchat.ru/static/vbc-gostinder/user-picture/458f263b-6ecb-4c4a-93e4-f4b0a28f2279.jpeg @ https://cdn2.tenchat.ru/_nuxt/fVY6jQV9.js:57
[  213910ms] [WARNING] Destination image width or height more than source
src: https://cdn1.tenchat.ru/static/vbc-gostinder/user-picture/458f263b-6ecb-4c4a-93e4-f4b0a28f2279.jpeg @ https://cdn2.tenchat.ru/_nuxt/fVY6jQV9.js:57
[  213911ms] [WARNING] Destination image width or height more than source
src: https://cdn1.tenchat.ru/static/vbc-gostinder/user-picture/458f263b-6ecb-4c4a-93e4-f4b0a28f2279.jpeg @ https://cdn2.tenchat.ru/_nuxt/fVY6jQV9.js:57
[  213911ms] [WARNING] Destination image width or height more than source
src: https://cdn1.tenchat.ru/static/vbc-gostinder/user-picture/458f263b-6ecb-4c4a-93e4-f4b0a28f2279.jpeg @ https://cdn2.tenchat.ru/_nuxt/fVY6jQV9.js:57
[  213911ms] [WARNING] Destination image width or height more than source
src: https://cdn1.tenchat.ru/static/vbc-gostinder/user-picture/458f263b-6ecb-4c4a-93e4-f4b0a28f2279.jpeg @ https://cdn2.tenchat.ru/_nuxt/fVY6jQV9.js:57
[  213911ms] [WARNING] Destination image width or height more than source
src: https://cdn1.tenchat.ru/static/vbc-gostinder/user-picture/458f263b-6ecb-4c4a-93e4-f4b0a28f2279.jpeg @ https://cdn2.tenchat.ru/_nuxt/fVY6jQV9.js:57
[  213911ms] [WARNING] Destination image width or height more than source
src: https://cdn1.tenchat.ru/static/vbc-gostinder/user-picture/458f263b-6ecb-4c4a-93e4-f4b0a28f2279.jpeg @ https://cdn2.tenchat.ru/_nuxt/fVY6jQV9.js:57
[  213911ms] [WARNING] Destination image width or height more than source
src: https://cdn1.tenchat.ru/static/vbc-gostinder/user-picture/458f263b-6ecb-4c4a-93e4-f4b0a28f2279.jpeg @ https://cdn2.tenchat.ru/_nuxt/fVY6jQV9.js:57
[  213911ms] [WARNING] Destination image width or height more than source
src: https://cdn1.tenchat.ru/static/vbc-gostinder/user-picture/458f263b-6ecb-4c4a-93e4-f4b0a28f2279.jpeg @ https://cdn2.tenchat.ru/_nuxt/fVY6jQV9.js:57
[  213911ms] [WARNING] Destination image width or height more than source
src: https://cdn1.tenchat.ru/static/vbc-gostinder/user-picture/458f263b-6ecb-4c4a-93e4-f4b0a28f2279.jpeg @ https://cdn2.tenchat.ru/_nuxt/fVY6jQV9.js:57
[  213912ms] [WARNING] Destination image width or height more than source
src: https://cdn1.tenchat.ru/static/vbc-gostinder/user-picture/458f263b-6ecb-4c4a-93e4-f4b0a28f2279.jpeg @ https://cdn2.tenchat.ru/_nuxt/fVY6jQV9.js:57
[  213912ms] [WARNING] Destination image width or height more than source
src: https://cdn1.tenchat.ru/static/vbc-gostinder/user-picture/458f263b-6ecb-4c4a-93e4-f4b0a28f2279.jpeg @ https://cdn2.tenchat.ru/_nuxt/fVY6jQV9.js:57
[  213912ms] [WARNING] Destination image width or height more than source
src: https://cdn1.tenchat.ru/static/vbc-gostinder/user-picture/458f263b-6ecb-4c4a-93e4-f4b0a28f2279.jpeg @ https://cdn2.tenchat.ru/_nuxt/fVY6jQV9.js:57
[  213912ms] [WARNING] Destination image width or height more than source
src: https://cdn1.tenchat.ru/static/vbc-gostinder/user-picture/458f263b-6ecb-4c4a-93e4-f4b0a28f2279.jpeg @ https://cdn2.tenchat.ru/_nuxt/fVY6jQV9.js:57
[  213912ms] [WARNING] Destination image width or height more than source
src: https://cdn1.tenchat.ru/static/vbc-gostinder/user-picture/458f263b-6ecb-4c4a-93e4-f4b0a28f2279.jpeg @ https://cdn2.tenchat.ru/_nuxt/fVY6jQV9.js:57
[  213912ms] [WARNING] Destination image width or height more than source
src: https://cdn1.tenchat.ru/static/vbc-gostinder/user-picture/458f263b-6ecb-4c4a-93e4-f4b0a28f2279.jpeg @ https://cdn2.tenchat.ru/_nuxt/fVY6jQV9.js:57
[  213912ms] [WARNING] Destination image width or height more than source
src: https://cdn1.tenchat.ru/static/vbc-gostinder/user-picture/458f263b-6ecb-4c4a-93e4-f4b0a28f2279.jpeg @ https://cdn2.tenchat.ru/_nuxt/fVY6jQV9.js:57
[  213912ms] [WARNING] Destination image width or height more than source
src: https://cdn1.tenchat.ru/static/vbc-gostinder/user-picture/458f263b-6ecb-4c4a-93e4-f4b0a28f2279.jpeg @ https://cdn2.tenchat.ru/_nuxt/fVY6jQV9.js:57
[  213912ms] [WARNING] Destination image width or height more than source
src: https://cdn1.tenchat.ru/static/vbc-gostinder/user-picture/458f263b-6ecb-4c4a-93e4-f4b0a28f2279.jpeg @ https://cdn2.tenchat.ru/_nuxt/fVY6jQV9.js:57
[  213913ms] [WARNING] Destination image width or height more than source
src: https://cdn1.tenchat.ru/static/vbc-gostinder/user-picture/458f263b-6ecb-4c4a-93e4-f4b0a28f2279.jpeg @ https://cdn2.tenchat.ru/_nuxt/fVY6jQV9.js:57
[  213913ms] [WARNING] Destination image width or height more than source
src: https://cdn1.tenchat.ru/static/vbc-gostinder/user-picture/458f263b-6ecb-4c4a-93e4-f4b0a28f2279.jpeg @ https://cdn2.tenchat.ru/_nuxt/fVY6jQV9.js:57
[  213913ms] [WARNING] Destination image width or height more than source
src: https://cdn1.tenchat.ru/static/vbc-gostinder/user-picture/458f263b-6ecb-4c4a-93e4-f4b0a28f2279.jpeg @ https://cdn2.tenchat.ru/_nuxt/fVY6jQV9.js:57
[  213913ms] [WARNING] Destination image width or height more than source
src: https://cdn1.tenchat.ru/static/vbc-gostinder/user-picture/458f263b-6ecb-4c4a-93e4-f4b0a28f2279.jpeg @ https://cdn2.tenchat.ru/_nuxt/fVY6jQV9.js:57
[  213913ms] [WARNING] Destination image width or height more than source
src: https://cdn1.tenchat.ru/static/vbc-gostinder/user-picture/458f263b-6ecb-4c4a-93e4-f4b0a28f2279.jpeg @ https://cdn2.tenchat.ru/_nuxt/fVY6jQV9.js:57
[  213913ms] [WARNING] Destination image width or height more than source
src: https://cdn1.tenchat.ru/static/vbc-gostinder/user-picture/458f263b-6ecb-4c4a-93e4-f4b0a28f2279.jpeg @ https://cdn2.tenchat.ru/_nuxt/fVY6jQV9.js:57
[  213913ms] [WARNING] Destination image width or height more than source
src: https://cdn1.tenchat.ru/static/vbc-gostinder/user-picture/458f263b-6ecb-4c4a-93e4-f4b0a28f2279.jpeg @ https://cdn2.tenchat.ru/_nuxt/fVY6jQV9.js:57
[  213918ms] [WARNING] Destination image width or height more than source
src: https://cdn1.tenchat.ru/static/vbc-gostinder/user-picture/2ad269f7-363a-489f-b5cf-158dd0b8a0c6.jpg @ https://cdn2.tenchat.ru/_nuxt/fVY6jQV9.js:57
[  213918ms] [WARNING] Destination image width or height more than source
src: https://cdn1.tenchat.ru/static/vbc-gostinder/user-picture/2ad269f7-363a-489f-b5cf-158dd0b8a0c6.jpg @ https://cdn2.tenchat.ru/_nuxt/fVY6jQV9.js:57
[  213918ms] [WARNING] Destination image width or height more than source
src: https://cdn1.tenchat.ru/static/vbc-gostinder/user-picture/2ad269f7-363a-489f-b5cf-158dd0b8a0c6.jpg @ https://cdn2.tenchat.ru/_nuxt/fVY6jQV9.js:57
[  213918ms] [WARNING] Destination image width or height more than source
src: https://cdn1.tenchat.ru/static/vbc-gostinder/user-picture/2ad269f7-363a-489f-b5cf-158dd0b8a0c6.jpg @ https://cdn2.tenchat.ru/_nuxt/fVY6jQV9.js:57
[  213919ms] [WARNING] Destination image width or height more than source
src: https://cdn1.tenchat.ru/static/vbc-gostinder/user-picture/2ad269f7-363a-489f-b5cf-158dd0b8a0c6.jpg @ https://cdn2.tenchat.ru/_nuxt/fVY6jQV9.js:57
[  213919ms] [WARNING] Destination image width or height more than source
src: https://cdn1.tenchat.ru/static/vbc-gostinder/user-picture/2ad269f7-363a-489f-b5cf-158dd0b8a0c6.jpg @ https://cdn2.tenchat.ru/_nuxt/fVY6jQV9.js:57
[  213919ms] [WARNING] Destination image width or height more than source
src: https://cdn1.tenchat.ru/static/vbc-gostinder/user-picture/2ad269f7-363a-489f-b5cf-158dd0b8a0c6.jpg @ https://cdn2.tenchat.ru/_nuxt/fVY6jQV9.js:57
[  213919ms] [WARNING] Destination image width or height more than source
src: https://cdn1.tenchat.ru/static/vbc-gostinder/user-picture/2ad269f7-363a-489f-b5cf-158dd0b8a0c6.jpg @ https://cdn2.tenchat.ru/_nuxt/fVY6jQV9.js:57
[  213919ms] [WARNING] Destination image width or height more than source
src: https://cdn1.tenchat.ru/static/vbc-gostinder/user-picture/2ad269f7-363a-489f-b5cf-158dd0b8a0c6.jpg @ https://cdn2.tenchat.ru/_nuxt/fVY6jQV9.js:57
[  213919ms] [WARNING] Destination image width or height more than source
src: https://cdn1.tenchat.ru/static/vbc-gostinder/user-picture/2ad269f7-363a-489f-b5cf-158dd0b8a0c6.jpg @ https://cdn2.tenchat.ru/_nuxt/fVY6jQV9.js:57
[  213919ms] [WARNING] Destination image width or height more than source
src: https://cdn1.tenchat.ru/static/vbc-gostinder/user-picture/2ad269f7-363a-489f-b5cf-158dd0b8a0c6.jpg @ https://cdn2.tenchat.ru/_nuxt/fVY6jQV9.js:57
[  213919ms] [WARNING] Destination image width or height more than source
src: https://cdn1.tenchat.ru/static/vbc-gostinder/user-picture/2ad269f7-363a-489f-b5cf-158dd0b8a0c6.jpg @ https://cdn2.tenchat.ru/_nuxt/fVY6jQV9.js:57
[  213919ms] [WARNING] Destination image width or height more than source
src: https://cdn1.tenchat.ru/static/vbc-gostinder/user-picture/2ad269f7-363a-489f-b5cf-158dd0b8a0c6.jpg @ https://cdn2.tenchat.ru/_nuxt/fVY6jQV9.js:57
[  213919ms] [WARNING] Destination image width or height more than source
src: https://cdn1.tenchat.ru/static/vbc-gostinder/user-picture/2ad269f7-363a-489f-b5cf-158dd0b8a0c6.jpg @ https://cdn2.tenchat.ru/_nuxt/fVY6jQV9.js:57
[  213920ms] [WARNING] Destination image width or height more than source
src: https://cdn1.tenchat.ru/static/vbc-gostinder/user-picture/2ad269f7-363a-489f-b5cf-158dd0b8a0c6.jpg @ https://cdn2.tenchat.ru/_nuxt/fVY6jQV9.js:57
[  213920ms] [WARNING] Destination image width or height more than source
src: https://cdn1.tenchat.ru/static/vbc-gostinder/user-picture/2ad269f7-363a-489f-b5cf-158dd0b8a0c6.jpg @ https://cdn2.tenchat.ru/_nuxt/fVY6jQV9.js:57
[  213920ms] [WARNING] Destination image width or height more than source
src: https://cdn1.tenchat.ru/static/vbc-gostinder/user-picture/2ad269f7-363a-489f-b5cf-158dd0b8a0c6.jpg @ https://cdn2.tenchat.ru/_nuxt/fVY6jQV9.js:57
[  213920ms] [WARNING] Destination image width or height more than source
src: https://cdn1.tenchat.ru/static/vbc-gostinder/user-picture/2ad269f7-363a-489f-b5cf-158dd0b8a0c6.jpg @ https://cdn2.tenchat.ru/_nuxt/fVY6jQV9.js:57
[  213920ms] [WARNING] Destination image width or height more than source
src: https://cdn1.tenchat.ru/static/vbc-gostinder/user-picture/2ad269f7-363a-489f-b5cf-158dd0b8a0c6.jpg @ https://cdn2.tenchat.ru/_nuxt/fVY6jQV9.js:57
[  213920ms] [WARNING] Destination image width or height more than source
src: https://cdn1.tenchat.ru/static/vbc-gostinder/user-picture/2ad269f7-363a-489f-b5cf-158dd0b8a0c6.jpg @ https://cdn2.tenchat.ru/_nuxt/fVY6jQV9.js:57
[  213920ms] [WARNING] Destination image width or height more than source
src: https://cdn1.tenchat.ru/static/vbc-gostinder/user-picture/2ad269f7-363a-489f-b5cf-158dd0b8a0c6.jpg @ https://cdn2.tenchat.ru/_nuxt/fVY6jQV9.js:57
[  213920ms] [WARNING] Destination image width or height more than source
src: https://cdn1.tenchat.ru/static/vbc-gostinder/user-picture/2ad269f7-363a-489f-b5cf-158dd0b8a0c6.jpg @ https://cdn2.tenchat.ru/_nuxt/fVY6jQV9.js:57
[  213920ms] [WARNING] Destination image width or height more than source
src: https://cdn1.tenchat.ru/static/vbc-gostinder/user-picture/2ad269f7-363a-489f-b5cf-158dd0b8a0c6.jpg @ https://cdn2.tenchat.ru/_nuxt/fVY6jQV9.js:57
[  213920ms] [WARNING] Destination image width or height more than source
src: https://cdn1.tenchat.ru/static/vbc-gostinder/user-picture/2ad269f7-363a-489f-b5cf-158dd0b8a0c6.jpg @ https://cdn2.tenchat.ru/_nuxt/fVY6jQV9.js:57
[  213920ms] [WARNING] Destination image width or height more than source
src: https://cdn1.tenchat.ru/static/vbc-gostinder/user-picture/2ad269f7-363a-489f-b5cf-158dd0b8a0c6.jpg @ https://cdn2.tenchat.ru/_nuxt/fVY6jQV9.js:57
[  213921ms] [WARNING] Destination image width or height more than source
src: https://cdn1.tenchat.ru/static/vbc-gostinder/user-picture/2ad269f7-363a-489f-b5cf-158dd0b8a0c6.jpg @ https://cdn2.tenchat.ru/_nuxt/fVY6jQV9.js:57
[  213921ms] [WARNING] Destination image width or height more than source
src: https://cdn1.tenchat.ru/static/vbc-gostinder/user-picture/2ad269f7-363a-489f-b5cf-158dd0b8a0c6.jpg @ https://cdn2.tenchat.ru/_nuxt/fVY6jQV9.js:57
[  213921ms] [WARNING] Destination image width or height more than source
src: https://cdn1.tenchat.ru/static/vbc-gostinder/user-picture/2ad269f7-363a-489f-b5cf-158dd0b8a0c6.jpg @ https://cdn2.tenchat.ru/_nuxt/fVY6jQV9.js:57
[  213921ms] [WARNING] Destination image width or height more than source
src: https://cdn1.tenchat.ru/static/vbc-gostinder/user-picture/2ad269f7-363a-489f-b5cf-158dd0b8a0c6.jpg @ https://cdn2.tenchat.ru/_nuxt/fVY6jQV9.js:57
[  213921ms] [WARNING] Destination image width or height more than source
src: https://cdn1.tenchat.ru/static/vbc-gostinder/user-picture/2ad269f7-363a-489f-b5cf-158dd0b8a0c6.jpg @ https://cdn2.tenchat.ru/_nuxt/fVY6jQV9.js:57
[  213921ms] [WARNING] Destination image width or height more than source
src: https://cdn1.tenchat.ru/static/vbc-gostinder/user-picture/2ad269f7-363a-489f-b5cf-158dd0b8a0c6.jpg @ https://cdn2.tenchat.ru/_nuxt/fVY6jQV9.js:57
[  213921ms] [WARNING] Destination image width or height more than source
src: https://cdn1.tenchat.ru/static/vbc-gostinder/user-picture/2ad269f7-363a-489f-b5cf-158dd0b8a0c6.jpg @ https://cdn2.tenchat.ru/_nuxt/fVY6jQV9.js:57
[  213921ms] [WARNING] Destination image width or height more than source
src: https://cdn1.tenchat.ru/static/vbc-gostinder/user-picture/2ad269f7-363a-489f-b5cf-158dd0b8a0c6.jpg @ https://cdn2.tenchat.ru/_nuxt/fVY6jQV9.js:57
[  213921ms] [WARNING] Destination image width or height more than source
src: https://cdn1.tenchat.ru/static/vbc-gostinder/user-picture/2ad269f7-363a-489f-b5cf-158dd0b8a0c6.jpg @ https://cdn2.tenchat.ru/_nuxt/fVY6jQV9.js:57
[  213921ms] [WARNING] Destination image width or height more than source
src: https://cdn1.tenchat.ru/static/vbc-gostinder/user-picture/2ad269f7-363a-489f-b5cf-158dd0b8a0c6.jpg @ https://cdn2.tenchat.ru/_nuxt/fVY6jQV9.js:57
[  213922ms] [WARNING] Destination image width or height more than source
src: https://cdn1.tenchat.ru/static/vbc-gostinder/user-picture/2ad269f7-363a-489f-b5cf-158dd0b8a0c6.jpg @ https://cdn2.tenchat.ru/_nuxt/fVY6jQV9.js:57
[  213922ms] [WARNING] Destination image width or height more than source
src: https://cdn1.tenchat.ru/static/vbc-gostinder/user-picture/2ad269f7-363a-489f-b5cf-158dd0b8a0c6.jpg @ https://cdn2.tenchat.ru/_nuxt/fVY6jQV9.js:57
[  213922ms] [WARNING] Destination image width or height more than source
src: https://cdn1.tenchat.ru/static/vbc-gostinder/user-picture/2ad269f7-363a-489f-b5cf-158dd0b8a0c6.jpg @ https://cdn2.tenchat.ru/_nuxt/fVY6jQV9.js:57
[  213922ms] [WARNING] Destination image width or height more than source
src: https://cdn1.tenchat.ru/static/vbc-gostinder/user-picture/2ad269f7-363a-489f-b5cf-158dd0b8a0c6.jpg @ https://cdn2.tenchat.ru/_nuxt/fVY6jQV9.js:57
[  213922ms] [WARNING] Destination image width or height more than source
src: https://cdn1.tenchat.ru/static/vbc-gostinder/user-picture/2ad269f7-363a-489f-b5cf-158dd0b8a0c6.jpg @ https://cdn2.tenchat.ru/_nuxt/fVY6jQV9.js:57
[  213923ms] [WARNING] Destination image width or height more than source
src: https://cdn1.tenchat.ru/static/vbc-gostinder/user-picture/2ad269f7-363a-489f-b5cf-158dd0b8a0c6.jpg @ https://cdn2.tenchat.ru/_nuxt/fVY6jQV9.js:57
[  213923ms] [WARNING] Destination image width or height more than source
src: https://cdn1.tenchat.ru/static/vbc-gostinder/user-picture/2ad269f7-363a-489f-b5cf-158dd0b8a0c6.jpg @ https://cdn2.tenchat.ru/_nuxt/fVY6jQV9.js:57
[  213923ms] [WARNING] Destination image width or height more than source
src: https://cdn1.tenchat.ru/static/vbc-gostinder/user-picture/2ad269f7-363a-489f-b5cf-158dd0b8a0c6.jpg @ https://cdn2.tenchat.ru/_nuxt/fVY6jQV9.js:57
[  213924ms] [WARNING] Destination image width or height more than source
src: https://cdn1.tenchat.ru/static/vbc-gostinder/user-picture/2ad269f7-363a-489f-b5cf-158dd0b8a0c6.jpg @ https://cdn2.tenchat.ru/_nuxt/fVY6jQV9.js:57
[  213924ms] [WARNING] Destination image width or height more than source
src: https://cdn1.tenchat.ru/static/vbc-gostinder/user-picture/2ad269f7-363a-489f-b5cf-158dd0b8a0c6.jpg @ https://cdn2.tenchat.ru/_nuxt/fVY6jQV9.js:57
[  213924ms] [WARNING] Destination image width or height more than source
src: https://cdn1.tenchat.ru/static/vbc-gostinder/user-picture/2ad269f7-363a-489f-b5cf-158dd0b8a0c6.jpg @ https://cdn2.tenchat.ru/_nuxt/fVY6jQV9.js:57
[  213924ms] [WARNING] Destination image width or height more than source
src: https://cdn1.tenchat.ru/static/vbc-gostinder/user-picture/2ad269f7-363a-489f-b5cf-158dd0b8a0c6.jpg @ https://cdn2.tenchat.ru/_nuxt/fVY6jQV9.js:57
[  213925ms] [WARNING] Destination image width or height more than source
src: https://cdn1.tenchat.ru/static/vbc-gostinder/user-picture/2ad269f7-363a-489f-b5cf-158dd0b8a0c6.jpg @ https://cdn2.tenchat.ru/_nuxt/fVY6jQV9.js:57
[  213925ms] [WARNING] Destination image width or height more than source
src: https://cdn1.tenchat.ru/static/vbc-gostinder/user-picture/2ad269f7-363a-489f-b5cf-158dd0b8a0c6.jpg @ https://cdn2.tenchat.ru/_nuxt/fVY6jQV9.js:57
[  213925ms] [WARNING] Destination image width or height more than source
src: https://cdn1.tenchat.ru/static/vbc-gostinder/user-picture/2ad269f7-363a-489f-b5cf-158dd0b8a0c6.jpg @ https://cdn2.tenchat.ru/_nuxt/fVY6jQV9.js:57
[  213926ms] [WARNING] Destination image width or height more than source
src: https://cdn1.tenchat.ru/static/vbc-gostinder/user-picture/2ad269f7-363a-489f-b5cf-158dd0b8a0c6.jpg @ https://cdn2.tenchat.ru/_nuxt/fVY6jQV9.js:57
[  213926ms] [WARNING] Destination image width or height more than source
src: https://cdn1.tenchat.ru/static/vbc-gostinder/user-picture/2ad269f7-363a-489f-b5cf-158dd0b8a0c6.jpg @ https://cdn2.tenchat.ru/_nuxt/fVY6jQV9.js:57
[  213926ms] [WARNING] Destination image width or height more than source
src: https://cdn1.tenchat.ru/static/vbc-gostinder/user-picture/2ad269f7-363a-489f-b5cf-158dd0b8a0c6.jpg @ https://cdn2.tenchat.ru/_nuxt/fVY6jQV9.js:57
[  213929ms] [WARNING] Destination image width or height more than source
src: https://cdn1.tenchat.ru/static/vbc-gostinder/user-picture/30ae3f93-1798-419a-b693-70f654c69ef0.jpeg @ https://cdn2.tenchat.ru/_nuxt/fVY6jQV9.js:57
[  213929ms] [WARNING] Destination image width or height more than source
src: https://cdn1.tenchat.ru/static/vbc-gostinder/user-picture/30ae3f93-1798-419a-b693-70f654c69ef0.jpeg @ https://cdn2.tenchat.ru/_nuxt/fVY6jQV9.js:57
[  213929ms] [WARNING] Destination image width or height more than source
src: https://cdn1.tenchat.ru/static/vbc-gostinder/user-picture/30ae3f93-1798-419a-b693-70f654c69ef0.jpeg @ https://cdn2.tenchat.ru/_nuxt/fVY6jQV9.js:57
[  213930ms] [WARNING] Destination image width or height more than source
src: https://cdn1.tenchat.ru/static/vbc-gostinder/user-picture/30ae3f93-1798-419a-b693-70f654c69ef0.jpeg @ https://cdn2.tenchat.ru/_nuxt/fVY6jQV9.js:57
[  213930ms] [WARNING] Destination image width or height more than source
src: https://cdn1.tenchat.ru/static/vbc-gostinder/user-picture/30ae3f93-1798-419a-b693-70f654c69ef0.jpeg @ https://cdn2.tenchat.ru/_nuxt/fVY6jQV9.js:57
[  213930ms] [WARNING] Destination image width or height more than source
src: https://cdn1.tenchat.ru/static/vbc-gostinder/user-picture/30ae3f93-1798-419a-b693-70f654c69ef0.jpeg @ https://cdn2.tenchat.ru/_nuxt/fVY6jQV9.js:57
[  213930ms] [WARNING] Destination image width or height more than source
src: https://cdn1.tenchat.ru/static/vbc-gostinder/user-picture/30ae3f93-1798-419a-b693-70f654c69ef0.jpeg @ https://cdn2.tenchat.ru/_nuxt/fVY6jQV9.js:57
[  213930ms] [WARNING] Destination image width or height more than source
src: https://cdn1.tenchat.ru/static/vbc-gostinder/user-picture/30ae3f93-1798-419a-b693-70f654c69ef0.jpeg @ https://cdn2.tenchat.ru/_nuxt/fVY6jQV9.js:57
[  213930ms] [WARNING] Destination image width or height more than source
src: https://cdn1.tenchat.ru/static/vbc-gostinder/user-picture/30ae3f93-1798-419a-b693-70f654c69ef0.jpeg @ https://cdn2.tenchat.ru/_nuxt/fVY6jQV9.js:57
[  213930ms] [WARNING] Destination image width or height more than source
src: https://cdn1.tenchat.ru/static/vbc-gostinder/user-picture/30ae3f93-1798-419a-b693-70f654c69ef0.jpeg @ https://cdn2.tenchat.ru/_nuxt/fVY6jQV9.js:57
[  213930ms] [WARNING] Destination image width or height more than source
src: https://cdn1.tenchat.ru/static/vbc-gostinder/user-picture/30ae3f93-1798-419a-b693-70f654c69ef0.jpeg @ https://cdn2.tenchat.ru/_nuxt/fVY6jQV9.js:57
[  213930ms] [WARNING] Destination image width or height more than source
src: https://cdn1.tenchat.ru/static/vbc-gostinder/user-picture/30ae3f93-1798-419a-b693-70f654c69ef0.jpeg @ https://cdn2.tenchat.ru/_nuxt/fVY6jQV9.js:57
[  213930ms] [WARNING] Destination image width or height more than source
src: https://cdn1.tenchat.ru/static/vbc-gostinder/user-picture/30ae3f93-1798-419a-b693-70f654c69ef0.jpeg @ https://cdn2.tenchat.ru/_nuxt/fVY6jQV9.js:57
[  213931ms] [WARNING] Destination image width or height more than source
src: https://cdn1.tenchat.ru/static/vbc-gostinder/user-picture/30ae3f93-1798-419a-b693-70f654c69ef0.jpeg @ https://cdn2.tenchat.ru/_nuxt/fVY6jQV9.js:57
[  213931ms] [WARNING] Destination image width or height more than source
src: https://cdn1.tenchat.ru/static/vbc-gostinder/user-picture/30ae3f93-1798-419a-b693-70f654c69ef0.jpeg @ https://cdn2.tenchat.ru/_nuxt/fVY6jQV9.js:57
[  213931ms] [WARNING] Destination image width or height more than source
src: https://cdn1.tenchat.ru/static/vbc-gostinder/user-picture/30ae3f93-1798-419a-b693-70f654c69ef0.jpeg @ https://cdn2.tenchat.ru/_nuxt/fVY6jQV9.js:57
[  213931ms] [WARNING] Destination image width or height more than source
src: https://cdn1.tenchat.ru/static/vbc-gostinder/user-picture/30ae3f93-1798-419a-b693-70f654c69ef0.jpeg @ https://cdn2.tenchat.ru/_nuxt/fVY6jQV9.js:57
[  213931ms] [WARNING] Destination image width or height more than source
src: https://cdn1.tenchat.ru/static/vbc-gostinder/user-picture/30ae3f93-1798-419a-b693-70f654c69ef0.jpeg @ https://cdn2.tenchat.ru/_nuxt/fVY6jQV9.js:57
[  213931ms] [WARNING] Destination image width or height more than source
src: https://cdn1.tenchat.ru/static/vbc-gostinder/user-picture/30ae3f93-1798-419a-b693-70f654c69ef0.jpeg @ https://cdn2.tenchat.ru/_nuxt/fVY6jQV9.js:57
[  213932ms] [WARNING] Destination image width or height more than source
src: https://cdn1.tenchat.ru/static/vbc-gostinder/user-picture/30ae3f93-1798-419a-b693-70f654c69ef0.jpeg @ https://cdn2.tenchat.ru/_nuxt/fVY6jQV9.js:57
[  213932ms] [WARNING] Destination image width or height more than source
src: https://cdn1.tenchat.ru/static/vbc-gostinder/user-picture/30ae3f93-1798-419a-b693-70f654c69ef0.jpeg @ https://cdn2.tenchat.ru/_nuxt/fVY6jQV9.js:57
[  213932ms] [WARNING] Destination image width or height more than source
src: https://cdn1.tenchat.ru/static/vbc-gostinder/user-picture/30ae3f93-1798-419a-b693-70f654c69ef0.jpeg @ https://cdn2.tenchat.ru/_nuxt/fVY6jQV9.js:57
[  213932ms] [WARNING] Destination image width or height more than source
src: https://cdn1.tenchat.ru/static/vbc-gostinder/user-picture/30ae3f93-1798-419a-b693-70f654c69ef0.jpeg @ https://cdn2.tenchat.ru/_nuxt/fVY6jQV9.js:57
[  213932ms] [WARNING] Destination image width or height more than source
src: https://cdn1.tenchat.ru/static/vbc-gostinder/user-picture/30ae3f93-1798-419a-b693-70f654c69ef0.jpeg @ https://cdn2.tenchat.ru/_nuxt/fVY6jQV9.js:57
[  213932ms] [WARNING] Destination image width or height more than source
src: https://cdn1.tenchat.ru/static/vbc-gostinder/user-picture/30ae3f93-1798-419a-b693-70f654c69ef0.jpeg @ https://cdn2.tenchat.ru/_nuxt/fVY6jQV9.js:57
[  213933ms] [WARNING] Destination image width or height more than source
src: https://cdn1.tenchat.ru/static/vbc-gostinder/user-picture/30ae3f93-1798-419a-b693-70f654c69ef0.jpeg @ https://cdn2.tenchat.ru/_nuxt/fVY6jQV9.js:57
[  214946ms] [WARNING] Destination image width or height more than source
src: https://cdn1.tenchat.ru/static/vbc-gostinder/user-picture/458f263b-6ecb-4c4a-93e4-f4b0a28f2279.jpeg @ https://cdn2.tenchat.ru/_nuxt/fVY6jQV9.js:57
[  214947ms] [WARNING] Destination image width or height more than source
src: https://cdn1.tenchat.ru/static/vbc-gostinder/user-picture/458f263b-6ecb-4c4a-93e4-f4b0a28f2279.jpeg @ https://cdn2.tenchat.ru/_nuxt/fVY6jQV9.js:57
[  214947ms] [WARNING] Destination image width or height more than source
src: https://cdn1.tenchat.ru/static/vbc-gostinder/user-picture/458f263b-6ecb-4c4a-93e4-f4b0a28f2279.jpeg @ https://cdn2.tenchat.ru/_nuxt/fVY6jQV9.js:57
[  214947ms] [WARNING] Destination image width or height more than source
src: https://cdn1.tenchat.ru/static/vbc-gostinder/user-picture/458f263b-6ecb-4c4a-93e4-f4b0a28f2279.jpeg @ https://cdn2.tenchat.ru/_nuxt/fVY6jQV9.js:57
[  214948ms] [WARNING] Destination image width or height more than source
src: https://cdn1.tenchat.ru/static/vbc-gostinder/user-picture/458f263b-6ecb-4c4a-93e4-f4b0a28f2279.jpeg @ https://cdn2.tenchat.ru/_nuxt/fVY6jQV9.js:57
[  214948ms] [WARNING] Destination image width or height more than source
src: https://cdn1.tenchat.ru/static/vbc-gostinder/user-picture/458f263b-6ecb-4c4a-93e4-f4b0a28f2279.jpeg @ https://cdn2.tenchat.ru/_nuxt/fVY6jQV9.js:57
[  214949ms] [WARNING] Destination image width or height more than source
src: https://cdn1.tenchat.ru/static/vbc-gostinder/user-picture/458f263b-6ecb-4c4a-93e4-f4b0a28f2279.jpeg @ https://cdn2.tenchat.ru/_nuxt/fVY6jQV9.js:57
[  214949ms] [WARNING] Destination image width or height more than source
src: https://cdn1.tenchat.ru/static/vbc-gostinder/user-picture/458f263b-6ecb-4c4a-93e4-f4b0a28f2279.jpeg @ https://cdn2.tenchat.ru/_nuxt/fVY6jQV9.js:57
[  214950ms] [WARNING] Destination image width or height more than source
src: https://cdn1.tenchat.ru/static/vbc-gostinder/user-picture/458f263b-6ecb-4c4a-93e4-f4b0a28f2279.jpeg @ https://cdn2.tenchat.ru/_nuxt/fVY6jQV9.js:57
[  214950ms] [WARNING] Destination image width or height more than source
src: https://cdn1.tenchat.ru/static/vbc-gostinder/user-picture/458f263b-6ecb-4c4a-93e4-f4b0a28f2279.jpeg @ https://cdn2.tenchat.ru/_nuxt/fVY6jQV9.js:57
[  214950ms] [WARNING] Destination image width or height more than source
src: https://cdn1.tenchat.ru/static/vbc-gostinder/user-picture/458f263b-6ecb-4c4a-93e4-f4b0a28f2279.jpeg @ https://cdn2.tenchat.ru/_nuxt/fVY6jQV9.js:57
[  214951ms] [WARNING] Destination image width or height more than source
src: https://cdn1.tenchat.ru/static/vbc-gostinder/user-picture/458f263b-6ecb-4c4a-93e4-f4b0a28f2279.jpeg @ https://cdn2.tenchat.ru/_nuxt/fVY6jQV9.js:57
[  214951ms] [WARNING] Destination image width or height more than source
src: https://cdn1.tenchat.ru/static/vbc-gostinder/user-picture/458f263b-6ecb-4c4a-93e4-f4b0a28f2279.jpeg @ https://cdn2.tenchat.ru/_nuxt/fVY6jQV9.js:57
[  214951ms] [WARNING] Destination image width or height more than source
src: https://cdn1.tenchat.ru/static/vbc-gostinder/user-picture/458f263b-6ecb-4c4a-93e4-f4b0a28f2279.jpeg @ https://cdn2.tenchat.ru/_nuxt/fVY6jQV9.js:57
[  214952ms] [WARNING] Destination image width or height more than source
src: https://cdn1.tenchat.ru/static/vbc-gostinder/user-picture/458f263b-6ecb-4c4a-93e4-f4b0a28f2279.jpeg @ https://cdn2.tenchat.ru/_nuxt/fVY6jQV9.js:57
[  214952ms] [WARNING] Destination image width or height more than source
src: https://cdn1.tenchat.ru/static/vbc-gostinder/user-picture/458f263b-6ecb-4c4a-93e4-f4b0a28f2279.jpeg @ https://cdn2.tenchat.ru/_nuxt/fVY6jQV9.js:57
[  214952ms] [WARNING] Destination image width or height more than source
src: https://cdn1.tenchat.ru/static/vbc-gostinder/user-picture/458f263b-6ecb-4c4a-93e4-f4b0a28f2279.jpeg @ https://cdn2.tenchat.ru/_nuxt/fVY6jQV9.js:57
[  214953ms] [WARNING] Destination image width or height more than source
src: https://cdn1.tenchat.ru/static/vbc-gostinder/user-picture/458f263b-6ecb-4c4a-93e4-f4b0a28f2279.jpeg @ https://cdn2.tenchat.ru/_nuxt/fVY6jQV9.js:57
[  214953ms] [WARNING] Destination image width or height more than source
src: https://cdn1.tenchat.ru/static/vbc-gostinder/user-picture/458f263b-6ecb-4c4a-93e4-f4b0a28f2279.jpeg @ https://cdn2.tenchat.ru/_nuxt/fVY6jQV9.js:57
[  214953ms] [WARNING] Destination image width or height more than source
src: https://cdn1.tenchat.ru/static/vbc-gostinder/user-picture/458f263b-6ecb-4c4a-93e4-f4b0a28f2279.jpeg @ https://cdn2.tenchat.ru/_nuxt/fVY6jQV9.js:57
[  214954ms] [WARNING] Destination image width or height more than source
src: https://cdn1.tenchat.ru/static/vbc-gostinder/user-picture/458f263b-6ecb-4c4a-93e4-f4b0a28f2279.jpeg @ https://cdn2.tenchat.ru/_nuxt/fVY6jQV9.js:57
[  214954ms] [WARNING] Destination image width or height more than source
src: https://cdn1.tenchat.ru/static/vbc-gostinder/user-picture/458f263b-6ecb-4c4a-93e4-f4b0a28f2279.jpeg @ https://cdn2.tenchat.ru/_nuxt/fVY6jQV9.js:57
[  214954ms] [WARNING] Destination image width or height more than source
src: https://cdn1.tenchat.ru/static/vbc-gostinder/user-picture/458f263b-6ecb-4c4a-93e4-f4b0a28f2279.jpeg @ https://cdn2.tenchat.ru/_nuxt/fVY6jQV9.js:57
[  214954ms] [WARNING] Destination image width or height more than source
src: https://cdn1.tenchat.ru/static/vbc-gostinder/user-picture/458f263b-6ecb-4c4a-93e4-f4b0a28f2279.jpeg @ https://cdn2.tenchat.ru/_nuxt/fVY6jQV9.js:57
[  214955ms] [WARNING] Destination image width or height more than source
src: https://cdn1.tenchat.ru/static/vbc-gostinder/user-picture/458f263b-6ecb-4c4a-93e4-f4b0a28f2279.jpeg @ https://cdn2.tenchat.ru/_nuxt/fVY6jQV9.js:57
[  214955ms] [WARNING] Destination image width or height more than source
src: https://cdn1.tenchat.ru/static/vbc-gostinder/user-picture/458f263b-6ecb-4c4a-93e4-f4b0a28f2279.jpeg @ https://cdn2.tenchat.ru/_nuxt/fVY6jQV9.js:57
[  214958ms] [WARNING] Destination image width or height more than source
src: https://cdn1.tenchat.ru/static/vbc-gostinder/user-picture/b2f26f13-3d65-4927-bf45-9cd5cda84b0e.jpeg @ https://cdn2.tenchat.ru/_nuxt/fVY6jQV9.js:57
[  214959ms] [WARNING] Destination image width or height more than source
src: https://cdn1.tenchat.ru/static/vbc-gostinder/user-picture/b2f26f13-3d65-4927-bf45-9cd5cda84b0e.jpeg @ https://cdn2.tenchat.ru/_nuxt/fVY6jQV9.js:57
[  214959ms] [WARNING] Destination image width or height more than source
src: https://cdn1.tenchat.ru/static/vbc-gostinder/user-picture/b2f26f13-3d65-4927-bf45-9cd5cda84b0e.jpeg @ https://cdn2.tenchat.ru/_nuxt/fVY6jQV9.js:57
[  214959ms] [WARNING] Destination image width or height more than source
src: https://cdn1.tenchat.ru/static/vbc-gostinder/user-picture/b2f26f13-3d65-4927-bf45-9cd5cda84b0e.jpeg @ https://cdn2.tenchat.ru/_nuxt/fVY6jQV9.js:57
[  214959ms] [WARNING] Destination image width or height more than source
src: https://cdn1.tenchat.ru/static/vbc-gostinder/user-picture/b2f26f13-3d65-4927-bf45-9cd5cda84b0e.jpeg @ https://cdn2.tenchat.ru/_nuxt/fVY6jQV9.js:57
[  214960ms] [WARNING] Destination image width or height more than source
src: https://cdn1.tenchat.ru/static/vbc-gostinder/user-picture/b2f26f13-3d65-4927-bf45-9cd5cda84b0e.jpeg @ https://cdn2.tenchat.ru/_nuxt/fVY6jQV9.js:57
[  214960ms] [WARNING] Destination image width or height more than source
src: https://cdn1.tenchat.ru/static/vbc-gostinder/user-picture/b2f26f13-3d65-4927-bf45-9cd5cda84b0e.jpeg @ https://cdn2.tenchat.ru/_nuxt/fVY6jQV9.js:57
[  214960ms] [WARNING] Destination image width or height more than source
src: https://cdn1.tenchat.ru/static/vbc-gostinder/user-picture/b2f26f13-3d65-4927-bf45-9cd5cda84b0e.jpeg @ https://cdn2.tenchat.ru/_nuxt/fVY6jQV9.js:57
[  214961ms] [WARNING] Destination image width or height more than source
src: https://cdn1.tenchat.ru/static/vbc-gostinder/user-picture/b2f26f13-3d65-4927-bf45-9cd5cda84b0e.jpeg @ https://cdn2.tenchat.ru/_nuxt/fVY6jQV9.js:57
[  214961ms] [WARNING] Destination image width or height more than source
src: https://cdn1.tenchat.ru/static/vbc-gostinder/user-picture/b2f26f13-3d65-4927-bf45-9cd5cda84b0e.jpeg @ https://cdn2.tenchat.ru/_nuxt/fVY6jQV9.js:57
[  214961ms] [WARNING] Destination image width or height more than source
src: https://cdn1.tenchat.ru/static/vbc-gostinder/user-picture/b2f26f13-3d65-4927-bf45-9cd5cda84b0e.jpeg @ https://cdn2.tenchat.ru/_nuxt/fVY6jQV9.js:57
[  214961ms] [WARNING] Destination image width or height more than source
src: https://cdn1.tenchat.ru/static/vbc-gostinder/user-picture/b2f26f13-3d65-4927-bf45-9cd5cda84b0e.jpeg @ https://cdn2.tenchat.ru/_nuxt/fVY6jQV9.js:57
[  214962ms] [WARNING] Destination image width or height more than source
src: https://cdn1.tenchat.ru/static/vbc-gostinder/user-picture/b2f26f13-3d65-4927-bf45-9cd5cda84b0e.jpeg @ https://cdn2.tenchat.ru/_nuxt/fVY6jQV9.js:57
[  214962ms] [WARNING] Destination image width or height more than source
src: https://cdn1.tenchat.ru/static/vbc-gostinder/user-picture/b2f26f13-3d65-4927-bf45-9cd5cda84b0e.jpeg @ https://cdn2.tenchat.ru/_nuxt/fVY6jQV9.js:57
[  214962ms] [WARNING] Destination image width or height more than source
src: https://cdn1.tenchat.ru/static/vbc-gostinder/user-picture/b2f26f13-3d65-4927-bf45-9cd5cda84b0e.jpeg @ https://cdn2.tenchat.ru/_nuxt/fVY6jQV9.js:57
[  214963ms] [WARNING] Destination image width or height more than source
src: https://cdn1.tenchat.ru/static/vbc-gostinder/user-picture/b2f26f13-3d65-4927-bf45-9cd5cda84b0e.jpeg @ https://cdn2.tenchat.ru/_nuxt/fVY6jQV9.js:57
[  214963ms] [WARNING] Destination image width or height more than source
src: https://cdn1.tenchat.ru/static/vbc-gostinder/user-picture/b2f26f13-3d65-4927-bf45-9cd5cda84b0e.jpeg @ https://cdn2.tenchat.ru/_nuxt/fVY6jQV9.js:57
[  214963ms] [WARNING] Destination image width or height more than source
src: https://cdn1.tenchat.ru/static/vbc-gostinder/user-picture/b2f26f13-3d65-4927-bf45-9cd5cda84b0e.jpeg @ https://cdn2.tenchat.ru/_nuxt/fVY6jQV9.js:57
[  214963ms] [WARNING] Destination image width or height more than source
src: https://cdn1.tenchat.ru/static/vbc-gostinder/user-picture/b2f26f13-3d65-4927-bf45-9cd5cda84b0e.jpeg @ https://cdn2.tenchat.ru/_nuxt/fVY6jQV9.js:57
[  214964ms] [WARNING] Destination image width or height more than source
src: https://cdn1.tenchat.ru/static/vbc-gostinder/user-picture/b2f26f13-3d65-4927-bf45-9cd5cda84b0e.jpeg @ https://cdn2.tenchat.ru/_nuxt/fVY6jQV9.js:57
[  214964ms] [WARNING] Destination image width or height more than source
src: https://cdn1.tenchat.ru/static/vbc-gostinder/user-picture/b2f26f13-3d65-4927-bf45-9cd5cda84b0e.jpeg @ https://cdn2.tenchat.ru/_nuxt/fVY6jQV9.js:57
[  214964ms] [WARNING] Destination image width or height more than source
src: https://cdn1.tenchat.ru/static/vbc-gostinder/user-picture/b2f26f13-3d65-4927-bf45-9cd5cda84b0e.jpeg @ https://cdn2.tenchat.ru/_nuxt/fVY6jQV9.js:57
[  214964ms] [WARNING] Destination image width or height more than source
src: https://cdn1.tenchat.ru/static/vbc-gostinder/user-picture/b2f26f13-3d65-4927-bf45-9cd5cda84b0e.jpeg @ https://cdn2.tenchat.ru/_nuxt/fVY6jQV9.js:57
[  214965ms] [WARNING] Destination image width or height more than source
src: https://cdn1.tenchat.ru/static/vbc-gostinder/user-picture/b2f26f13-3d65-4927-bf45-9cd5cda84b0e.jpeg @ https://cdn2.tenchat.ru/_nuxt/fVY6jQV9.js:57
[  214965ms] [WARNING] Destination image width or height more than source
src: https://cdn1.tenchat.ru/static/vbc-gostinder/user-picture/b2f26f13-3d65-4927-bf45-9cd5cda84b0e.jpeg @ https://cdn2.tenchat.ru/_nuxt/fVY6jQV9.js:57
[  214965ms] [WARNING] Destination image width or height more than source
src: https://cdn1.tenchat.ru/static/vbc-gostinder/user-picture/b2f26f13-3d65-4927-bf45-9cd5cda84b0e.jpeg @ https://cdn2.tenchat.ru/_nuxt/fVY6jQV9.js:57
[  214967ms] [WARNING] Destination image width or height more than source
src: https://cdn1.tenchat.ru/static/vbc-gostinder/user-picture/2ad269f7-363a-489f-b5cf-158dd0b8a0c6.jpg @ https://cdn2.tenchat.ru/_nuxt/fVY6jQV9.js:57
[  214967ms] [WARNING] Destination image width or height more than source
src: https://cdn1.tenchat.ru/static/vbc-gostinder/user-picture/2ad269f7-363a-489f-b5cf-158dd0b8a0c6.jpg @ https://cdn2.tenchat.ru/_nuxt/fVY6jQV9.js:57
[  214967ms] [WARNING] Destination image width or height more than source
src: https://cdn1.tenchat.ru/static/vbc-gostinder/user-picture/2ad269f7-363a-489f-b5cf-158dd0b8a0c6.jpg @ https://cdn2.tenchat.ru/_nuxt/fVY6jQV9.js:57
[  214968ms] [WARNING] Destination image width or height more than source
src: https://cdn1.tenchat.ru/static/vbc-gostinder/user-picture/2ad269f7-363a-489f-b5cf-158dd0b8a0c6.jpg @ https://cdn2.tenchat.ru/_nuxt/fVY6jQV9.js:57
[  214968ms] [WARNING] Destination image width or height more than source
src: https://cdn1.tenchat.ru/static/vbc-gostinder/user-picture/2ad269f7-363a-489f-b5cf-158dd0b8a0c6.jpg @ https://cdn2.tenchat.ru/_nuxt/fVY6jQV9.js:57
[  214968ms] [WARNING] Destination image width or height more than source
src: https://cdn1.tenchat.ru/static/vbc-gostinder/user-picture/2ad269f7-363a-489f-b5cf-158dd0b8a0c6.jpg @ https://cdn2.tenchat.ru/_nuxt/fVY6jQV9.js:57
[  214968ms] [WARNING] Destination image width or height more than source
src: https://cdn1.tenchat.ru/static/vbc-gostinder/user-picture/2ad269f7-363a-489f-b5cf-158dd0b8a0c6.jpg @ https://cdn2.tenchat.ru/_nuxt/fVY6jQV9.js:57
[  214969ms] [WARNING] Destination image width or height more than source
src: https://cdn1.tenchat.ru/static/vbc-gostinder/user-picture/2ad269f7-363a-489f-b5cf-158dd0b8a0c6.jpg @ https://cdn2.tenchat.ru/_nuxt/fVY6jQV9.js:57
[  214969ms] [WARNING] Destination image width or height more than source
src: https://cdn1.tenchat.ru/static/vbc-gostinder/user-picture/2ad269f7-363a-489f-b5cf-158dd0b8a0c6.jpg @ https://cdn2.tenchat.ru/_nuxt/fVY6jQV9.js:57
[  214969ms] [WARNING] Destination image width or height more than source
src: https://cdn1.tenchat.ru/static/vbc-gostinder/user-picture/2ad269f7-363a-489f-b5cf-158dd0b8a0c6.jpg @ https://cdn2.tenchat.ru/_nuxt/fVY6jQV9.js:57
[  214969ms] [WARNING] Destination image width or height more than source
src: https://cdn1.tenchat.ru/static/vbc-gostinder/user-picture/2ad269f7-363a-489f-b5cf-158dd0b8a0c6.jpg @ https://cdn2.tenchat.ru/_nuxt/fVY6jQV9.js:57
[  214970ms] [WARNING] Destination image width or height more than source
src: https://cdn1.tenchat.ru/static/vbc-gostinder/user-picture/2ad269f7-363a-489f-b5cf-158dd0b8a0c6.jpg @ https://cdn2.tenchat.ru/_nuxt/fVY6jQV9.js:57
[  214970ms] [WARNING] Destination image width or height more than source
src: https://cdn1.tenchat.ru/static/vbc-gostinder/user-picture/2ad269f7-363a-489f-b5cf-158dd0b8a0c6.jpg @ https://cdn2.tenchat.ru/_nuxt/fVY6jQV9.js:57
[  214970ms] [WARNING] Destination image width or height more than source
src: https://cdn1.tenchat.ru/static/vbc-gostinder/user-picture/2ad269f7-363a-489f-b5cf-158dd0b8a0c6.jpg @ https://cdn2.tenchat.ru/_nuxt/fVY6jQV9.js:57
[  214970ms] [WARNING] Destination image width or height more than source
src: https://cdn1.tenchat.ru/static/vbc-gostinder/user-picture/2ad269f7-363a-489f-b5cf-158dd0b8a0c6.jpg @ https://cdn2.tenchat.ru/_nuxt/fVY6jQV9.js:57
[  214971ms] [WARNING] Destination image width or height more than source
src: https://cdn1.tenchat.ru/static/vbc-gostinder/user-picture/2ad269f7-363a-489f-b5cf-158dd0b8a0c6.jpg @ https://cdn2.tenchat.ru/_nuxt/fVY6jQV9.js:57
[  214971ms] [WARNING] Destination image width or height more than source
src: https://cdn1.tenchat.ru/static/vbc-gostinder/user-picture/2ad269f7-363a-489f-b5cf-158dd0b8a0c6.jpg @ https://cdn2.tenchat.ru/_nuxt/fVY6jQV9.js:57
[  214971ms] [WARNING] Destination image width or height more than source
src: https://cdn1.tenchat.ru/static/vbc-gostinder/user-picture/2ad269f7-363a-489f-b5cf-158dd0b8a0c6.jpg @ https://cdn2.tenchat.ru/_nuxt/fVY6jQV9.js:57
[  214971ms] [WARNING] Destination image width or height more than source
src: https://cdn1.tenchat.ru/static/vbc-gostinder/user-picture/2ad269f7-363a-489f-b5cf-158dd0b8a0c6.jpg @ https://cdn2.tenchat.ru/_nuxt/fVY6jQV9.js:57
[  214972ms] [WARNING] Destination image width or height more than source
src: https://cdn1.tenchat.ru/static/vbc-gostinder/user-picture/2ad269f7-363a-489f-b5cf-158dd0b8a0c6.jpg @ https://cdn2.tenchat.ru/_nuxt/fVY6jQV9.js:57
[  214972ms] [WARNING] Destination image width or height more than source
src: https://cdn1.tenchat.ru/static/vbc-gostinder/user-picture/2ad269f7-363a-489f-b5cf-158dd0b8a0c6.jpg @ https://cdn2.tenchat.ru/_nuxt/fVY6jQV9.js:57
[  214972ms] [WARNING] Destination image width or height more than source
src: https://cdn1.tenchat.ru/static/vbc-gostinder/user-picture/2ad269f7-363a-489f-b5cf-158dd0b8a0c6.jpg @ https://cdn2.tenchat.ru/_nuxt/fVY6jQV9.js:57
[  214972ms] [WARNING] Destination image width or height more than source
src: https://cdn1.tenchat.ru/static/vbc-gostinder/user-picture/2ad269f7-363a-489f-b5cf-158dd0b8a0c6.jpg @ https://cdn2.tenchat.ru/_nuxt/fVY6jQV9.js:57
[  214973ms] [WARNING] Destination image width or height more than source
src: https://cdn1.tenchat.ru/static/vbc-gostinder/user-picture/2ad269f7-363a-489f-b5cf-158dd0b8a0c6.jpg @ https://cdn2.tenchat.ru/_nuxt/fVY6jQV9.js:57
[  214973ms] [WARNING] Destination image width or height more than source
src: https://cdn1.tenchat.ru/static/vbc-gostinder/user-picture/2ad269f7-363a-489f-b5cf-158dd0b8a0c6.jpg @ https://cdn2.tenchat.ru/_nuxt/fVY6jQV9.js:57
[  214973ms] [WARNING] Destination image width or height more than source
src: https://cdn1.tenchat.ru/static/vbc-gostinder/user-picture/2ad269f7-363a-489f-b5cf-158dd0b8a0c6.jpg @ https://cdn2.tenchat.ru/_nuxt/fVY6jQV9.js:57
[  215810ms] [WARNING] Destination image width or height more than source
src: https://cdn1.tenchat.ru/static/vbc-gostinder/user-picture/b2f26f13-3d65-4927-bf45-9cd5cda84b0e.jpeg @ https://cdn2.tenchat.ru/_nuxt/fVY6jQV9.js:57
[  215810ms] [WARNING] Destination image width or height more than source
src: https://cdn1.tenchat.ru/static/vbc-gostinder/user-picture/b2f26f13-3d65-4927-bf45-9cd5cda84b0e.jpeg @ https://cdn2.tenchat.ru/_nuxt/fVY6jQV9.js:57
[  215810ms] [WARNING] Destination image width or height more than source
src: https://cdn1.tenchat.ru/static/vbc-gostinder/user-picture/b2f26f13-3d65-4927-bf45-9cd5cda84b0e.jpeg @ https://cdn2.tenchat.ru/_nuxt/fVY6jQV9.js:57
[  215810ms] [WARNING] Destination image width or height more than source
src: https://cdn1.tenchat.ru/static/vbc-gostinder/user-picture/b2f26f13-3d65-4927-bf45-9cd5cda84b0e.jpeg @ https://cdn2.tenchat.ru/_nuxt/fVY6jQV9.js:57
[  215811ms] [WARNING] Destination image width or height more than source
src: https://cdn1.tenchat.ru/static/vbc-gostinder/user-picture/b2f26f13-3d65-4927-bf45-9cd5cda84b0e.jpeg @ https://cdn2.tenchat.ru/_nuxt/fVY6jQV9.js:57
[  215811ms] [WARNING] Destination image width or height more than source
src: https://cdn1.tenchat.ru/static/vbc-gostinder/user-picture/b2f26f13-3d65-4927-bf45-9cd5cda84b0e.jpeg @ https://cdn2.tenchat.ru/_nuxt/fVY6jQV9.js:57
[  215811ms] [WARNING] Destination image width or height more than source
src: https://cdn1.tenchat.ru/static/vbc-gostinder/user-picture/b2f26f13-3d65-4927-bf45-9cd5cda84b0e.jpeg @ https://cdn2.tenchat.ru/_nuxt/fVY6jQV9.js:57
[  215811ms] [WARNING] Destination image width or height more than source
src: https://cdn1.tenchat.ru/static/vbc-gostinder/user-picture/b2f26f13-3d65-4927-bf45-9cd5cda84b0e.jpeg @ https://cdn2.tenchat.ru/_nuxt/fVY6jQV9.js:57
[  215811ms] [WARNING] Destination image width or height more than source
src: https://cdn1.tenchat.ru/static/vbc-gostinder/user-picture/b2f26f13-3d65-4927-bf45-9cd5cda84b0e.jpeg @ https://cdn2.tenchat.ru/_nuxt/fVY6jQV9.js:57
[  215811ms] [WARNING] Destination image width or height more than source
src: https://cdn1.tenchat.ru/static/vbc-gostinder/user-picture/b2f26f13-3d65-4927-bf45-9cd5cda84b0e.jpeg @ https://cdn2.tenchat.ru/_nuxt/fVY6jQV9.js:57
[  215812ms] [WARNING] Destination image width or height more than source
src: https://cdn1.tenchat.ru/static/vbc-gostinder/user-picture/b2f26f13-3d65-4927-bf45-9cd5cda84b0e.jpeg @ https://cdn2.tenchat.ru/_nuxt/fVY6jQV9.js:57
[  215812ms] [WARNING] Destination image width or height more than source
src: https://cdn1.tenchat.ru/static/vbc-gostinder/user-picture/b2f26f13-3d65-4927-bf45-9cd5cda84b0e.jpeg @ https://cdn2.tenchat.ru/_nuxt/fVY6jQV9.js:57
[  215812ms] [WARNING] Destination image width or height more than source
src: https://cdn1.tenchat.ru/static/vbc-gostinder/user-picture/b2f26f13-3d65-4927-bf45-9cd5cda84b0e.jpeg @ https://cdn2.tenchat.ru/_nuxt/fVY6jQV9.js:57
[  215812ms] [WARNING] Destination image width or height more than source
src: https://cdn1.tenchat.ru/static/vbc-gostinder/user-picture/b2f26f13-3d65-4927-bf45-9cd5cda84b0e.jpeg @ https://cdn2.tenchat.ru/_nuxt/fVY6jQV9.js:57
[  215812ms] [WARNING] Destination image width or height more than source
src: https://cdn1.tenchat.ru/static/vbc-gostinder/user-picture/b2f26f13-3d65-4927-bf45-9cd5cda84b0e.jpeg @ https://cdn2.tenchat.ru/_nuxt/fVY6jQV9.js:57
[  215812ms] [WARNING] Destination image width or height more than source
src: https://cdn1.tenchat.ru/static/vbc-gostinder/user-picture/b2f26f13-3d65-4927-bf45-9cd5cda84b0e.jpeg @ https://cdn2.tenchat.ru/_nuxt/fVY6jQV9.js:57
[  215813ms] [WARNING] Destination image width or height more than source
src: https://cdn1.tenchat.ru/static/vbc-gostinder/user-picture/b2f26f13-3d65-4927-bf45-9cd5cda84b0e.jpeg @ https://cdn2.tenchat.ru/_nuxt/fVY6jQV9.js:57
[  215813ms] [WARNING] Destination image width or height more than source
src: https://cdn1.tenchat.ru/static/vbc-gostinder/user-picture/b2f26f13-3d65-4927-bf45-9cd5cda84b0e.jpeg @ https://cdn2.tenchat.ru/_nuxt/fVY6jQV9.js:57
[  215813ms] [WARNING] Destination image width or height more than source
src: https://cdn1.tenchat.ru/static/vbc-gostinder/user-picture/b2f26f13-3d65-4927-bf45-9cd5cda84b0e.jpeg @ https://cdn2.tenchat.ru/_nuxt/fVY6jQV9.js:57
[  215813ms] [WARNING] Destination image width or height more than source
src: https://cdn1.tenchat.ru/static/vbc-gostinder/user-picture/b2f26f13-3d65-4927-bf45-9cd5cda84b0e.jpeg @ https://cdn2.tenchat.ru/_nuxt/fVY6jQV9.js:57
[  215813ms] [WARNING] Destination image width or height more than source
src: https://cdn1.tenchat.ru/static/vbc-gostinder/user-picture/b2f26f13-3d65-4927-bf45-9cd5cda84b0e.jpeg @ https://cdn2.tenchat.ru/_nuxt/fVY6jQV9.js:57
[  215813ms] [WARNING] Destination image width or height more than source
src: https://cdn1.tenchat.ru/static/vbc-gostinder/user-picture/b2f26f13-3d65-4927-bf45-9cd5cda84b0e.jpeg @ https://cdn2.tenchat.ru/_nuxt/fVY6jQV9.js:57
[  215814ms] [WARNING] Destination image width or height more than source
src: https://cdn1.tenchat.ru/static/vbc-gostinder/user-picture/b2f26f13-3d65-4927-bf45-9cd5cda84b0e.jpeg @ https://cdn2.tenchat.ru/_nuxt/fVY6jQV9.js:57
[  215814ms] [WARNING] Destination image width or height more than source
src: https://cdn1.tenchat.ru/static/vbc-gostinder/user-picture/b2f26f13-3d65-4927-bf45-9cd5cda84b0e.jpeg @ https://cdn2.tenchat.ru/_nuxt/fVY6jQV9.js:57
[  215814ms] [WARNING] Destination image width or height more than source
src: https://cdn1.tenchat.ru/static/vbc-gostinder/user-picture/b2f26f13-3d65-4927-bf45-9cd5cda84b0e.jpeg @ https://cdn2.tenchat.ru/_nuxt/fVY6jQV9.js:57
[  215814ms] [WARNING] Destination image width or height more than source
src: https://cdn1.tenchat.ru/static/vbc-gostinder/user-picture/b2f26f13-3d65-4927-bf45-9cd5cda84b0e.jpeg @ https://cdn2.tenchat.ru/_nuxt/fVY6jQV9.js:57
[  215816ms] [WARNING] Destination image width or height more than source
src: https://cdn1.tenchat.ru/static/vbc-gostinder/user-picture/af7db234-000b-4091-8b50-7f824c9736a8.jpeg @ https://cdn2.tenchat.ru/_nuxt/fVY6jQV9.js:57
[  215816ms] [WARNING] Destination image width or height more than source
src: https://cdn1.tenchat.ru/static/vbc-gostinder/user-picture/af7db234-000b-4091-8b50-7f824c9736a8.jpeg @ https://cdn2.tenchat.ru/_nuxt/fVY6jQV9.js:57
[  215817ms] [WARNING] Destination image width or height more than source
src: https://cdn1.tenchat.ru/static/vbc-gostinder/user-picture/af7db234-000b-4091-8b50-7f824c9736a8.jpeg @ https://cdn2.tenchat.ru/_nuxt/fVY6jQV9.js:57
[  215817ms] [WARNING] Destination image width or height more than source
src: https://cdn1.tenchat.ru/static/vbc-gostinder/user-picture/af7db234-000b-4091-8b50-7f824c9736a8.jpeg @ https://cdn2.tenchat.ru/_nuxt/fVY6jQV9.js:57
[  215817ms] [WARNING] Destination image width or height more than source
src: https://cdn1.tenchat.ru/static/vbc-gostinder/user-picture/af7db234-000b-4091-8b50-7f824c9736a8.jpeg @ https://cdn2.tenchat.ru/_nuxt/fVY6jQV9.js:57
[  215817ms] [WARNING] Destination image width or height more than source
src: https://cdn1.tenchat.ru/static/vbc-gostinder/user-picture/af7db234-000b-4091-8b50-7f824c9736a8.jpeg @ https://cdn2.tenchat.ru/_nuxt/fVY6jQV9.js:57
[  215817ms] [WARNING] Destination image width or height more than source
src: https://cdn1.tenchat.ru/static/vbc-gostinder/user-picture/af7db234-000b-4091-8b50-7f824c9736a8.jpeg @ https://cdn2.tenchat.ru/_nuxt/fVY6jQV9.js:57
[  215817ms] [WARNING] Destination image width or height more than source
src: https://cdn1.tenchat.ru/static/vbc-gostinder/user-picture/af7db234-000b-4091-8b50-7f824c9736a8.jpeg @ https://cdn2.tenchat.ru/_nuxt/fVY6jQV9.js:57
[  215817ms] [WARNING] Destination image width or height more than source
src: https://cdn1.tenchat.ru/static/vbc-gostinder/user-picture/af7db234-000b-4091-8b50-7f824c9736a8.jpeg @ https://cdn2.tenchat.ru/_nuxt/fVY6jQV9.js:57
[  215818ms] [WARNING] Destination image width or height more than source
src: https://cdn1.tenchat.ru/static/vbc-gostinder/user-picture/af7db234-000b-4091-8b50-7f824c9736a8.jpeg @ https://cdn2.tenchat.ru/_nuxt/fVY6jQV9.js:57
[  215818ms] [WARNING] Destination image width or height more than source
src: https://cdn1.tenchat.ru/static/vbc-gostinder/user-picture/af7db234-000b-4091-8b50-7f824c9736a8.jpeg @ https://cdn2.tenchat.ru/_nuxt/fVY6jQV9.js:57
[  215818ms] [WARNING] Destination image width or height more than source
src: https://cdn1.tenchat.ru/static/vbc-gostinder/user-picture/af7db234-000b-4091-8b50-7f824c9736a8.jpeg @ https://cdn2.tenchat.ru/_nuxt/fVY6jQV9.js:57
[  215818ms] [WARNING] Destination image width or height more than source
src: https://cdn1.tenchat.ru/static/vbc-gostinder/user-picture/af7db234-000b-4091-8b50-7f824c9736a8.jpeg @ https://cdn2.tenchat.ru/_nuxt/fVY6jQV9.js:57
[  215818ms] [WARNING] Destination image width or height more than source
src: https://cdn1.tenchat.ru/static/vbc-gostinder/user-picture/af7db234-000b-4091-8b50-7f824c9736a8.jpeg @ https://cdn2.tenchat.ru/_nuxt/fVY6jQV9.js:57
[  215818ms] [WARNING] Destination image width or height more than source
src: https://cdn1.tenchat.ru/static/vbc-gostinder/user-picture/af7db234-000b-4091-8b50-7f824c9736a8.jpeg @ https://cdn2.tenchat.ru/_nuxt/fVY6jQV9.js:57
[  215818ms] [WARNING] Destination image width or height more than source
src: https://cdn1.tenchat.ru/static/vbc-gostinder/user-picture/af7db234-000b-4091-8b50-7f824c9736a8.jpeg @ https://cdn2.tenchat.ru/_nuxt/fVY6jQV9.js:57
[  215819ms] [WARNING] Destination image width or height more than source
src: https://cdn1.tenchat.ru/static/vbc-gostinder/user-picture/af7db234-000b-4091-8b50-7f824c9736a8.jpeg @ https://cdn2.tenchat.ru/_nuxt/fVY6jQV9.js:57
[  215819ms] [WARNING] Destination image width or height more than source
src: https://cdn1.tenchat.ru/static/vbc-gostinder/user-picture/af7db234-000b-4091-8b50-7f824c9736a8.jpeg @ https://cdn2.tenchat.ru/_nuxt/fVY6jQV9.js:57
[  215819ms] [WARNING] Destination image width or height more than source
src: https://cdn1.tenchat.ru/static/vbc-gostinder/user-picture/af7db234-000b-4091-8b50-7f824c9736a8.jpeg @ https://cdn2.tenchat.ru/_nuxt/fVY6jQV9.js:57
[  215819ms] [WARNING] Destination image width or height more than source
src: https://cdn1.tenchat.ru/static/vbc-gostinder/user-picture/af7db234-000b-4091-8b50-7f824c9736a8.jpeg @ https://cdn2.tenchat.ru/_nuxt/fVY6jQV9.js:57
[  215819ms] [WARNING] Destination image width or height more than source
src: https://cdn1.tenchat.ru/static/vbc-gostinder/user-picture/af7db234-000b-4091-8b50-7f824c9736a8.jpeg @ https://cdn2.tenchat.ru/_nuxt/fVY6jQV9.js:57
[  215819ms] [WARNING] Destination image width or height more than source
src: https://cdn1.tenchat.ru/static/vbc-gostinder/user-picture/af7db234-000b-4091-8b50-7f824c9736a8.jpeg @ https://cdn2.tenchat.ru/_nuxt/fVY6jQV9.js:57
[  215819ms] [WARNING] Destination image width or height more than source
src: https://cdn1.tenchat.ru/static/vbc-gostinder/user-picture/af7db234-000b-4091-8b50-7f824c9736a8.jpeg @ https://cdn2.tenchat.ru/_nuxt/fVY6jQV9.js:57
[  215819ms] [WARNING] Destination image width or height more than source
src: https://cdn1.tenchat.ru/static/vbc-gostinder/user-picture/af7db234-000b-4091-8b50-7f824c9736a8.jpeg @ https://cdn2.tenchat.ru/_nuxt/fVY6jQV9.js:57
[  215820ms] [WARNING] Destination image width or height more than source
src: https://cdn1.tenchat.ru/static/vbc-gostinder/user-picture/af7db234-000b-4091-8b50-7f824c9736a8.jpeg @ https://cdn2.tenchat.ru/_nuxt/fVY6jQV9.js:57
[  215820ms] [WARNING] Destination image width or height more than source
src: https://cdn1.tenchat.ru/static/vbc-gostinder/user-picture/af7db234-000b-4091-8b50-7f824c9736a8.jpeg @ https://cdn2.tenchat.ru/_nuxt/fVY6jQV9.js:57
[  215820ms] [WARNING] Destination image width or height more than source
src: https://cdn1.tenchat.ru/static/vbc-gostinder/user-picture/af7db234-000b-4091-8b50-7f824c9736a8.jpeg @ https://cdn2.tenchat.ru/_nuxt/fVY6jQV9.js:57
[  215820ms] [WARNING] Destination image width or height more than source
src: https://cdn1.tenchat.ru/static/vbc-gostinder/user-picture/af7db234-000b-4091-8b50-7f824c9736a8.jpeg @ https://cdn2.tenchat.ru/_nuxt/fVY6jQV9.js:57
[  215820ms] [WARNING] Destination image width or height more than source
src: https://cdn1.tenchat.ru/static/vbc-gostinder/user-picture/af7db234-000b-4091-8b50-7f824c9736a8.jpeg @ https://cdn2.tenchat.ru/_nuxt/fVY6jQV9.js:57
[  215820ms] [WARNING] Destination image width or height more than source
src: https://cdn1.tenchat.ru/static/vbc-gostinder/user-picture/af7db234-000b-4091-8b50-7f824c9736a8.jpeg @ https://cdn2.tenchat.ru/_nuxt/fVY6jQV9.js:57
[  215820ms] [WARNING] Destination image width or height more than source
src: https://cdn1.tenchat.ru/static/vbc-gostinder/user-picture/af7db234-000b-4091-8b50-7f824c9736a8.jpeg @ https://cdn2.tenchat.ru/_nuxt/fVY6jQV9.js:57
[  215820ms] [WARNING] Destination image width or height more than source
src: https://cdn1.tenchat.ru/static/vbc-gostinder/user-picture/af7db234-000b-4091-8b50-7f824c9736a8.jpeg @ https://cdn2.tenchat.ru/_nuxt/fVY6jQV9.js:57
[  215821ms] [WARNING] Destination image width or height more than source
src: https://cdn1.tenchat.ru/static/vbc-gostinder/user-picture/af7db234-000b-4091-8b50-7f824c9736a8.jpeg @ https://cdn2.tenchat.ru/_nuxt/fVY6jQV9.js:57
[  215821ms] [WARNING] Destination image width or height more than source
src: https://cdn1.tenchat.ru/static/vbc-gostinder/user-picture/af7db234-000b-4091-8b50-7f824c9736a8.jpeg @ https://cdn2.tenchat.ru/_nuxt/fVY6jQV9.js:57
[  215821ms] [WARNING] Destination image width or height more than source
src: https://cdn1.tenchat.ru/static/vbc-gostinder/user-picture/af7db234-000b-4091-8b50-7f824c9736a8.jpeg @ https://cdn2.tenchat.ru/_nuxt/fVY6jQV9.js:57
[  215821ms] [WARNING] Destination image width or height more than source
src: https://cdn1.tenchat.ru/static/vbc-gostinder/user-picture/af7db234-000b-4091-8b50-7f824c9736a8.jpeg @ https://cdn2.tenchat.ru/_nuxt/fVY6jQV9.js:57
[  215821ms] [WARNING] Destination image width or height more than source
src: https://cdn1.tenchat.ru/static/vbc-gostinder/user-picture/af7db234-000b-4091-8b50-7f824c9736a8.jpeg @ https://cdn2.tenchat.ru/_nuxt/fVY6jQV9.js:57
[  215821ms] [WARNING] Destination image width or height more than source
src: https://cdn1.tenchat.ru/static/vbc-gostinder/user-picture/af7db234-000b-4091-8b50-7f824c9736a8.jpeg @ https://cdn2.tenchat.ru/_nuxt/fVY6jQV9.js:57
[  215821ms] [WARNING] Destination image width or height more than source
src: https://cdn1.tenchat.ru/static/vbc-gostinder/user-picture/af7db234-000b-4091-8b50-7f824c9736a8.jpeg @ https://cdn2.tenchat.ru/_nuxt/fVY6jQV9.js:57
[  215822ms] [WARNING] Destination image width or height more than source
src: https://cdn1.tenchat.ru/static/vbc-gostinder/user-picture/af7db234-000b-4091-8b50-7f824c9736a8.jpeg @ https://cdn2.tenchat.ru/_nuxt/fVY6jQV9.js:57
[  215822ms] [WARNING] Destination image width or height more than source
src: https://cdn1.tenchat.ru/static/vbc-gostinder/user-picture/af7db234-000b-4091-8b50-7f824c9736a8.jpeg @ https://cdn2.tenchat.ru/_nuxt/fVY6jQV9.js:57
[  215822ms] [WARNING] Destination image width or height more than source
src: https://cdn1.tenchat.ru/static/vbc-gostinder/user-picture/af7db234-000b-4091-8b50-7f824c9736a8.jpeg @ https://cdn2.tenchat.ru/_nuxt/fVY6jQV9.js:57
[  215822ms] [WARNING] Destination image width or height more than source
src: https://cdn1.tenchat.ru/static/vbc-gostinder/user-picture/af7db234-000b-4091-8b50-7f824c9736a8.jpeg @ https://cdn2.tenchat.ru/_nuxt/fVY6jQV9.js:57
[  215822ms] [WARNING] Destination image width or height more than source
src: https://cdn1.tenchat.ru/static/vbc-gostinder/user-picture/af7db234-000b-4091-8b50-7f824c9736a8.jpeg @ https://cdn2.tenchat.ru/_nuxt/fVY6jQV9.js:57
[  215822ms] [WARNING] Destination image width or height more than source
src: https://cdn1.tenchat.ru/static/vbc-gostinder/user-picture/af7db234-000b-4091-8b50-7f824c9736a8.jpeg @ https://cdn2.tenchat.ru/_nuxt/fVY6jQV9.js:57
[  215822ms] [WARNING] Destination image width or height more than source
src: https://cdn1.tenchat.ru/static/vbc-gostinder/user-picture/af7db234-000b-4091-8b50-7f824c9736a8.jpeg @ https://cdn2.tenchat.ru/_nuxt/fVY6jQV9.js:57
[  215823ms] [WARNING] Destination image width or height more than source
src: https://cdn1.tenchat.ru/static/vbc-gostinder/user-picture/af7db234-000b-4091-8b50-7f824c9736a8.jpeg @ https://cdn2.tenchat.ru/_nuxt/fVY6jQV9.js:57
[  215823ms] [WARNING] Destination image width or height more than source
src: https://cdn1.tenchat.ru/static/vbc-gostinder/user-picture/af7db234-000b-4091-8b50-7f824c9736a8.jpeg @ https://cdn2.tenchat.ru/_nuxt/fVY6jQV9.js:57
[  215823ms] [WARNING] Destination image width or height more than source
src: https://cdn1.tenchat.ru/static/vbc-gostinder/user-picture/af7db234-000b-4091-8b50-7f824c9736a8.jpeg @ https://cdn2.tenchat.ru/_nuxt/fVY6jQV9.js:57
[  215823ms] [WARNING] Destination image width or height more than source
src: https://cdn1.tenchat.ru/static/vbc-gostinder/user-picture/af7db234-000b-4091-8b50-7f824c9736a8.jpeg @ https://cdn2.tenchat.ru/_nuxt/fVY6jQV9.js:57
[  215823ms] [WARNING] Destination image width or height more than source
src: https://cdn1.tenchat.ru/static/vbc-gostinder/user-picture/af7db234-000b-4091-8b50-7f824c9736a8.jpeg @ https://cdn2.tenchat.ru/_nuxt/fVY6jQV9.js:57
[  215823ms] [WARNING] Destination image width or height more than source
src: https://cdn1.tenchat.ru/static/vbc-gostinder/user-picture/af7db234-000b-4091-8b50-7f824c9736a8.jpeg @ https://cdn2.tenchat.ru/_nuxt/fVY6jQV9.js:57
[  215823ms] [WARNING] Destination image width or height more than source
src: https://cdn1.tenchat.ru/static/vbc-gostinder/user-picture/af7db234-000b-4091-8b50-7f824c9736a8.jpeg @ https://cdn2.tenchat.ru/_nuxt/fVY6jQV9.js:57
[  242015ms] [ERROR] Failed to load resource: the server responded with a status of 404 () @ https://tenchat.ru/tenchat-cloudpayments/api/web/auth/premium_order/gifts:0
[  242015ms] [ERROR] Failed to load resource: the server responded with a status of 404 () @ https://tenchat.ru/tenchat-billing/api/web/auth/account/balance:0
[  243240ms] [WARNING] Destination image width or height more than source
src: https://cdn1.tenchat.ru/static/vbc-gostinder/user-picture/eb8e1bc9-cd30-448e-a737-5dee19eceb29.jpeg @ https://cdn2.tenchat.ru/_nuxt/fVY6jQV9.js:57
[  243241ms] [WARNING] Destination image width or height more than source
src: https://cdn1.tenchat.ru/static/vbc-gostinder/user-picture/eb8e1bc9-cd30-448e-a737-5dee19eceb29.jpeg @ https://cdn2.tenchat.ru/_nuxt/fVY6jQV9.js:57
[  243241ms] [WARNING] Destination image width or height more than source
src: https://cdn1.tenchat.ru/static/vbc-gostinder/user-picture/eb8e1bc9-cd30-448e-a737-5dee19eceb29.jpeg @ https://cdn2.tenchat.ru/_nuxt/fVY6jQV9.js:57
[  243241ms] [WARNING] Destination image width or height more than source
src: https://cdn1.tenchat.ru/static/vbc-gostinder/user-picture/eb8e1bc9-cd30-448e-a737-5dee19eceb29.jpeg @ https://cdn2.tenchat.ru/_nuxt/fVY6jQV9.js:57
[  243242ms] [WARNING] Destination image width or height more than source
src: https://cdn1.tenchat.ru/static/vbc-gostinder/user-picture/eb8e1bc9-cd30-448e-a737-5dee19eceb29.jpeg @ https://cdn2.tenchat.ru/_nuxt/fVY6jQV9.js:57
[  243242ms] [WARNING] Destination image width or height more than source
src: https://cdn1.tenchat.ru/static/vbc-gostinder/user-picture/eb8e1bc9-cd30-448e-a737-5dee19eceb29.jpeg @ https://cdn2.tenchat.ru/_nuxt/fVY6jQV9.js:57
[  243242ms] [WARNING] Destination image width or height more than source
src: https://cdn1.tenchat.ru/static/vbc-gostinder/user-picture/eb8e1bc9-cd30-448e-a737-5dee19eceb29.jpeg @ https://cdn2.tenchat.ru/_nuxt/fVY6jQV9.js:57
[  243243ms] [WARNING] Destination image width or height more than source
src: https://cdn1.tenchat.ru/static/vbc-gostinder/user-picture/eb8e1bc9-cd30-448e-a737-5dee19eceb29.jpeg @ https://cdn2.tenchat.ru/_nuxt/fVY6jQV9.js:57
[  243243ms] [WARNING] Destination image width or height more than source
src: https://cdn1.tenchat.ru/static/vbc-gostinder/user-picture/eb8e1bc9-cd30-448e-a737-5dee19eceb29.jpeg @ https://cdn2.tenchat.ru/_nuxt/fVY6jQV9.js:57
[  243243ms] [WARNING] Destination image width or height more than source
src: https://cdn1.tenchat.ru/static/vbc-gostinder/user-picture/eb8e1bc9-cd30-448e-a737-5dee19eceb29.jpeg @ https://cdn2.tenchat.ru/_nuxt/fVY6jQV9.js:57
[  243243ms] [WARNING] Destination image width or height more than source
src: https://cdn1.tenchat.ru/static/vbc-gostinder/user-picture/eb8e1bc9-cd30-448e-a737-5dee19eceb29.jpeg @ https://cdn2.tenchat.ru/_nuxt/fVY6jQV9.js:57
[  243244ms] [WARNING] Destination image width or height more than source
src: https://cdn1.tenchat.ru/static/vbc-gostinder/user-picture/eb8e1bc9-cd30-448e-a737-5dee19eceb29.jpeg @ https://cdn2.tenchat.ru/_nuxt/fVY6jQV9.js:57
[  243244ms] [WARNING] Destination image width or height more than source
src: https://cdn1.tenchat.ru/static/vbc-gostinder/user-picture/eb8e1bc9-cd30-448e-a737-5dee19eceb29.jpeg @ https://cdn2.tenchat.ru/_nuxt/fVY6jQV9.js:57
[  243244ms] [WARNING] Destination image width or height more than source
src: https://cdn1.tenchat.ru/static/vbc-gostinder/user-picture/eb8e1bc9-cd30-448e-a737-5dee19eceb29.jpeg @ https://cdn2.tenchat.ru/_nuxt/fVY6jQV9.js:57
[  243244ms] [WARNING] Destination image width or height more than source
src: https://cdn1.tenchat.ru/static/vbc-gostinder/user-picture/eb8e1bc9-cd30-448e-a737-5dee19eceb29.jpeg @ https://cdn2.tenchat.ru/_nuxt/fVY6jQV9.js:57
[  243245ms] [WARNING] Destination image width or height more than source
src: https://cdn1.tenchat.ru/static/vbc-gostinder/user-picture/eb8e1bc9-cd30-448e-a737-5dee19eceb29.jpeg @ https://cdn2.tenchat.ru/_nuxt/fVY6jQV9.js:57
[  243245ms] [WARNING] Destination image width or height more than source
src: https://cdn1.tenchat.ru/static/vbc-gostinder/user-picture/eb8e1bc9-cd30-448e-a737-5dee19eceb29.jpeg @ https://cdn2.tenchat.ru/_nuxt/fVY6jQV9.js:57
[  243245ms] [WARNING] Destination image width or height more than source
src: https://cdn1.tenchat.ru/static/vbc-gostinder/user-picture/eb8e1bc9-cd30-448e-a737-5dee19eceb29.jpeg @ https://cdn2.tenchat.ru/_nuxt/fVY6jQV9.js:57
[  243245ms] [WARNING] Destination image width or height more than source
src: https://cdn1.tenchat.ru/static/vbc-gostinder/user-picture/eb8e1bc9-cd30-448e-a737-5dee19eceb29.jpeg @ https://cdn2.tenchat.ru/_nuxt/fVY6jQV9.js:57
[  243246ms] [WARNING] Destination image width or height more than source
src: https://cdn1.tenchat.ru/static/vbc-gostinder/user-picture/eb8e1bc9-cd30-448e-a737-5dee19eceb29.jpeg @ https://cdn2.tenchat.ru/_nuxt/fVY6jQV9.js:57
[  243246ms] [WARNING] Destination image width or height more than source
src: https://cdn1.tenchat.ru/static/vbc-gostinder/user-picture/eb8e1bc9-cd30-448e-a737-5dee19eceb29.jpeg @ https://cdn2.tenchat.ru/_nuxt/fVY6jQV9.js:57
[  243246ms] [WARNING] Destination image width or height more than source
src: https://cdn1.tenchat.ru/static/vbc-gostinder/user-picture/eb8e1bc9-cd30-448e-a737-5dee19eceb29.jpeg @ https://cdn2.tenchat.ru/_nuxt/fVY6jQV9.js:57
[  243247ms] [WARNING] Destination image width or height more than source
src: https://cdn1.tenchat.ru/static/vbc-gostinder/user-picture/eb8e1bc9-cd30-448e-a737-5dee19eceb29.jpeg @ https://cdn2.tenchat.ru/_nuxt/fVY6jQV9.js:57
[  243247ms] [WARNING] Destination image width or height more than source
src: https://cdn1.tenchat.ru/static/vbc-gostinder/user-picture/eb8e1bc9-cd30-448e-a737-5dee19eceb29.jpeg @ https://cdn2.tenchat.ru/_nuxt/fVY6jQV9.js:57
[  243247ms] [WARNING] Destination image width or height more than source
src: https://cdn1.tenchat.ru/static/vbc-gostinder/user-picture/eb8e1bc9-cd30-448e-a737-5dee19eceb29.jpeg @ https://cdn2.tenchat.ru/_nuxt/fVY6jQV9.js:57
[  243247ms] [WARNING] Destination image width or height more than source
src: https://cdn1.tenchat.ru/static/vbc-gostinder/user-picture/eb8e1bc9-cd30-448e-a737-5dee19eceb29.jpeg @ https://cdn2.tenchat.ru/_nuxt/fVY6jQV9.js:57
